address;agr_type;Calculation1;id;name;region (test_copies_deleted_6.csv1);sameness;sameness (group);source;type;CounterUnrepeated;lat;lon;original_address;points;refers_to
Заводская ул., 1Д, п. г. т. Залари;Активный туризм;Активный;0;Дельфин;Заларинский;0;1;все_yandex_отфильровано_объединено_нормировано_25_03_2024.csv;бассейн;1;53,569431;102,524252;1;Point;
1-я ул. Лермонтова, 6, Черемхово;Активный туризм;Активный;1;Плавательный бассейн 70 лет Великой Победы;Черемховский;1;1;все_yandex_отфильровано_объединено_нормировано_25_03_2024.csv;бассейн;1;53,137503;103,086272;1;Point;
ул. Промучасток, 7, Свирск;Активный туризм;Активный;2;Бассейн;Черемховский;0;1;все_yandex_отфильровано_объединено_нормировано_25_03_2024.csv;бассейн;1;53,086562;103,35278;1;Point;
Байкальская ул., 253/1;Активный туризм;Активный;3;ВСК Солнечный;Иркутск;0;1;все_yandex_отфильровано_объединено_нормировано_25_03_2024.csv;"спортивный комплекс;бассейн";1;52,256546;104,350145;1;Point;
ул. Чернышевского, 12;Активный туризм;Активный;4;Дворец спорта Изумруд;Иркутск;0;1;все_yandex_отфильровано_объединено_нормировано_25_03_2024.csv;"спортивный комплекс;спортивный;тренажёрный зал;бассейн";1;52,271409;104,256288;1;Point;
Кооперативный пер., 1;Активный туризм;Активный;5;Дворец спорта Юность;Иркутск;1;1;все_yandex_отфильровано_объединено_нормировано_25_03_2024.csv;"спортивный комплекс;спортивная школа;бассейн";1;52,288109;104,284039;1;Point;
Красноказачья ул., 74/1;Активный туризм;Активный;6;Киндерпул;Иркутск;0;1;все_yandex_отфильровано_объединено_нормировано_25_03_2024.csv;бассейн;1;52,26817;104,326655;1;Point;
ул. Авиастроителей, 4А/1;Активный туризм;Активный;7;Кристалл;Иркутск;1;1;все_yandex_отфильровано_объединено_нормировано_25_03_2024.csv;бассейн;1;52,350989;104,22646;1;Point;
18-й Советский пер., 5;Активный туризм;Активный;8;Спартак;Иркутск;0;1;все_yandex_отфильровано_объединено_нормировано_25_03_2024.csv;"бассейн;оздоровительный центр";1;52,34805;104,169297;1;Point;
бул. Рябикова, 48;Активный туризм;Активный;9;Лидер;Иркутск;0;1;все_yandex_отфильровано_объединено_нормировано_25_03_2024.csv;"спортивная школа;спортивный комплекс;спортивный клуб;секция;бассейн";1;52,258613;104,211907;1;Point;
Байкальская ул., 267В;Активный туризм;Активный;10;Бассейн;Иркутск;0;1;все_yandex_отфильровано_объединено_нормировано_25_03_2024.csv;"бассейн;спортивный клуб;секция";1;52,255703;104,362168;1;Point;
Советская ул., 58/1;Активный туризм;Активный;11;XFit;Иркутск;0;1;все_yandex_отфильровано_объединено_нормировано_25_03_2024.csv;"фитнес-клуб;бассейн";1;52,275824;104,304594;1;Point;
Байкальская ул., 202/13;Активный туризм;Активный;12;Аквапузики.рф;Иркутск;0;1;все_yandex_отфильровано_объединено_нормировано_25_03_2024.csv;бассейн;1;52,25541;104,32252;1;Point;
Советская ул., 109/1;Активный туризм;Активный;13;Ion Fitness Club;Иркутск;1;1;все_yandex_отфильровано_объединено_нормировано_25_03_2024.csv;"фитнес-клуб;спортивный;тренажёрный зал;бассейн";1;52,280313;104,340438;1;Point;
2-я Железнодорожная ул., 15А;Активный туризм;Активный;14;Ныряем;Иркутск;0;1;все_yandex_отфильровано_объединено_нормировано_25_03_2024.csv;бассейн;1;52,290228;104,246067;1;Point;
Красноказачья ул., 16;Активный туризм;Активный;15;Граfit;Иркутск;0;1;все_yandex_отфильровано_объединено_нормировано_25_03_2024.csv;"фитнес-клуб;бассейн;массажный салон";1;52,281468;104,318011;1;Point;
ул. Кожова, 10;Активный туризм;Активный;16;Весна;Иркутск;0;1;все_yandex_отфильровано_объединено_нормировано_25_03_2024.csv;"фитнес-клуб;спортивный;тренажёрный зал;бассейн";1;52,270834;104,28606;1;Point;
ул. Боткина, 1А;Активный туризм;Активный;17;Звездочка;Иркутск;0;1;все_yandex_отфильровано_объединено_нормировано_25_03_2024.csv;"бассейн;соляная пещера";1;52,289125;104,24742;1;Point;
12, микрорайон Радужный;Лечебно-оздоровительный туризм;Лечебно-оздоровительный;18;Аквабебипузики;Иркутск;0;1;все_yandex_отфильровано_объединено_нормировано_25_03_2024.csv;"оздоровительный центр;бассейн";1;52,231583;104,280867;1;Point;
пр. Юрия Тена, 18;Активный туризм;Активный;19;Нерпёнок;Иркутск;0;1;все_yandex_отфильровано_объединено_нормировано_25_03_2024.csv;"бассейн;спортивный клуб;секция";1;52,253036;104,259347;1;Point;
ул. Пискунова, 148;Активный туризм;Активный;20;Осьминожка;Иркутск;0;1;все_yandex_отфильровано_объединено_нормировано_25_03_2024.csv;бассейн;1;52,268895;104,336806;1;Point;
Депутатская ул., 42;Активный туризм;Активный;21;Аквабебипузики;Иркутск;0;1;все_yandex_отфильровано_объединено_нормировано_25_03_2024.csv;"бассейн;оздоровительный центр";1;52,272851;104,320585;1;Point;
Байкальская ул., 319;Активный туризм;Активный;22;Тукан;Иркутск;0;1;все_yandex_отфильровано_объединено_нормировано_25_03_2024.csv;бассейн;1;52,257634;104,364394;1;Point;
ул. Афанасьева, 1/4, микрорайон Первомайский;Активный туризм;Активный;23;Аквакарапузики;Иркутск;0;1;все_yandex_отфильровано_объединено_нормировано_25_03_2024.csv;"бассейн;спа-салон";1;52,259111;104,237264;1;Point;
24, микрорайон Берёзовый, рабочий посёлок Маркова;Активный туризм;Активный;24;Маленькая Осьминожка;Иркутский;0;1;все_yandex_отфильровано_объединено_нормировано_25_03_2024.csv;бассейн;1;52,224897;104,251016;1;Point;
пр. Юрия Тена, 12/3;Активный туризм;Активный;25;Pro Плавание;Иркутск;0;1;все_yandex_отфильровано_объединено_нормировано_25_03_2024.csv;бассейн;1;52,252183;104,257306;1;Point;
ул. Ядринцева, 1/8;Активный туризм;Активный;26;На волне;Иркутск;0;1;все_yandex_отфильровано_объединено_нормировано_25_03_2024.csv;бассейн;1;52,278848;104,33597;1;Point;
ул. Александра Невского, 97/1;Активный туризм;Активный;27;Бэби пул;Иркутск;0;1;все_yandex_отфильровано_объединено_нормировано_25_03_2024.csv;бассейн;1;52,268277;104,315372;1;Point;
просп. Маршала Жукова, 13/2;Активный туризм;Активный;28;World Class;Иркутск;0;1;все_yandex_отфильровано_объединено_нормировано_25_03_2024.csv;"фитнес-клуб;спортивный;тренажёрный зал;бассейн";1;52,248265;104,358158;1;Point;
ул. Клары Цеткин, 16;Лечебно-оздоровительный туризм;Лечебно-оздоровительный;29;Морская черепашка;Иркутск;0;1;все_yandex_отфильровано_объединено_нормировано_25_03_2024.csv;"оздоровительный центр;бассейн";1;52,277401;104,252839;1;Point;
Верхняя наб., 167/2;Активный туризм;Активный;30;Бонифаций;Иркутск;0;1;все_yandex_отфильровано_объединено_нормировано_25_03_2024.csv;бассейн;1;52,250415;104,332349;1;Point;
Пулковский пер., 24/2;Активный туризм;Активный;31;Маячок;Иркутск;0;1;все_yandex_отфильровано_объединено_нормировано_25_03_2024.csv;"бассейн;фитнес-клуб;центр развития ребёнка";1;52,352272;104,221081;1;Point;
ул. Маршала Говорова, 5А;Активный туризм;Активный;32;Капелька;Иркутск;0;1;все_yandex_отфильровано_объединено_нормировано_25_03_2024.csv;"бассейн;центр развития ребёнка";1;52,339803;104,226627;1;Point;
просп. Маршала Жукова, 36А/4;Активный туризм;Активный;33;River Club Крылья;Иркутск;0;1;все_yandex_отфильровано_объединено_нормировано_25_03_2024.csv;бассейн;1;52,250726;104,346454;1;Point;
Красноказачья ул., 16;Активный туризм;Активный;34;Baby Clubik;Иркутск;0;1;все_yandex_отфильровано_объединено_нормировано_25_03_2024.csv;бассейн;1;52,281429;104,318093;1;Point;
ул. Ворошилова, 2А, Ангарск;Активный туризм;Активный;35;Ангара;Ангарский;1;1;все_yandex_отфильровано_объединено_нормировано_25_03_2024.csv;"спортивная школа;спортивный;тренажёрный зал;стадион;каток;бассейн;дополнительное образование";1;52,540191;103,874994;1;Point;
33, 215-й квартал, Ангарск;Активный туризм;Активный;36;World Class;Ангарский;0;1;все_yandex_отфильровано_объединено_нормировано_25_03_2024.csv;"фитнес-клуб;бассейн;учебный центр";1;52,498131;103,839888;1;Point;
6, 206-й квартал, Ангарск;Активный туризм;Активный;37;Аквамир;Ангарский;0;1;все_yandex_отфильровано_объединено_нормировано_25_03_2024.csv;"бассейн;спортивный клуб;секция";1;52,504269;103,830956;1;Point;
Иркутская область, Ангарск, парк профилактория Родник;Активный туризм;Активный;38;Оздоровительный комплекс;Ангарский;0;1;все_yandex_отфильровано_объединено_нормировано_25_03_2024.csv;бассейн;1;52,523909;103,873366;1;Point;
2/1, 71-й квартал, Ангарск;Активный туризм;Активный;39;Бассейн Ангара;Ангарский;0;1;все_yandex_отфильровано_объединено_нормировано_25_03_2024.csv;"бассейн;спортивное объединение";1;52,539391;103,877187;1;Point;
Иркутская область, Ангарск, парк профилактория Родник;Активный туризм;Активный;40;Бассейн;Ангарский;0;1;все_yandex_отфильровано_объединено_нормировано_25_03_2024.csv;бассейн;1;52,524031;103,873294;1;Point;
Иркутская область, Ангарское городское муниципальное образование;Активный туризм;Активный;41;Бассейн;Ангарский;0;1;все_yandex_отфильровано_объединено_нормировано_25_03_2024.csv;бассейн;1;52,44107;103,742596;1;Point;
Иркутская область, Ангарский городской округ;Активный туризм;Активный;42;Бассейн;Ангарский;0;1;все_yandex_отфильровано_объединено_нормировано_25_03_2024.csv;бассейн;1;52,442973;103,750243;1;Point;
Восточная ул., 21, Ангарск;Активный туризм;Активный;43;Самсара;Ангарский;0;1;все_yandex_отфильровано_объединено_нормировано_25_03_2024.csv;"спа-салон;бассейн;массажный салон";1;52,553412;103,890307;1;Point;
16, 19-й микрорайон, Ангарск;Активный туризм;Активный;44;Бассейн;Ангарский;0;1;все_yandex_отфильровано_объединено_нормировано_25_03_2024.csv;бассейн;1;52,506074;103,848305;1;Point;
100, 20-й квартал, Шелехов;Активный туризм;Активный;45;МАУ Оздоровительный центр;Шелеховский;0;1;все_yandex_отфильровано_объединено_нормировано_25_03_2024.csv;"аквапарк;спортивный;тренажёрный зал;бассейн";1;52,215606;104,096092;1;Point;
Центральный просп., 4, Шелехов;Активный туризм;Активный;46;Лазурный;Шелеховский;1;1;все_yandex_отфильровано_объединено_нормировано_25_03_2024.csv;бассейн;1;52,209789;104,077549;1;Point;
Иркутская область, городской округ Усолье-Сибирское;Активный туризм;Активный;47;Бассейн Дельфин;не обнаружено;0;1;все_yandex_отфильровано_объединено_нормировано_25_03_2024.csv;бассейн;1;52,781584;103,62774;1;Point;
Фестивальный пр., 1А, Усолье-Сибирское;Активный туризм;Активный;48;Физкультурно-оздоровительный комплекс Чайка;не обнаружено;0;1;все_yandex_отфильровано_объединено_нормировано_25_03_2024.csv;бассейн;1;52,758417;103,642988;1;Point;
Комсомольский просп., 105, Усолье-Сибирское;Активный туризм;Активный;49;Нептун;не обнаружено;1;1;все_yandex_отфильровано_объединено_нормировано_25_03_2024.csv;"бассейн;спортивный;тренажёрный зал;спа-салон";1;52,736676;103,661786;1;Point;
41А, микрорайон Университетский;Активный туризм;Активный;50;World Class Lite;Иркутск;0;1;все_yandex_отфильровано_объединено_нормировано_25_03_2024.csv;"фитнес-клуб;спортивный;тренажёрный зал;бассейн";1;52,255333;104,249279;1;Point;
Деповский пер., 7;Активный туризм;Активный;51;Бассейн;Иркутск;0;1;все_yandex_отфильровано_объединено_нормировано_25_03_2024.csv;бассейн;1;52,337871;104,202471;1;Point;
Байкальская ул., 319;Активный туризм;Активный;52;Tocan;Иркутск;0;1;все_yandex_отфильровано_объединено_нормировано_25_03_2024.csv;бассейн;1;52,257655;104,364467;1;Point;
ул. Дыбовского, 8/9;Лечебно-оздоровительный туризм;Лечебно-оздоровительный;53;Посейдония;Иркутск;0;1;все_yandex_отфильровано_объединено_нормировано_25_03_2024.csv;"оздоровительный центр;бассейн;медицинская реабилитация";1;52,259955;104,354584;1;Point;
ул. Розы Люксембург, 215В;Активный туризм;Активный;54;Центр материнства и детства;Иркутск;0;1;все_yandex_отфильровано_объединено_нормировано_25_03_2024.csv;"бассейн;центр развития ребёнка";1;52,349015;104,17845;1;Point;
Байкальская ул., 253/1;Активный туризм;Активный;55;Осознанное Плавание;Иркутск;1;1;все_yandex_отфильровано_объединено_нормировано_25_03_2024.csv;"спортивный клуб;секция;бассейн;тренинги";1;52,256546;104,350145;1;Point;
28, корп. 1, микрорайон Зелёный;Активный туризм;Активный;56;Бассейн;Иркутск;0;1;все_yandex_отфильровано_объединено_нормировано_25_03_2024.csv;бассейн;1;52,33079;104,36624;1;Point;
Байкальская ул., 253/1;Активный туризм;Активный;57;Федерация синхронного плавания Иркутской области, школа синхронного плавания Олимпийская волна;Иркутск;1;1;все_yandex_отфильровано_объединено_нормировано_25_03_2024.csv;"спортивный клуб;секция;бассейн;центр развития ребёнка";1;52,256546;104,350145;1;Point;
ул. Розы Люксембург, 215В;Активный туризм;Активный;58;Выше неба;Иркутск;0;1;все_yandex_отфильровано_объединено_нормировано_25_03_2024.csv;бассейн;1;52,349284;104,178502;1;Point;
Байкальская ул., 253/1;Активный туризм;Активный;59;Волна;Иркутск;2;0;все_yandex_отфильровано_объединено_нормировано_25_03_2024.csv;"спортивная школа;спортивный клуб;секция;бассейн";0;52,256546;104,350145;1;Point;55
ул. Летописца Нита Романова, 9;Активный туризм;Активный;60;Капитошка;Иркутск;0;1;все_yandex_отфильровано_объединено_нормировано_25_03_2024.csv;бассейн;1;52,350465;104,145994;1;Point;
26, Олимпийский микрорайон, Саянск;Лечебно-оздоровительный туризм;Лечебно-оздоровительный;61;Вок Бодрость;Саянск;0;1;все_yandex_отфильровано_объединено_нормировано_25_03_2024.csv;"оздоровительный центр;бассейн";1;54,112374;102,179854;1;Point;
Железнодорожная ул., 2А, Бодайбо;Активный туризм;Активный;62;Бассейн;Бодайбинский;0;1;все_yandex_отфильровано_объединено_нормировано_25_03_2024.csv;бассейн;1;57,852951;114,215667;1;Point;
4, микрорайон Радужный;Активный туризм;Активный;63;Roman's Gym;Иркутск;0;1;все_yandex_отфильровано_объединено_нормировано_25_03_2024.csv;"фитнес-клуб;спортивный клуб;секция;бассейн";1;52,23196;104,280412;1;Point;
Байкальская ул., 253/1;Активный туризм;Активный;64;Школа плавания Павла Мутина;Иркутск;2;0;все_yandex_отфильровано_объединено_нормировано_25_03_2024.csv;"школа плавания;спортивный клуб;секция;бассейн";0;52,256678;104,350639;1;Point;57
Сиреневая ул., 1, село Хомутово;Активный туризм;Активный;65;Развивающий центр Радуга;Иркутский;0;1;все_yandex_отфильровано_объединено_нормировано_25_03_2024.csv;"бассейн;фитнес-клуб;центр развития ребёнка";1;52,474324;104,329192;1;Point;
Байкальская ул., 253/1;Активный туризм;Активный;66;Баттерфляй;Иркутск;0;1;все_yandex_отфильровано_объединено_нормировано_25_03_2024.csv;"спортивный комплекс;спортивный клуб;секция;бассейн";1;52,256546;104,350145;1;Point;
ул. Чернышевского, 12;Активный туризм;Активный;67;Федерация синхронного плавания Иркутской области;Иркутск;0;1;все_yandex_отфильровано_объединено_нормировано_25_03_2024.csv;"спортивный клуб;секция;спортивная школа;бассейн";1;52,271582;104,256226;1;Point;
Байкальская ул., 267В;Активный туризм;Активный;68;Atmos;Иркутск;0;1;все_yandex_отфильровано_объединено_нормировано_25_03_2024.csv;"бассейн;спортивная школа";1;52,255565;104,361967;1;Point;
Иркутский район, Байкальский тракт, 10-й километр, 11Б;Активный туризм;Активный;69;Бассейны;Иркутский;0;1;все_yandex_отфильровано_объединено_нормировано_25_03_2024.csv;бассейн;1;52,25006;104,41285;1;Point;
Молодёжный пер., 1А, посёлок Молодёжный;Активный туризм;Активный;70;Лёвушка;Иркутский;0;1;все_yandex_отфильровано_объединено_нормировано_25_03_2024.csv;"бассейн;центр развития ребёнка";1;52,230246;104,41131;1;Point;
Солнечная ул., 4, жилой район Энергетик, Братск;Активный туризм;Активный;71;Спортивный комплекс Солнечный;Братск;0;1;все_yandex_отфильровано_объединено_нормировано_25_03_2024.csv;"спортивный клуб;секция;бассейн";1;56,305355;101,759624;1;Point;
Пионерская ул., 15, Братск;Активный туризм;Активный;72;Родные ладони;Братск;0;1;все_yandex_отфильровано_объединено_нормировано_25_03_2024.csv;"бассейн;оздоровительный центр";1;56,147886;101,624092;1;Point;
ул. Ленина, 37, Вихоревка;Активный туризм;Активный;73;Детско-юношеская спортивная школа;Братский;0;1;все_yandex_отфильровано_объединено_нормировано_25_03_2024.csv;"спортивная школа;бассейн;дополнительное образование";1;56,131492;101,176406;1;Point;
ул. Ленина, 37, Вихоревка;Активный туризм;Активный;74;Таёжный;Братский;0;1;все_yandex_отфильровано_объединено_нормировано_25_03_2024.csv;"спортивный комплекс;бассейн";1;56,131146;101,176343;1;Point;
Олимпийская ул., 3, жилой район Энергетик, Братск;Активный туризм;Активный;75;Пузырьки;Братск;0;1;все_yandex_отфильровано_объединено_нормировано_25_03_2024.csv;"бассейн;спортивный клуб;секция";1;56,311336;101,739048;1;Point;
ул. Урицкого, 13А, Тулун;Активный туризм;Активный;76;Дельфин;Тулун;0;1;все_yandex_отфильровано_объединено_нормировано_25_03_2024.csv;бассейн;1;54,561069;100,57649;1;Point;
32, микрорайон Юбилейный, Саянск;Активный туризм;Активный;77;МФСУ Центр физической подготовки Мегаполис-спорт, плавательный бассейн Дельфин;Саянск;0;1;все_yandex_отфильровано_объединено_нормировано_25_03_2024.csv;бассейн;1;54,10853;102,160084;1;Point;
16, Центральный микрорайон, Саянск;Активный туризм;Активный;78;Муниципальное образовательное учреждение дополнительного образования Детско-юношеская спортивная школа муниципального образования Плавательный бассейн Золотая рыбка;Саянск;0;1;все_yandex_отфильровано_объединено_нормировано_25_03_2024.csv;бассейн;1;54,115387;102,160054;1;Point;
Иркутская область, городской округ Братск;Активный туризм;Активный;79;Бассейн Чайка;Братск;0;1;все_yandex_отфильровано_объединено_нормировано_25_03_2024.csv;бассейн;1;56,167127;101,693606;1;Point;
Партизанская ул., 46, п. г. т. Жигалово;Активный туризм;Активный;80;МКОУ ДО ДЮСШ Сила Сибири;Жигаловский;0;1;все_yandex_отфильровано_объединено_нормировано_25_03_2024.csv;"спортивная школа;спортплощадка";1;54,812266;105,158683;1;Point;
Советская ул., 109/1;Активный туризм;Активный;81;Ion SPA Center;Иркутск;2;0;все_yandex_отфильровано_объединено_нормировано_25_03_2024.csv;"спа-салон;соляная пещера;косметология;бассейн;оздоровительный центр";0;52,280257;104,340341;1;Point;13
Кооперативный пер., 1;Активный туризм;Активный;82;Федерация синхронного плавания Иркутской области;Иркутск;0;1;все_yandex_отфильровано_объединено_нормировано_25_03_2024.csv;"спортивный клуб;секция;спортивная школа;бассейн";1;52,288034;104,284271;1;Point;
Иркутская область, Качугский район, село Манзурка;Активный туризм;Активный;83;Манзурка;Качугский;0;1;все_yandex_отфильровано_объединено_нормировано_25_03_2024.csv;спортивный комплекс;1;53,484434;106,065259;1;Point;
Школьная ул., 28, село Анга;Культурно-познавательный туризм;Культурно-познавательный;84;Культурно-просветительский центр имени святителя Иннокентия Иркутского областного краеведческого музея;Качугский;0;1;все_yandex_отфильровано_объединено_нормировано_25_03_2024.csv;"культурный центр;музей";1;53,978959;106,194979;1;Point;
12А, 6-й квартал, Железногорск-Илимский;Активный туризм;Активный;85;Дельфин;Нижнеилимский;1;1;все_yandex_отфильровано_объединено_нормировано_25_03_2024.csv;бассейн;1;56,583596;104,119071;1;Point;
ул. Георгия Димитрова, 10А, Усть-Илимск;Активный туризм;Активный;86;Бассейн Дельфин;Усть-Илимский;0;1;все_yandex_отфильровано_объединено_нормировано_25_03_2024.csv;"спортивный комплекс;бассейн;спортивно-развлекательный центр;оздоровительный центр";1;57,950289;102,740343;1;Point;
ул. Наймушина, 9А, Усть-Илимск;Активный туризм;Активный;87;Ocean Drive;Усть-Илимский;1;1;все_yandex_отфильровано_объединено_нормировано_25_03_2024.csv;"аквапарк;соляная пещера;бассейн";1;57,990076;102,654885;1;Point;
ул. Мечтателей, 44, Усть-Илимск;Активный туризм;Активный;88;Бассейн;Усть-Илимский;0;1;все_yandex_отфильровано_объединено_нормировано_25_03_2024.csv;бассейн;1;57,955696;102,731891;1;Point;
Иркутская область, Нижнеудинск;Активный туризм;Активный;89;Бассейн;Нижнеудинский;0;1;все_yandex_отфильровано_объединено_нормировано_25_03_2024.csv;бассейн;1;54,877897;99,027828;1;Point;
;Активный туризм;Активный;90;Универсальный Спортивный комплекс Байкал-спорт;Ольхонский;0;1;все_yandex_отфильровано_объединено_нормировано_25_03_2024.csv;"спортивный комплекс;стадион";1;52,797575;106,398663;1;Point;
211, микрорайон Гагарина, Байкальск;Активный туризм;Активный;91;Бассейн;Слюдянский;0;1;все_yandex_отфильровано_объединено_нормировано_25_03_2024.csv;бассейн;1;51,524079;104,147626;1;Point;
Иркутская область, Слюдянский район;Активный туризм;Активный;92;Бассейн;Слюдянский;0;1;все_yandex_отфильровано_объединено_нормировано_25_03_2024.csv;бассейн;1;51,751124;103,984656;1;Point;
Иркутский район, Большереченское муниципальное образование;Активный туризм;Активный;93;Бассейн;Иркутский;0;1;все_yandex_отфильровано_объединено_нормировано_25_03_2024.csv;бассейн;1;52,028131;104,636096;1;Point;
Иркутская область, Тайшетский район, Бирюсинск;Активный туризм;Активный;94;Бассейн;Тайшетский;1;1;все_yandex_отфильровано_объединено_нормировано_25_03_2024.csv;бассейн;1;55,96275;97,816502;1;Point;
ул. Мира, 4, Тайшет;Активный туризм;Активный;95;Бассейн;Тайшетский;0;1;все_yandex_отфильровано_объединено_нормировано_25_03_2024.csv;бассейн;1;55,93299;98,044766;1;Point;
20, микрорайон Новый, Тайшет;Активный туризм;Активный;96;Бассейн;Тайшетский;0;1;все_yandex_отфильровано_объединено_нормировано_25_03_2024.csv;бассейн;1;55,940008;98,030682;1;Point;
ул. Речников, 1, Усть-Кут;Активный туризм;Активный;97;Нептун;Усть-Кутский;1;1;все_yandex_отфильровано_объединено_нормировано_25_03_2024.csv;бассейн;1;56,794268;105,77618;1;Point;
ул. Кирова, 20А, Усть-Кут;Активный туризм;Активный;98;Волна;Усть-Кутский;0;1;все_yandex_отфильровано_объединено_нормировано_25_03_2024.csv;бассейн;1;56,777464;105,731773;1;Point;
ул. Речников, 1, Усть-Кут;Активный туризм;Активный;99;Нептун;Усть-Кутский;2;0;все_yandex_отфильровано_объединено_нормировано_25_03_2024.csv;бассейн;0;56,794322;105,776194;1;Point;97
Иркутская область, Чунский район, посёлок городского типа Октябрьский;Активный туризм;Активный;100;Факел;Чунский;0;1;все_yandex_отфильровано_объединено_нормировано_25_03_2024.csv;спортивный комплекс;1;56,078164;99,428188;1;Point;
Иркутская область, Чунский район, рабочий поселок Чунский;Активный туризм;Активный;101;Чемпион;Чунский;0;1;все_yandex_отфильровано_объединено_нормировано_25_03_2024.csv;спортивный комплекс;1;56,085972;99,665548;1;Point;
ул. Карла Маркса, 41/14, Ангарск;Культурно-познавательный туризм;Культурно-познавательный;102;Художественный центр города Ангарска;Ангарский;1;1;все_yandex_отфильровано_объединено_нормировано_25_03_2024.csv;"выставочный центр;организация и обслуживание выставок;художественный салон";1;52,538121;103,892234;1;Point;
ул. Карла Маркса, 29/13, Ангарск;Культурно-познавательный туризм;Культурно-познавательный;103;Нуга бест;Ангарский;0;1;все_yandex_отфильровано_объединено_нормировано_25_03_2024.csv;выставочный центр;1;52,542985;103,889373;1;Point;
9, 59-й квартал, Ангарск;Культурно-познавательный туризм;Культурно-познавательный;104;Художественный центр;Ангарский;0;1;все_yandex_отфильровано_объединено_нормировано_25_03_2024.csv;"художественная мастерская;выставочный центр";1;52,547699;103,884679;1;Point;
Иркутская область, Ангарск, улица Коминтерна;Культурно-познавательный туризм;Культурно-познавательный;105;Школа Искусств № 3;Ангарский;0;1;все_yandex_отфильровано_объединено_нормировано_25_03_2024.csv;выставочный центр;1;52,517892;103,873328;1;Point;
ул. Сергеева, 3, стр. 4;Культурно-познавательный туризм;Культурно-познавательный;106;Че Гевара;Иркутск;0;1;все_yandex_отфильровано_объединено_нормировано_25_03_2024.csv;выставочный центр;1;52,265895;104,233039;1;Point;
ул. Октябрьской Революции, 3;Культурно-познавательный туризм;Культурно-познавательный;107;Галерея Виктора Бронштейна;Иркутск;1;1;все_yandex_отфильровано_объединено_нормировано_25_03_2024.csv;"музей;организация и обслуживание выставок;выставочный центр";1;52,290221;104,302393;1;Point;
ул. Степана Разина, 6;Культурно-познавательный туризм;Культурно-познавательный;108;Нуга бест;Иркутск;0;1;все_yandex_отфильровано_объединено_нормировано_25_03_2024.csv;выставочный центр;1;52,28608;104,271898;1;Point;
ул. Кирова, 7А, село Хомутово;Культурно-познавательный туризм;Культурно-познавательный;109;Выставочная краеведческая экспозиция;Иркутский;0;1;все_yandex_отфильровано_объединено_нормировано_25_03_2024.csv;"выставочный центр;достопримечательность";1;52,466272;104,40278;1;Point;
Комсомольская ул., 77, Братск;Культурно-познавательный туризм;Культурно-познавательный;110;Братский Городской Объединенный Музей Истории Освоения Ангары;Братск;1;1;все_yandex_отфильровано_объединено_нормировано_25_03_2024.csv;"музей;выставочный центр";1;56,167343;101,619035;1;Point;
ул. Гиндина, 6, жилой район Энергетик, Братск;Культурно-познавательный туризм;Культурно-познавательный;111;МегоЛего;Братск;0;1;все_yandex_отфильровано_объединено_нормировано_25_03_2024.csv;"выставочный центр;игровая комната";1;56,313983;101,751022;1;Point;
Байкальская ул., 253А;Культурно-познавательный туризм;Культурно-познавательный;112;Сибэкспоцентр;Иркутск;0;1;все_yandex_отфильровано_объединено_нормировано_25_03_2024.csv;"выставочный центр;организация и обслуживание выставок";1;52,25643;104,353625;1;Point;
65, микрорайон Юбилейный, Саянск;Культурно-познавательный туризм;Культурно-познавательный;113;Выставочный зал отдела культуры;Саянск;1;1;все_yandex_отфильровано_объединено_нормировано_25_03_2024.csv;"музей;выставочный центр";1;54,102018;102,155745;1;Point;
Советская ул., 14, Тулун;Культурно-познавательный туризм;Культурно-познавательный;114;Краеведческий музей;Тулун;1;1;все_yandex_отфильровано_объединено_нормировано_25_03_2024.csv;"музей;выставочный центр";1;54,55676;100,57396;1;Point;
ул. Бабушкина, 1;Культурно-познавательный туризм;Культурно-познавательный;115;Галерея ЛеАрт;Иркутск;1;1;все_yandex_отфильровано_объединено_нормировано_25_03_2024.csv;"организация и обслуживание выставок;выставочный центр";1;52,289113;104,294472;1;Point;
ул. Седова, 40;Культурно-познавательный туризм;Культурно-познавательный;116;Dias;Иркутск;1;1;все_yandex_отфильровано_объединено_нормировано_25_03_2024.csv;"выставочный центр;художественный салон";1;52,273268;104,292078;1;Point;
ул. Карла Маркса, 23;Культурно-познавательный туризм;Культурно-познавательный;117;Иркутский областной художественный музей имени В. П. Сукачева, Отдел сибирского искусства;Иркутск;1;1;все_yandex_отфильровано_объединено_нормировано_25_03_2024.csv;"музей;выставочный центр";1;52,284293;104,287374;1;Point;
ул. Чапаева, 76, поселок Листвянка;Культурно-познавательный туризм;Культурно-познавательный;118;Картинная галерея Art Gallery имени В.Ю. Пламеневского;Иркутский;1;1;все_yandex_отфильровано_объединено_нормировано_25_03_2024.csv;"музей;выставочный центр";1;51,857585;104,876938;1;Point;
ул. Халтурина, 3;Культурно-познавательный туризм;Культурно-познавательный;119;Городской выставочный центр имени В. С. Рогаля;Иркутск;1;1;все_yandex_отфильровано_объединено_нормировано_25_03_2024.csv;"выставочный центр;музей";1;52,289413;104,287338;1;Point;
ул. Лермонтова, 281/3;Культурно-познавательный туризм;Культурно-познавательный;120;Хочусвойпринт;Иркутск;0;1;все_yandex_отфильровано_объединено_нормировано_25_03_2024.csv;"магазин подарков и сувениров;художественная мастерская;выставочный центр";1;52,247314;104,271168;1;Point;
ул. Карла Маркса, 2;Культурно-познавательный туризм;Культурно-познавательный;121;Иркутский областной краеведческий музей им. Н. Н. Муравьева-Амурского Отдел истории;Иркутск;1;1;все_yandex_отфильровано_объединено_нормировано_25_03_2024.csv;"музей;выставочный центр";1;52,27574;104,278115;1;Point;
ул. Ширямова, 38/4;Культурно-познавательный туризм;Культурно-познавательный;122;Музей имени дважды героя СССР Белобородова А.П.;Иркутск;0;1;все_yandex_отфильровано_объединено_нормировано_25_03_2024.csv;"музей;конференц-зал;выставочный центр;концертный зал";1;52,264031;104,346525;1;Point;
Култукская ул., 46;Культурно-познавательный туризм;Культурно-познавательный;123;Музей лекарственных трав и минералов;Иркутск;1;1;все_yandex_отфильровано_объединено_нормировано_25_03_2024.csv;"музей;выставочный центр";1;52,284163;104,330243;1;Point;
Иркутская область, Качугский район, деревня Чанчур;Культурно-познавательный туризм;Культурно-познавательный;124;Краеведческая выставка Уголок охотника;Качугский;0;1;все_yandex_отфильровано_объединено_нормировано_25_03_2024.csv;выставочный центр;1;53,824552;106,991004;1;Point;
Советская ул., 27А, п. г. т. Мама;Культурно-познавательный туризм;Культурно-познавательный;125;Краеведческий музей Мамско-Чуйского района;Мамско-Чуйский;1;1;все_yandex_отфильровано_объединено_нормировано_25_03_2024.csv;музей;1;58,309676;112,908523;1;Point;
просп. Мира, 5, Усть-Илимск;Культурно-познавательный туризм;Культурно-познавательный;126;Усть-Илимская картинная галерея;Усть-Илимский;1;1;все_yandex_отфильровано_объединено_нормировано_25_03_2024.csv;выставочный центр;1;57,955735;102,73876;1;Point;
Академическая ул., 1, рабочий посёлок Листвянка;Культурно-познавательный туризм;Культурно-познавательный;127;Байкальский музей;Иркутский;1;1;все_yandex_отфильровано_объединено_нормировано_25_03_2024.csv;"музей;выставочный центр";1;51,867947;104,832634;1;Point;
211, микрорайон Гагарина, Байкальск;Культурно-познавательный туризм;Культурно-познавательный;128;Музей Природы Южного Прибайкалья;Слюдянский;0;1;все_yandex_отфильровано_объединено_нормировано_25_03_2024.csv;музей;1;51,524497;104,148088;1;Point;
ул. Калинина, 1, Бирюсинск;Культурно-познавательный туризм;Культурно-познавательный;129;Бирюсинский краеведческий музей;Тайшетский;1;1;все_yandex_отфильровано_объединено_нормировано_25_03_2024.csv;музей;1;55,962329;97,817697;1;Point;
Иркутская область, Тайшетский район, село Николаевка;Развлекательный туризм;Развлекательный;130;Дом культуры;Тайшетский;0;1;все_yandex_отфильровано_объединено_нормировано_25_03_2024.csv;развлекательный центр;1;55,79242;98,172819;1;Point;
Карьерная ул., 41А, д. Олха;Активный туризм;Активный;131;Олха;Шелеховский;0;1;все_yandex_отфильровано_объединено_нормировано_25_03_2024.csv;"горнолыжная школа;горнолыжный комплекс";1;52,156789;104,100335;1;Point;
24А, 4-й квартал, Шелехов;Культурно-познавательный туризм;Культурно-познавательный;132;Выставочный зал музея Г. И. Шелехова;Шелеховский;0;1;все_yandex_отфильровано_объединено_нормировано_25_03_2024.csv;музей;1;52,21263;104,095474;1;Point;
1, 4-й микрорайон, Шелехов;Культурно-познавательный туризм;Культурно-познавательный;133;Дом кукол и картин;Шелеховский;0;1;все_yandex_отфильровано_объединено_нормировано_25_03_2024.csv;"выставочный центр;клуб для детей и подростков;курсы и мастер-классы";1;52,210981;104,065369;1;Point;
39А, 18-й квартал, Шелехов;Культурно-познавательный туризм;Культурно-познавательный;134;Музей Г. И. Шелехова;Шелеховский;1;1;все_yandex_отфильровано_объединено_нормировано_25_03_2024.csv;музей;1;52,214188;104,082035;1;Point;
ул. 3 Июля, 17А;Культурно-познавательный туризм;Культурно-познавательный;135;Ремесленное подворье;Иркутск;1;1;все_yandex_отфильровано_объединено_нормировано_25_03_2024.csv;"курсы и мастер-классы;выставочный центр";1;52,274218;104,288387;1;Point;
ул. Карла Маркса, 38;Культурно-познавательный туризм;Культурно-познавательный;136;Иркутское региональное отделение всероссийской творческой общественной организации художников России;Иркутск;0;1;все_yandex_отфильровано_объединено_нормировано_25_03_2024.csv;"творческий коллектив;выставочный центр";1;52,290093;104,295442;1;Point;
ул. Декабрьских Событий, 55;Активный туризм;Активный;137;Свал;Иркутск;0;1;все_yandex_отфильровано_объединено_нормировано_25_03_2024.csv;"дайвинг;товары для подводного плавания";1;52,288009;104,3005;1;Point;
Красноказачья ул., 85;Активный туризм;Активный;138;БайкалТек;Иркутск;0;1;все_yandex_отфильровано_объединено_нормировано_25_03_2024.csv;"дайвинг;экскурсии;аренда теплоходов";1;52,275371;104,324695;1;Point;
ул. Суворова, 1А, рабочий посёлок Листвянка;Активный туризм;Активный;139;Байкал Фартовый;Иркутский;0;1;все_yandex_отфильровано_объединено_нормировано_25_03_2024.csv;дайвинг;1;51,865104;104,844366;1;Point;
Байкальская ул., 236;Культурно-познавательный туризм;Культурно-познавательный;140;Бэста;Иркутск;0;1;все_yandex_отфильровано_объединено_нормировано_25_03_2024.csv;"зооцентр;клуб любителей животных;гостиница для животных";1;52,253408;104,327605;1;Point;
ул. Баррикад, 34А/1;Развлекательный туризм;Развлекательный;141;Динаморинг;Иркутск;0;1;все_yandex_отфильровано_объединено_нормировано_25_03_2024.csv;"картинг;аттракцион;спортивно-развлекательный центр";1;52,291093;104,318979;1;Point;
ул. Баррикад, 34А/1;Развлекательный туризм;Развлекательный;142;Динамо ринг;Иркутск;0;1;все_yandex_отфильровано_объединено_нормировано_25_03_2024.csv;"картинг;спортивно-развлекательный центр;развлекательный центр";1;52,29187;104,316623;1;Point;
8, 254-й квартал, Ангарск;Активный туризм;Активный;143;Клуб подводного плавания Акваскоп;Ангарский;0;1;все_yandex_отфильровано_объединено_нормировано_25_03_2024.csv;дайвинг;1;52,494597;103,856275;1;Point;
ул. Горького, 9, рабочий посёлок Листвянка;Активный туризм;Активный;144;Новое измерение;Иркутский;0;1;все_yandex_отфильровано_объединено_нормировано_25_03_2024.csv;"дайвинг;спортивный инвентарь и оборудование;катера;лодки;яхты";1;51,859365;104,854952;1;Point;
ул. Урицкого, 14;Культурно-познавательный туризм;Культурно-познавательный;145;Иркутский городской клуб любителей кошек Камея;Иркутск;0;1;все_yandex_отфильровано_объединено_нормировано_25_03_2024.csv;"зооцентр;клуб любителей животных";1;52,283538;104,291531;1;Point;
ул. Трилиссера, 87;Лечебно-оздоровительный туризм;Лечебно-оздоровительный;146;Байкальская Радуга, офис;Иркутск;0;1;все_yandex_отфильровано_объединено_нормировано_25_03_2024.csv;"санаторно-курортное объединение;офис организации";1;52,274951;104,316577;1;Point;
ул. Реброва-Денисова, 7А, Усть-Кут;Культурно-познавательный туризм;Культурно-познавательный;147;Усть-Кутский исторический музей;Усть-Кутский;1;1;все_yandex_отфильровано_объединено_нормировано_25_03_2024.csv;музей;1;56,779591;105,749102;1;Point;
Иркутская область, городской округ Свирск;Культурно-познавательный туризм;Культурно-познавательный;148;Теремок;Черемховский;0;1;все_yandex_отфильровано_объединено_нормировано_25_03_2024.csv;зоопарк;1;53,072615;103,348773;1;Point;
Московская ул., 37, Ангарск;Культурно-познавательный туризм;Культурно-познавательный;149;Живой уголок;Ангарский;0;1;все_yandex_отфильровано_объединено_нормировано_25_03_2024.csv;зоопарк;1;52,542449;103,880597;1;Point;
Береговая ул., 61, д. Китой;Культурно-познавательный туризм;Культурно-познавательный;150;Мини зоопарк Лапки;Усольский;0;1;все_yandex_отфильровано_объединено_нормировано_25_03_2024.csv;зоопарк;1;52,530115;103,822805;1;Point;
ул. Кольцова, 93;Культурно-познавательный туризм;Культурно-познавательный;151;Иркутский зоосад;Иркутск;0;1;все_yandex_отфильровано_объединено_нормировано_25_03_2024.csv;зоопарк;1;52,263241;104,246118;1;Point;
ул. Карла Маркса, 50;Культурно-познавательный туризм;Культурно-познавательный;152;Иркутский зоопарк;Иркутск;1;1;все_yandex_отфильровано_объединено_нормировано_25_03_2024.csv;зоопарк;1;52,294825;104,29984;1;Point;
Байкальская ул., 54;Культурно-познавательный туризм;Культурно-познавательный;153;Дом природы;Иркутск;0;1;все_yandex_отфильровано_объединено_нормировано_25_03_2024.csv;зоопарк;1;52,272433;104,305548;1;Point;
просп. Маршала Жукова, 36/4;Культурно-познавательный туризм;Культурно-познавательный;154;Сибирский семейный зоопарк;Иркутск;0;1;все_yandex_отфильровано_объединено_нормировано_25_03_2024.csv;"зоопарк;детская площадка;экскурсии";1;52,250538;104,346633;1;Point;
Иркутская область, Бодайбо;Культурно-познавательный туризм;Культурно-познавательный;155;Дом юннатов;Бодайбинский;1;1;все_yandex_отфильровано_объединено_нормировано_25_03_2024.csv;зоопарк;1;57,849761;114,208033;1;Point;
ул. Исток Ангары, 11А, рабочий посёлок Листвянка;Культурно-познавательный туризм;Культурно-познавательный;156;Сибирский зоопарк;Иркутский;0;1;все_yandex_отфильровано_объединено_нормировано_25_03_2024.csv;"зоопарк;детская площадка;экскурсии";1;51,872887;104,828633;1;Point;
Иркутская область, Эхирит-Булагатский район, автодорога Иркутск - Качуг, 68-й километр, 72;Культурно-познавательный туризм;Культурно-познавательный;157;Золотая орда;Эхирит-Булагатский;1;1;все_yandex_отфильровано_объединено_нормировано_25_03_2024.csv;"музей;туристический инфоцентр;зоопарк";1;52,818332;104,800721;1;Point;
ул. 60 лет Октября, 5, рабочий посёлок Магистральный;Культурно-познавательный туризм;Культурно-познавательный;158;Казачинско-Ленский районный краеведческий музей;Казачинско-Ленский;1;1;все_yandex_отфильровано_объединено_нормировано_25_03_2024.csv;музей;1;56,16793;107,433461;1;Point;
ул. Шишкова, 1, село Ербогачен;Культурно-познавательный туризм;Культурно-познавательный;159;Ербогачёнский литературно-краеведческий музей имени В.Я. Шишкова;Катангский;1;1;все_yandex_отфильровано_объединено_нормировано_25_03_2024.csv;музей;1;61,273059;108,002644;1;Point;
ул. 10 Сельхоз, 31, стр. 1, Тайшет;Культурно-познавательный туризм;Культурно-познавательный;160;Zola;Тайшетский;0;1;все_yandex_отфильровано_объединено_нормировано_25_03_2024.csv;зоопарк;1;55,91573;97,929941;1;Point;
Иркутская область, Нижнеудинский район, Шумское муниципальное образование, рабочий посёлок Шумский;Активный туризм;Активный;161;Верёвочный парк;Нижнеудинский;0;1;все_yandex_отфильровано_объединено_нормировано_25_03_2024.csv;верёвочный парк;1;54,842249;99,113006;1;Point;
ул. Свердлова, 86, село Оса;Культурно-познавательный туризм;Культурно-познавательный;162;Осинский районный историко-краеведческий музей;Осинский;0;1;все_yandex_отфильровано_объединено_нормировано_25_03_2024.csv;музей;1;53,391008;103,876095;1;Point;
Советская ул., 3, п. г. т. Усть-Уда;Культурно-познавательный туризм;Культурно-познавательный;163;Усть-Удинский районный краеведческий музей;Усть-Удинский;1;1;все_yandex_отфильровано_объединено_нормировано_25_03_2024.csv;музей;1;54,179166;103,021626;1;Point;
;Активный туризм;Активный;164;Лыжная база ИрГУСХА;Иркутский;0;1;все_yandex_отфильровано_объединено_нормировано_25_03_2024.csv;"лыжная база;зимние развлечения";1;52,246313;104,431523;1;Point;
Иркутская область, Нукутский район, деревня Татхал-Онгой;Лечебно-оздоровительный туризм;Лечебно-оздоровительный;165;Унга;Нукутский;0;1;все_yandex_отфильровано_объединено_нормировано_25_03_2024.csv;"оздоровительный центр;спортивная школа";1;53,692699;102,715242;1;Point;
Карьерная ул., 41А, д. Олха;Активный туризм;Активный;166;Горнолыжный комплекс Олха;Шелеховский;0;1;все_yandex_отфильровано_объединено_нормировано_25_03_2024.csv;"горнолыжный комплекс;спортивная школа";1;52,156789;104,100335;1;Point;
Советская ул., 33, посёлок Кутулик;Культурно-познавательный туризм;Культурно-познавательный;167;Краеведческий музей Аларского района;Аларский;1;1;все_yandex_отфильровано_объединено_нормировано_25_03_2024.csv;музей;1;53,341195;102,798254;1;Point;
Иркутская область, Усольский район, село Сосновка, Парк отдыха;Активный туризм;Активный;168;Верёвочный парк;Усольский;0;1;все_yandex_отфильровано_объединено_нормировано_25_03_2024.csv;верёвочный парк;1;52,820399;103,392005;1;Point;
Иркутская область, Ангарский городской округ, горнолыжный комплекс Ангарская Гора;Активный туризм;Активный;169;Ангарская Гора;Ангарский;0;1;все_yandex_отфильровано_объединено_нормировано_25_03_2024.csv;"горнолыжный комплекс;зимние развлечения;лыжная база";1;52,436458;103,726002;1;Point;
ул. Фаворского, 1Б;Активный туризм;Активный;170;Академический;Иркутск;1;1;все_yandex_отфильровано_объединено_нормировано_25_03_2024.csv;"горнолыжный комплекс;зимние развлечения";1;52,246919;104,263682;1;Point;
ул. Карла Либкнехта, 58;Активный туризм;Активный;171;Гора Соболиная, представительство;Иркутск;0;1;все_yandex_отфильровано_объединено_нормировано_25_03_2024.csv;"горнолыжный комплекс;лыжная база";1;52,283568;104,301216;1;Point;
ул. Дворянова, 15, поселок Балаганск;Культурно-познавательный туризм;Культурно-познавательный;172;Балаганский историко-этнографический музей им. А. С. Башинова;Балаганский;1;1;все_yandex_отфильровано_объединено_нормировано_25_03_2024.csv;музей;1;54,005882;103,06453;1;Point;
Иркутская область, Братский район, канатная дорога Орехов Камень;Активный туризм;Активный;173;Оздоровительно-горнолыжный комплекс Орехов Камень;Братский;1;1;все_yandex_отфильровано_объединено_нормировано_25_03_2024.csv;"горнолыжный комплекс;зимние развлечения";1;56,479026;101,968133;1;Point;
Иркутская область, городской округ Братск;Активный туризм;Активный;174;Гора Пихтовая;Братск;0;1;все_yandex_отфильровано_объединено_нормировано_25_03_2024.csv;"горнолыжный комплекс;зимние развлечения";1;56,17478;101,699986;1;Point;
ул. Кошевого, 20, Вихоревка;Культурно-познавательный туризм;Культурно-познавательный;175;Вихоревский историко-краеведческий музей;Братский;1;1;все_yandex_отфильровано_объединено_нормировано_25_03_2024.csv;музей;1;56,123859;101,177907;1;Point;
Желгайская ул., 59, Тулун;Активный туризм;Активный;176;Лыжная база Снежинка;Тулун;0;1;все_yandex_отфильровано_объединено_нормировано_25_03_2024.csv;"горнолыжный комплекс;зимние развлечения;лыжная база";1;54,550409;100,563606;1;Point;
ул. Карбышева, 185, Тулун;Активный туризм;Активный;177;Лыжная база;Тулун;0;1;все_yandex_отфильровано_объединено_нормировано_25_03_2024.csv;"горнолыжный комплекс;зимние развлечения;лыжная база";1;54,531762;100,6435;1;Point;
ул. Чкалова, 68, село Кимильтей;Культурно-познавательный туризм;Культурно-познавательный;178;Историко-краеведческий музей;Зиминский;0;1;все_yandex_отфильровано_объединено_нормировано_25_03_2024.csv;музей;1;54,135113;101,980454;1;Point;
Академическая ул., 12, рабочий посёлок Листвянка;Активный туризм;Активный;179;БайкалГора;Иркутский;0;1;все_yandex_отфильровано_объединено_нормировано_25_03_2024.csv;"горнолыжный комплекс;зимние развлечения";1;51,872884;104,843606;1;Point;
90, микрорайон Красный Ключ, Байкальск;Активный туризм;Активный;180;Байкальский горнолыжный курорт Гора Соболиная;Слюдянский;0;1;все_yandex_отфильровано_объединено_нормировано_25_03_2024.csv;"горнолыжный комплекс;зимние развлечения";1;51,509515;104,121343;1;Point;
Иркутский район, Листвянское муниципальное образование, горнолыжный комплекс Прибайкальская, 1;Активный туризм;Активный;181;Прибайкальская;Иркутский;0;1;все_yandex_отфильровано_объединено_нормировано_25_03_2024.csv;горнолыжный комплекс;1;51,90425;104,819503;1;Point;
169, микрорайон Гагарина, Байкальск;Активный туризм;Активный;182;Лыжный комплекс;Слюдянский;0;1;все_yandex_отфильровано_объединено_нормировано_25_03_2024.csv;"горнолыжный комплекс;зимние развлечения";1;51,522378;104,150566;1;Point;
Старо-Кузьмихинская ул., 37/3;Активный туризм;Активный;183;Высоцкий;Иркутск;0;1;все_yandex_отфильровано_объединено_нормировано_25_03_2024.csv;верёвочный парк;1;52,251029;104,280878;1;Point;
Советская ул., 18, Киренск;Культурно-познавательный туризм;Культурно-познавательный;184;МКУК Историко-краеведческий музей;Киренский;1;1;все_yandex_отфильровано_объединено_нормировано_25_03_2024.csv;музей;1;57,775805;108,115089;1;Point;
Иркутская область, Нижнеилимский район, территория Горнолыжная база Гора Западная;Активный туризм;Активный;185;Горнолыжная база Гора Западная;Нижнеилимский;0;1;все_yandex_отфильровано_объединено_нормировано_25_03_2024.csv;"горнолыжный комплекс;зимние развлечения;спортивная база";1;56,58101;104,107075;1;Point;
74, 2-й квартал, Железногорск-Илимский;Культурно-познавательный туризм;Культурно-познавательный;186;Краеведческий музей Нижнеилимского р-на;Нижнеилимский;1;1;все_yandex_отфильровано_объединено_нормировано_25_03_2024.csv;музей;1;56,581183;104,119103;1;Point;
20, 8-й квартал, Железногорск-Илимский;Культурно-познавательный туризм;Культурно-познавательный;187;Железногорский историко-художественный музей им. академика М.К. Янгеля;Нижнеилимский;1;1;все_yandex_отфильровано_объединено_нормировано_25_03_2024.csv;музей;1;56,58473;104,112916;1;Point;
Новая ул., 1, село Алыгджер;Культурно-познавательный туризм;Культурно-познавательный;188;Этно-культурный центр Тофаларии;Нижнеудинский;0;1;все_yandex_отфильровано_объединено_нормировано_25_03_2024.csv;музей;1;53,639814;98,214747;1;Point;
ул. Ленина, 23, поселок Новонукутский;Культурно-познавательный туризм;Культурно-познавательный;189;Муниципальное казённое учреждение культуры Новонукутский краеведческий музей;Нукутский;1;1;все_yandex_отфильровано_объединено_нормировано_25_03_2024.csv;музей;1;53,699797;102,704769;1;Point;
Слюдяная ул., 36, Слюдянка;Культурно-познавательный туризм;Культурно-познавательный;190;Самоцвет Байкала;Слюдянский;1;1;все_yandex_отфильровано_объединено_нормировано_25_03_2024.csv;музей;1;51,638257;103,698108;1;Point;
ул. Ленина, 115, Тайшет;Культурно-познавательный туризм;Культурно-познавательный;191;Краеведческий музей города Тайшета;Тайшетский;1;1;все_yandex_отфильровано_объединено_нормировано_25_03_2024.csv;музей;1;55,935799;97,992203;1;Point;
ул. Ленина, 6, посёлок Усть-Ордынский;Культурно-познавательный туризм;Культурно-познавательный;192;ОГБУК Национальный музей Усть-Ордынского Бурятского округа;Эхирит-Булагатский;1;1;все_yandex_отфильровано_объединено_нормировано_25_03_2024.csv;музей;1;52,802938;104,758289;1;Point;
Иркутская область, Усть-Илимск;Активный туризм;Активный;193;Горнолыжная база Снежная;Усть-Илимский;0;1;все_yandex_отфильровано_объединено_нормировано_25_03_2024.csv;"лыжная база;горнолыжный комплекс;зимние развлечения";1;57,974135;102,64752;1;Point;
ул. Ленина, 16, посёлок Усть-Ордынский;Культурно-познавательный туризм;Культурно-познавательный;194;Киноконцертный зал Эрдэм;Эхирит-Булагатский;1;1;все_yandex_отфильровано_объединено_нормировано_25_03_2024.csv;"кинотеатр;концертный зал";1;52,804611;104,754709;1;Point;
ул. Горького, 14, посёлок Усть-Уда;Культурно-познавательный туризм;Культурно-познавательный;195;Современник;Усть-Удинский;0;1;все_yandex_отфильровано_объединено_нормировано_25_03_2024.csv;кинотеатр;1;54,180947;103,021833;1;Point;
ул. Ленина, 46В, посёлок Бохан;Культурно-познавательный туризм;Культурно-познавательный;196;Кинотеатр Колос;Боханский;0;1;все_yandex_отфильровано_объединено_нормировано_25_03_2024.csv;кинотеатр;1;53,15296;103,779062;1;Point;
просп. Петра Красильникова, 1, Шелехов;Культурно-познавательный туризм;Культурно-познавательный;197;Юность;Шелеховский;1;1;все_yandex_отфильровано_объединено_нормировано_25_03_2024.csv;кинотеатр;1;52,20921;104,097858;1;Point;
ул. Ференца Патаки, 1, Черемхово;Культурно-познавательный туризм;Культурно-познавательный;198;Горняк;Черемховский;0;1;все_yandex_отфильровано_объединено_нормировано_25_03_2024.csv;кинотеатр;1;53,13729;103,087712;1;Point;
ул. Парижской Коммуны, 1А, Слюдянка;Культурно-познавательный туризм;Культурно-познавательный;199;Дом культуры железнодорожников;Слюдянский;1;1;все_yandex_отфильровано_объединено_нормировано_25_03_2024.csv;"дом культуры;кинотеатр";1;51,656389;103,719911;1;Point;
109, рабочий посёлок Белореченский;Культурно-познавательный туризм;Культурно-познавательный;200;Дом культуры;Усольский;0;1;все_yandex_отфильровано_объединено_нормировано_25_03_2024.csv;"дом культуры;кинотеатр";1;52,813499;103,527285;1;Point;
ул. Горького, 31, поселок Балаганск;Культурно-познавательный туризм;Культурно-познавательный;201;Кинозал Балаганский;Балаганский;0;1;все_yandex_отфильровано_объединено_нормировано_25_03_2024.csv;кинотеатр;1;54,005883;103,058092;1;Point;
Киевская ул., 27А, Свирск;Культурно-познавательный туризм;Культурно-познавательный;202;Седьмое Небо;Черемховский;0;1;все_yandex_отфильровано_объединено_нормировано_25_03_2024.csv;"кинотеатр;дом культуры";1;53,094082;103,331569;1;Point;
ул. Декабрьских Событий, 18А, Черемхово;Культурно-познавательный туризм;Культурно-познавательный;203;Лемо;Черемховский;0;1;все_yandex_отфильровано_объединено_нормировано_25_03_2024.csv;кинотеатр;1;53,147126;103,072983;1;Point;
Иркутская область, Заларинский район, деревня Сорты;Культурно-познавательный туризм;Культурно-познавательный;204;МКУ Сортовский Дом досуга;Заларинский;0;1;все_yandex_отфильровано_объединено_нормировано_25_03_2024.csv;"кинотеатр;организация мероприятий";1;53,474751;102,227351;1;Point;
Байкальская ул., 107;Культурно-познавательный туризм;Культурно-познавательный;205;Баргузин;Иркутск;1;1;все_yandex_отфильровано_объединено_нормировано_25_03_2024.csv;"кинотеатр;развлекательный центр";1;52,266731;104,310079;1;Point;
Верхняя наб., 10;Культурно-познавательный туризм;Культурно-познавательный;206;Кино Молл;Иркутск;0;1;все_yandex_отфильровано_объединено_нормировано_25_03_2024.csv;кинотеатр;1;52,268216;104,288916;1;Point;
12, 192-й квартал, Ангарск;Культурно-познавательный туризм;Культурно-познавательный;207;Festival;Ангарский;0;1;все_yandex_отфильровано_объединено_нормировано_25_03_2024.csv;кинотеатр;1;52,502897;103,840488;1;Point;
1, микрорайон 12А, Ангарск;Культурно-познавательный туризм;Культурно-познавательный;208;Родина;Ангарский;1;1;все_yandex_отфильровано_объединено_нормировано_25_03_2024.csv;кинотеатр;1;52,511679;103,862558;1;Point;
1, 33-й микрорайон, Ангарск;Культурно-познавательный туризм;Культурно-познавательный;209;Nasa;Ангарский;0;1;все_yandex_отфильровано_объединено_нормировано_25_03_2024.csv;"кинотеатр;кальян-бар";1;52,51336;103,848632;1;Point;
Трактовая ул., 34А, микрорайон Китой, Ангарск;Культурно-познавательный туризм;Культурно-познавательный;210;Центр Кино;Ангарский;0;1;все_yandex_отфильровано_объединено_нормировано_25_03_2024.csv;кинотеатр;1;52,594813;103,857715;1;Point;
Трактовая ул., 34А, микрорайон Китой, Ангарск;Культурно-познавательный туризм;Культурно-познавательный;211;Лесник;Ангарский;0;1;все_yandex_отфильровано_объединено_нормировано_25_03_2024.csv;"дом культуры;кинотеатр";1;52,594864;103,857665;1;Point;
ул. Толстого, 12, Черемхово;Культурно-познавательный туризм;Культурно-познавательный;212;Шахтёр;Черемховский;1;1;все_yandex_отфильровано_объединено_нормировано_25_03_2024.csv;кинотеатр;1;53,165848;103,079681;1;Point;
ул. Пеньковского, 4, рабочий посёлок Тайтурка;Культурно-познавательный туризм;Культурно-познавательный;213;Дом Ивановых;Усольский;0;1;все_yandex_отфильровано_объединено_нормировано_25_03_2024.csv;кинотеатр;1;52,870519;103,468853;1;Point;
ул. Грязнова, 1;Культурно-познавательный туризм;Культурно-познавательный;214;Don Otello;Иркутск;0;1;все_yandex_отфильровано_объединено_нормировано_25_03_2024.csv;кинотеатр;1;52,2819;104,285117;1;Point;
ул. 3 Июля, 25;Культурно-познавательный туризм;Культурно-познавательный;215;КиноКвартал;Иркутск;0;1;все_yandex_отфильровано_объединено_нормировано_25_03_2024.csv;кинотеатр;1;52,273173;104,291635;1;Point;
Советская ул., 58/1;Культурно-познавательный туризм;Культурно-познавательный;216;New Cinema;Иркутск;0;1;все_yandex_отфильровано_объединено_нормировано_25_03_2024.csv;кинотеатр;1;52,275299;104,305492;1;Point;
ул. Сергеева, 3/5;Культурно-познавательный туризм;Культурно-познавательный;217;Киномакс;Иркутск;0;1;все_yandex_отфильровано_объединено_нормировано_25_03_2024.csv;кинотеатр;1;52,265917;104,226085;1;Point;
ул. Карла Маркса, 24;Культурно-познавательный туризм;Культурно-познавательный;218;Художественный;Иркутск;1;1;все_yandex_отфильровано_объединено_нормировано_25_03_2024.csv;кинотеатр;1;52,280849;104,283764;1;Point;
Байкальская ул., 107;Культурно-познавательный туризм;Культурно-познавательный;219;Imax;Иркутск;0;1;все_yandex_отфильровано_объединено_нормировано_25_03_2024.csv;кинотеатр;1;52,266384;104,309975;1;Point;
ул. Николая Гаврилова, 1А;Культурно-познавательный туризм;Культурно-познавательный;220;Cinema horror hall;Иркутск;0;1;все_yandex_отфильровано_объединено_нормировано_25_03_2024.csv;кинотеатр;1;52,289859;104,270397;1;Point;
ул. Крупской, 19, Братск;Культурно-познавательный туризм;Культурно-познавательный;221;Чарли;Братск;1;1;все_yandex_отфильровано_объединено_нормировано_25_03_2024.csv;кинотеатр;1;56,1748;101,608128;1;Point;
ул. Гидростроителей, 54, поселок Падун, Братск;Культурно-познавательный туризм;Культурно-познавательный;222;Романтик;Братск;0;1;все_yandex_отфильровано_объединено_нормировано_25_03_2024.csv;кинотеатр;1;56,291319;101,726247;1;Point;
Южная ул., 20, жилой район Центральный, Братск;Культурно-познавательный туризм;Культурно-познавательный;223;РокоКлаб;Братск;0;1;все_yandex_отфильровано_объединено_нормировано_25_03_2024.csv;кинотеатр;1;56,146503;101,615853;1;Point;
Комсомольская ул., 37, Братск;Культурно-познавательный туризм;Культурно-познавательный;224;Кинотеатр 5D;Братск;0;1;все_yandex_отфильровано_объединено_нормировано_25_03_2024.csv;кинотеатр;1;56,158023;101,612578;1;Point;
ул. Мира, 21, село Тангуй;Культурно-познавательный туризм;Культурно-познавательный;225;Клуб;Братский;0;1;все_yandex_отфильровано_объединено_нормировано_25_03_2024.csv;кинотеатр;1;55,380825;101,031975;1;Point;
Индустриальный пр., 7, Братск;Культурно-познавательный туризм;Культурно-познавательный;226;Кинотеатр 5D;Братск;0;1;все_yandex_отфильровано_объединено_нормировано_25_03_2024.csv;кинотеатр;1;56,139131;101,623999;1;Point;
ул. Ленина, 6, Зима;Культурно-познавательный туризм;Культурно-познавательный;227;Кинотеатр Россия;Зима;0;1;все_yandex_отфильровано_объединено_нормировано_25_03_2024.csv;кинотеатр;1;53,920437;102,045504;1;Point;
Братский пер., 14, поселок Падун, Братск;Культурно-познавательный туризм;Культурно-познавательный;228;Утка;Братск;0;1;все_yandex_отфильровано_объединено_нормировано_25_03_2024.csv;кинотеатр;1;56,295364;101,707648;1;Point;
36, микрорайон Юбилейный, Саянск;Культурно-познавательный туризм;Культурно-познавательный;229;МБУК ДК Юность;Саянск;0;1;все_yandex_отфильровано_объединено_нормировано_25_03_2024.csv;"дом культуры;кинотеатр";1;54,105972;102,161859;1;Point;
ул. Мира, 49, село Каразей;Культурно-познавательный туризм;Культурно-познавательный;230;Колос;Куйтунский;0;1;все_yandex_отфильровано_объединено_нормировано_25_03_2024.csv;кинотеатр;1;54,355768;101,112446;1;Point;
ул. Карла Маркса, 4, рабочий посёлок Куйтун;Культурно-познавательный туризм;Культурно-познавательный;231;Социально-культурный центр;Куйтунский;0;1;все_yandex_отфильровано_объединено_нормировано_25_03_2024.csv;кинотеатр;1;54,352457;101,520622;1;Point;
ул. Чапаева, 1А, поселок Харик;Культурно-познавательный туризм;Культурно-познавательный;232;Радуга;Куйтунский;0;1;все_yandex_отфильровано_объединено_нормировано_25_03_2024.csv;кинотеатр;1;54,237179;101,656825;1;Point;
Иркутский район, Карлукское муниципальное образование;Культурно-познавательный туризм;Культурно-познавательный;233;Контейнер 2;Иркутский;0;1;все_yandex_отфильровано_объединено_нормировано_25_03_2024.csv;"кинотеатр;супермаркет;ресторан";1;52,407852;104,32284;1;Point;
ул. Ленина, 14, Нижнеудинск;Культурно-познавательный туризм;Культурно-познавательный;234;Кинотеатр Саяны;Нижнеудинский;1;1;все_yandex_отфильровано_объединено_нормировано_25_03_2024.csv;кинотеатр;1;54,906576;99,034337;1;Point;
Набережная ул., 6, село Карымск;Культурно-познавательный туризм;Культурно-познавательный;235;Дом культуры;Куйтунский;0;1;все_yandex_отфильровано_объединено_нормировано_25_03_2024.csv;"дом культуры;кинотеатр";1;54,107144;101,851848;1;Point;
ул. Розы Люксембург, 273А/2;Культурно-познавательный туризм;Культурно-познавательный;236;Кино Здесь;Иркутск;0;1;все_yandex_отфильровано_объединено_нормировано_25_03_2024.csv;"кинотеатр;организация мероприятий;игровые приставки";1;52,355245;104,158139;1;Point;
Советская ул., 22, Киренск;Культурно-познавательный туризм;Культурно-познавательный;237;Культурно-досуговый центр Современник;Киренский;1;1;все_yandex_отфильровано_объединено_нормировано_25_03_2024.csv;"культурный центр;кинотеатр";1;57,774396;108,114549;1;Point;
Тбилисская ул., 5, посёлок Ния;Культурно-познавательный туризм;Культурно-познавательный;238;Кинотеатр;Усть-Кутский;0;1;все_yandex_отфильровано_объединено_нормировано_25_03_2024.csv;кинотеатр;1;56,553774;106,803302;1;Point;
Партизанская ул., 12, Киренск;Культурно-познавательный туризм;Культурно-познавательный;239;Мир;Киренский;1;1;все_yandex_отфильровано_объединено_нормировано_25_03_2024.csv;"культурный центр;клуб досуга;кинотеатр";1;57,782675;108,108223;1;Point;
ул. Гагарина, 42, село Баяндай;Культурно-познавательный туризм;Культурно-познавательный;240;Баяндаевский;Баяндаевский;0;1;все_yandex_отфильровано_объединено_нормировано_25_03_2024.csv;кинотеатр;1;53,062048;105,504498;1;Point;
ул. Кирова, 80, Усть-Кут;Культурно-познавательный туризм;Культурно-познавательный;241;Кинотеатр Магистраль;Усть-Кутский;1;1;все_yandex_отфильровано_объединено_нормировано_25_03_2024.csv;кинотеатр;1;56,779949;105,741982;1;Point;
просп. Мира, 11, Усть-Илимск;Культурно-познавательный туризм;Культурно-познавательный;242;Супермакс яросама;Усть-Илимский;0;1;все_yandex_отфильровано_объединено_нормировано_25_03_2024.csv;кинотеатр;1;57,953951;102,738968;1;Point;
ул. Чайковского, 1, Усть-Илимск;Культурно-познавательный туризм;Культурно-познавательный;243;Дворец культуры имени И. И. Наймушина;Усть-Илимский;0;1;все_yandex_отфильровано_объединено_нормировано_25_03_2024.csv;"дом культуры;кинотеатр;концертный зал";1;57,989423;102,662959;1;Point;
23, 8-й квартал, Железногорск-Илимский;Культурно-познавательный туризм;Культурно-познавательный;244;Нижнеилимская центральная межпоселенческая библиотека имени А. Н. Радищева;Нижнеилимский;1;1;все_yandex_отфильровано_объединено_нормировано_25_03_2024.csv;"библиотека;фотостудия;планетарий";1;56,582883;104,113587;1;Point;
Первомайская ул., 2, посёлок Хужир;Культурно-познавательный туризм;Культурно-познавательный;245;Хужирский краеведческий музей имени Н.М. Ревякина;Ольхонский;1;1;все_yandex_отфильровано_объединено_нормировано_25_03_2024.csv;музей;1;53,19456;107,338312;1;Point;
ул. Гагарина, 115А, Тайшет;Культурно-познавательный туризм;Культурно-познавательный;246;Кинозал Гагарин;Тайшетский;0;1;все_yandex_отфильровано_объединено_нормировано_25_03_2024.csv;кинотеатр;1;55,937775;98,020876;1;Point;
ул. Ленина, 2/6, Свирск;Культурно-познавательный туризм;Культурно-познавательный;247;Кинотеатр;Черемховский;0;1;все_yandex_отфильровано_объединено_нормировано_25_03_2024.csv;кинотеатр;1;53,073328;103,347506;1;Point;
ул. Ленина, 28, поселок Новонукутский;Лечебно-оздоровительный туризм;Лечебно-оздоровительный;248;Нукутская Мацеста;Нукутский;0;1;все_yandex_отфильровано_объединено_нормировано_25_03_2024.csv;санаторий;1;53,699724;102,706561;1;Point;
Иркутская область, Заларинский район, посёлок городского типа Залари;Лечебно-оздоровительный туризм;Лечебно-оздоровительный;249;Орленок;Заларинский;0;1;все_yandex_отфильровано_объединено_нормировано_25_03_2024.csv;санаторий;1;53,553443;102,497055;1;Point;
ул. Ленина, 12, село Нагалык;Лечебно-оздоровительный туризм;Лечебно-оздоровительный;250;ОГБУЗ Санаторий Нагалык;Баяндаевский;0;1;все_yandex_отфильровано_объединено_нормировано_25_03_2024.csv;санаторий;1;53,105782;105,312089;1;Point;
ул. Чайковского, 51, Ангарск;Лечебно-оздоровительный туризм;Лечебно-оздоровительный;251;Родник;Ангарский;0;1;все_yandex_отфильровано_объединено_нормировано_25_03_2024.csv;санаторий;1;52,524819;103,87375;1;Point;
Иркутская область, Ангарский городской округ;Лечебно-оздоровительный туризм;Лечебно-оздоровительный;252;Санаторий;Ангарский;0;1;все_yandex_отфильровано_объединено_нормировано_25_03_2024.csv;санаторий;1;52,446112;103,616791;1;Point;
ул. Горького, 7, Усолье-Сибирское;Лечебно-оздоровительный туризм;Лечебно-оздоровительный;253;Усолье;не обнаружено;0;1;все_yandex_отфильровано_объединено_нормировано_25_03_2024.csv;санаторий;1;52,759536;103,663786;1;Point;
47, 18-й квартал, Шелехов;Лечебно-оздоровительный туризм;Лечебно-оздоровительный;254;Реабилитационный центр Шелеховский;Шелеховский;0;1;все_yandex_отфильровано_объединено_нормировано_25_03_2024.csv;санаторий;1;52,216092;104,077389;1;Point;
Иркутская область, лес Утёс;Лечебно-оздоровительный туризм;Лечебно-оздоровительный;255;Утес;Усольский;0;1;все_yandex_отфильровано_объединено_нормировано_25_03_2024.csv;санаторий;1;52,843994;103,578612;1;Point;
47, 18-й квартал, Шелехов;Лечебно-оздоровительный туризм;Лечебно-оздоровительный;256;Общество С Ограниченной Ответственностью Ирказ - Социальные Объекты;Шелеховский;0;1;все_yandex_отфильровано_объединено_нормировано_25_03_2024.csv;"санаторий;санаторно-курортное объединение";1;52,216011;104,077374;1;Point;
2-я Железнодорожная ул., 4, корп. 1;Лечебно-оздоровительный туризм;Лечебно-оздоровительный;257;Ангара;Иркутск;0;1;все_yandex_отфильровано_объединено_нормировано_25_03_2024.csv;"санаторно-курортное объединение;медицинская реабилитация";1;52,293439;104,243728;1;Point;
ул. Просвещения, 21А;Лечебно-оздоровительный туризм;Лечебно-оздоровительный;258;Санаторий Иркут;Иркутск;0;1;все_yandex_отфильровано_объединено_нормировано_25_03_2024.csv;санаторий;1;52,352551;104,228405;1;Point;
Деповский пер., 7;Лечебно-оздоровительный туризм;Лечебно-оздоровительный;259;Санаторий-профилакторий Иркутский;Иркутск;0;1;все_yandex_отфильровано_объединено_нормировано_25_03_2024.csv;санаторий;1;52,337856;104,202353;1;Point;
Украинская ул., 6;Лечебно-оздоровительный туризм;Лечебно-оздоровительный;260;Иркут;Иркутск;0;1;все_yandex_отфильровано_объединено_нормировано_25_03_2024.csv;санаторий;1;52,350165;104,223558;1;Point;
ул. Карла Либкнехта, 58;Лечебно-оздоровительный туризм;Лечебно-оздоровительный;261;Электра, представительство;Иркутск;0;1;все_yandex_отфильровано_объединено_нормировано_25_03_2024.csv;санаторий;1;52,283568;104,301216;1;Point;
ул. Франк-Каменецкого, 18;Лечебно-оздоровительный туризм;Лечебно-оздоровительный;262;АлТур-Байкал;Иркутск;0;1;все_yandex_отфильровано_объединено_нормировано_25_03_2024.csv;санаторий;1;52,29047;104,296852;1;Point;
2-я Железнодорожная ул., 4, корп. 5;Лечебно-оздоровительный туризм;Лечебно-оздоровительный;263;Курорт Ангара, отделение кардио-неврологической реабилитации;Иркутск;0;1;все_yandex_отфильровано_объединено_нормировано_25_03_2024.csv;"санаторий;база;дом отдыха;медицинская реабилитация";1;52,288236;104,239392;1;Point;
Иркутский район, Байкальский тракт, 43-й километр;Лечебно-оздоровительный туризм;Лечебно-оздоровительный;264;Электра;Иркутский;0;1;все_yandex_отфильровано_объединено_нормировано_25_03_2024.csv;санаторий;1;52,030427;104,633244;1;Point;
Иркутская область, Иркутский район, поселок Листвянка;Лечебно-оздоровительный туризм;Лечебно-оздоровительный;265;Санаторий Байкал;Иркутский;0;1;все_yandex_отфильровано_объединено_нормировано_25_03_2024.csv;санаторий;1;51,871575;104,833462;1;Point;
ул. Слюдянских Красногвардейцев, 57, Слюдянка;Лечебно-оздоровительный туризм;Лечебно-оздоровительный;266;Жемчужина Сибири;Слюдянский;0;1;все_yandex_отфильровано_объединено_нормировано_25_03_2024.csv;санаторий;1;51,645626;103,70679;1;Point;
Студенческая ул., 8, жилой район Энергетик, Братск;Лечебно-оздоровительный туризм;Лечебно-оздоровительный;267;Братский государственный университет Санаторий-профилакторий;Братск;0;1;все_yandex_отфильровано_объединено_нормировано_25_03_2024.csv;санаторий;1;56,30825;101,762921;1;Point;
ул. Северный Артек, 10, Северный Артек, Братск;Лечебно-оздоровительный туризм;Лечебно-оздоровительный;268;Солнечный;Братск;0;1;все_yandex_отфильровано_объединено_нормировано_25_03_2024.csv;санаторий;1;56,172784;101,664796;1;Point;
Крылатый тупик, 1, стр. 1, Братск;Лечебно-оздоровительный туризм;Лечебно-оздоровительный;269;Юбилейный;Братск;0;1;все_yandex_отфильровано_объединено_нормировано_25_03_2024.csv;санаторий;1;56,16579;101,700518;1;Point;
ул. Гастелло, 10А, Вихоревка;Лечебно-оздоровительный туризм;Лечебно-оздоровительный;270;Санаторий-профилакторий Сосновые родники ДСС ВСЖД;Братский;0;1;все_yandex_отфильровано_объединено_нормировано_25_03_2024.csv;санаторий;1;56,118685;101,181516;1;Point;
Иркутская область, городской округ Братск, Северный Артек, улица Северный Артек, 9;Лечебно-оздоровительный туризм;Лечебно-оздоровительный;271;Айболит;Братск;0;1;все_yandex_отфильровано_объединено_нормировано_25_03_2024.csv;санаторий;1;56,172161;101,669399;1;Point;
Западная автодорога, 4, Саянск;Лечебно-оздоровительный туризм;Лечебно-оздоровительный;272;Кедр;Саянск;0;1;все_yandex_отфильровано_объединено_нормировано_25_03_2024.csv;санаторий;1;54,108884;102,133203;1;Point;
ул. Братское Взморье, 3, Братск;Лечебно-оздоровительный туризм;Лечебно-оздоровительный;273;Братское взморье;Братск;0;1;все_yandex_отфильровано_объединено_нормировано_25_03_2024.csv;санаторий;1;56,195498;101,839155;1;Point;
Иркутский район, Ушаковское муниципальное образование, ДНТ Эвард;Лечебно-оздоровительный туризм;Лечебно-оздоровительный;274;Еловая Падь;Иркутский;0;1;все_yandex_отфильровано_объединено_нормировано_25_03_2024.csv;санаторий;1;52,18504;104,50805;1;Point;
Иркутский район, Байкальский тракт, 43-й километр;Лечебно-оздоровительный туризм;Лечебно-оздоровительный;275;Электра;Иркутский;0;1;все_yandex_отфильровано_объединено_нормировано_25_03_2024.csv;санаторий;1;52,254238;104,390404;1;Point;
Иркутский район, Большереченское муниципальное образование;Лечебно-оздоровительный туризм;Лечебно-оздоровительный;276;Санаторий Электра, коттедж № 2;Иркутский;1;1;все_yandex_отфильровано_объединено_нормировано_25_03_2024.csv;санаторий;1;52,028685;104,635584;1;Point;
Иркутский район, Оёкское муниципальное образование, деревня Жердовка;Лечебно-оздоровительный туризм;Лечебно-оздоровительный;277;Туберкулезный санаторий Жердовка;Иркутский;0;1;все_yandex_отфильровано_объединено_нормировано_25_03_2024.csv;санаторий;1;52,650667;104,532339;1;Point;
ул. Октябрьской Революции, 1/4;Лечебно-оздоровительный туризм;Лечебно-оздоровительный;278;Кедр;Иркутск;0;1;все_yandex_отфильровано_объединено_нормировано_25_03_2024.csv;"гостиничный оператор;санаторий";1;52,291273;104,301941;1;Point;
ул. Лермонтова, 90/1;Лечебно-оздоровительный туризм;Лечебно-оздоровительный;279;Пансионаты Ниловой Пустыни;Иркутск;0;1;все_yandex_отфильровано_объединено_нормировано_25_03_2024.csv;"санаторно-курортное объединение;офис продаж";1;52,263012;104,25928;1;Point;
ул. Курорт, 1, Усть-Кут;Лечебно-оздоровительный туризм;Лечебно-оздоровительный;280;Санаторий Усть-Кут;Усть-Кутский;0;1;все_yandex_отфильровано_объединено_нормировано_25_03_2024.csv;санаторий;1;56,789231;105,617975;1;Point;
Иркутский район, Большереченское муниципальное образование;Лечебно-оздоровительный туризм;Лечебно-оздоровительный;281;Санаторий Электра, корпус управления;Иркутский;2;0;все_yandex_отфильровано_объединено_нормировано_25_03_2024.csv;санаторий;0;52,029319;104,634922;1;Point;276
ул. Янгеля, 6 А, Железногорск-Илимский;Лечебно-оздоровительный туризм;Лечебно-оздоровительный;282;Первичная Профсоюзная Организация Санатория - Профилактория Дружба;Нижнеилимский;0;1;все_yandex_отфильровано_объединено_нормировано_25_03_2024.csv;санаторий;1;56,590226;104,115664;1;Point;
ул. Героев Труда, 57, Усть-Илимск;Лечебно-оздоровительный туризм;Лечебно-оздоровительный;283;Русь;Усть-Илимский;0;1;все_yandex_отфильровано_объединено_нормировано_25_03_2024.csv;санаторий;1;57,960405;102,718818;1;Point;
Иркутский район, Большереченское муниципальное образование;Лечебно-оздоровительный туризм;Лечебно-оздоровительный;286;Санаторий Электра, коттедж № 3;Иркутский;2;0;все_yandex_отфильровано_объединено_нормировано_25_03_2024.csv;санаторий;0;52,028845;104,63601;1;Point;285
Луговая ул., 1, посёлок Невон;Активный туризм;Активный;287;Лыжная база;Усть-Илимский;0;1;все_yandex_отфильровано_объединено_нормировано_25_03_2024.csv;"лыжная база;зимние развлечения";1;58,060251;102,716302;1;Point;
ул. Речников, 1А, Усть-Кут;Лечебно-оздоровительный туризм;Лечебно-оздоровительный;288;Эйсейра;Усть-Кутский;0;1;все_yandex_отфильровано_объединено_нормировано_25_03_2024.csv;санаторий;1;56,793609;105,774854;1;Point;
Иркутская область, Шелеховский район, Большелугское муниципальное образование;Лечебно-оздоровительный туризм;Лечебно-оздоровительный;289;Олхинский;Шелеховский;0;1;все_yandex_отфильровано_объединено_нормировано_25_03_2024.csv;"детский лагерь отдыха;оздоровительный центр";1;52,114526;104,094895;1;Point;
Иркутская область, Шелеховский район, Большелугское муниципальное образование, посёлок Огоньки;Лечебно-оздоровительный туризм;Лечебно-оздоровительный;290;Детский оздоровительный лагерь Огоньки;Шелеховский;0;1;все_yandex_отфильровано_объединено_нормировано_25_03_2024.csv;"детский лагерь отдыха;оздоровительный центр";1;52,010416;104,017515;1;Point;
ул. Гидростроителей, 53, жилой район Падун, Братск;Лечебно-оздоровительный туризм;Лечебно-оздоровительный;291;Центр доктора Бубновского;Братск;0;1;все_yandex_отфильровано_объединено_нормировано_25_03_2024.csv;оздоровительный центр;1;56,292266;101,727291;1;Point;
ул. Берёзовая Роща, 30;Лечебно-оздоровительный туризм;Лечебно-оздоровительный;292;Центр доктора Бубновского;Иркутск;0;1;все_yandex_отфильровано_объединено_нормировано_25_03_2024.csv;"медицинская реабилитация;медцентр;клиника;оздоровительный центр";1;52,264088;104,225677;1;Point;
Советская ул., 35, село Аларь;Культурно-познавательный туризм;Культурно-познавательный;293;Музей Степная дума имени В.Б. Мохосоева;Аларский;1;1;все_yandex_отфильровано_объединено_нормировано_25_03_2024.csv;музей;1;53,069656;102,545505;1;Point;
13, 74-й квартал, Ангарск;Культурно-познавательный туризм;Культурно-познавательный;294;Муниципальное бюджетное учреждение культуры Ангарского городского округа Городской музей;Ангарский;1;1;все_yandex_отфильровано_объединено_нормировано_25_03_2024.csv;"музей;культурный центр";1;52,542368;103,889617;1;Point;
Ангарская ул., 6, Зима;Культурно-познавательный туризм;Культурно-познавательный;295;Краеведческий музей;Зима;1;1;все_yandex_отфильровано_объединено_нормировано_25_03_2024.csv;музей;1;53,934067;102,052122;1;Point;
15А, микрорайон 12А, Ангарск;Культурно-познавательный туризм;Культурно-познавательный;296;Музей Победы;Ангарский;1;1;все_yandex_отфильровано_объединено_нормировано_25_03_2024.csv;музей;1;52,512657;103,862031;1;Point;
13, 74-й квартал, Ангарск;Культурно-познавательный туризм;Культурно-познавательный;297;Музей часов;Ангарский;1;1;все_yandex_отфильровано_объединено_нормировано_25_03_2024.csv;музей;1;52,542262;103,889763;1;Point;
15А, микрорайон 12А, Ангарск;Культурно-познавательный туризм;Культурно-познавательный;298;Музей Победы;Ангарский;2;0;все_yandex_отфильровано_объединено_нормировано_25_03_2024.csv;"музей;дополнительное образование";0;52,51263;103,862075;1;Point;296
4, 73-й квартал, Ангарск;Культурно-познавательный туризм;Культурно-познавательный;299;Музей минералов;Ангарский;1;1;все_yandex_отфильровано_объединено_нормировано_25_03_2024.csv;музей;1;52,542245;103,884846;1;Point;
46, 18-й квартал, Шелехов;Культурно-познавательный туризм;Культурно-познавательный;300;Городской Музей Г. И. Шелехова;Шелеховский;0;1;все_yandex_отфильровано_объединено_нормировано_25_03_2024.csv;музей;1;52,212797;104,087594;1;Point;
Комсомольский просп., 79, Усолье-Сибирское;Культурно-познавательный туризм;Культурно-познавательный;301;Усольский историко-краеведческий музей;не обнаружено;1;1;все_yandex_отфильровано_объединено_нормировано_25_03_2024.csv;музей;1;52,749189;103,650598;1;Point;
Советская ул., 10, рабочий посёлок Михайловка;Культурно-познавательный туризм;Культурно-познавательный;302;Историко-краеведческий музей Черемховского района;Черемховский;1;1;все_yandex_отфильровано_объединено_нормировано_25_03_2024.csv;музей;1;52,95592;103,290927;1;Point;
Сосновый пер., 18, посёлок Большой Луг;Культурно-познавательный туризм;Культурно-познавательный;303;Структурное подразделение Большелугский Эко-Центр ГАУ ДО Ио центр развития дополнительного образования детей;Шелеховский;0;1;все_yandex_отфильровано_объединено_нормировано_25_03_2024.csv;музей;1;52,080749;104,082179;1;Point;
Ленинградский просп., 6, Ангарск;Культурно-познавательный туризм;Культурно-познавательный;304;Музей трудовой славы Анхк;Ангарский;0;1;все_yandex_отфильровано_объединено_нормировано_25_03_2024.csv;музей;1;52,508975;103,84646;1;Point;
1, корп. А, 29-й микрорайон, Ангарск;Культурно-познавательный туризм;Культурно-познавательный;305;Музей трудовой славы АНХК;Ангарский;0;1;все_yandex_отфильровано_объединено_нормировано_25_03_2024.csv;музей;1;52,532274;103,862655;1;Point;
1, корп. А, 29-й микрорайон, Ангарск;Культурно-познавательный туризм;Культурно-познавательный;306;Межотраслевой региональный учебный центр;Ангарский;0;1;все_yandex_отфильровано_объединено_нормировано_25_03_2024.csv;музей;1;52,532293;103,862529;1;Point;
Сибирская ул., 8, Ангарск;Культурно-познавательный туризм;Культурно-познавательный;307;Детский клуб Мечта;Ангарский;0;1;все_yandex_отфильровано_объединено_нормировано_25_03_2024.csv;"клуб для детей и подростков;дополнительное образование;музей";1;52,552858;103,877262;1;Point;
Иркутск, улица Челнокова;Культурно-познавательный туризм;Культурно-познавательный;308;Музей истории вагонного депо;Иркутск;0;1;все_yandex_отфильровано_объединено_нормировано_25_03_2024.csv;музей;1;52,285835;104,258184;1;Point;
ул. Лермонтова, 289;Культурно-познавательный туризм;Культурно-познавательный;309;Экспериментарий;Иркутск;1;1;все_yandex_отфильровано_объединено_нормировано_25_03_2024.csv;"музей;планетарий";1;52,24507;104,271487;1;Point;
ул. Чайковского, 5;Культурно-познавательный туризм;Культурно-познавательный;310;Музей истории г. Иркутска им. Сибирякова, филиал Солдаты Отечества;Иркутск;1;1;все_yandex_отфильровано_объединено_нормировано_25_03_2024.csv;музей;1;52,281247;104,236922;1;Point;
ул. Лермонтова, 83, корп. Е;Культурно-познавательный туризм;Культурно-познавательный;311;ИРНИТУ, Государственный минералогический музей имени А.В. Сидорова;Иркутск;1;1;все_yandex_отфильровано_объединено_нормировано_25_03_2024.csv;музей;1;52,261194;104,262728;1;Point;
ул. Академика Образцова, 30;Культурно-познавательный туризм;Культурно-познавательный;312;Музей локомотивного депо;Иркутск;0;1;все_yandex_отфильровано_объединено_нормировано_25_03_2024.csv;музей;1;52,339675;104,206623;1;Point;
ул. Сергеева, 3;Культурно-познавательный туризм;Культурно-познавательный;313;Перевернутый дом;Иркутск;0;1;все_yandex_отфильровано_объединено_нормировано_25_03_2024.csv;музей;1;52,264594;104,222926;1;Point;
ул. Лермонтова, 83, корп. И;Культурно-познавательный туризм;Культурно-познавательный;314;Музей истории НИИрТУ;Иркутск;2;0;все_yandex_отфильровано_объединено_нормировано_25_03_2024.csv;музей;0;52,262042;104,26233;1;Point;311
Трудовая ул., 6, село Смоленщина;Культурно-познавательный туризм;Культурно-познавательный;315;Торгово-выставочный комплекс;Иркутский;0;1;все_yandex_отфильровано_объединено_нормировано_25_03_2024.csv;"музей;магазин подарков и сувениров;изделия из камня";1;52,256623;104,128519;1;Point;
Олхинская ул., 2, Шелехов;Культурно-познавательный туризм;Культурно-познавательный;316;Наследие;Шелеховский;0;1;все_yandex_отфильровано_объединено_нормировано_25_03_2024.csv;"музей;культурный центр";1;52,216204;104,105726;1;Point;
ул. Стояновича, 81, Бодайбо;Культурно-познавательный туризм;Культурно-познавательный;317;Бодайбинский городской краеведческий музей имени В.Ф. Верещагина;Бодайбинский;1;1;все_yandex_отфильровано_объединено_нормировано_25_03_2024.csv;музей;1;57,845616;114,199065;1;Point;
ул. Ленина, 5;Культурно-познавательный туризм;Культурно-познавательный;318;ГБУК Иркутский областной художественный музей имени В. П. Сукачёва;Иркутск;1;1;все_yandex_отфильровано_объединено_нормировано_25_03_2024.csv;"музей;художественная галерея";1;52,283958;104,281599;1;Point;
ул. Степана Разина, 11;Культурно-познавательный туризм;Культурно-познавательный;319;Музей игрушек Бичайханова;Иркутск;0;1;все_yandex_отфильровано_объединено_нормировано_25_03_2024.csv;музей;1;52,285682;104,273932;1;Point;
ул. Дзержинского, 64;Культурно-познавательный туризм;Культурно-познавательный;320;Дом-музей Трубецких;Иркутск;1;1;все_yandex_отфильровано_объединено_нормировано_25_03_2024.csv;музей;1;52,288895;104,301797;1;Point;
ул. Софьи Перовской, 10;Культурно-познавательный туризм;Культурно-познавательный;321;Музей ретро-автомобилей Гараж;Иркутск;1;1;все_yandex_отфильровано_объединено_нормировано_25_03_2024.csv;музей;1;52,27919;104,297191;1;Point;
ул. Карла Маркса, 47;Культурно-познавательный туризм;Культурно-познавательный;322;Музей Боевой Славы;Иркутск;1;1;все_yandex_отфильровано_объединено_нормировано_25_03_2024.csv;музей;1;52,28999;104,294217;1;Point;
ул. Сухэ-Батора, 5;Культурно-познавательный туризм;Культурно-познавательный;323;Музей зоологии позвоночных;Иркутск;1;1;все_yandex_отфильровано_объединено_нормировано_25_03_2024.csv;музей;1;52,288581;104,282537;1;Point;
ул. Свердлова, 20;Культурно-познавательный туризм;Культурно-познавательный;324;Музей В. Г. Распутина;Иркутск;1;1;все_yandex_отфильровано_объединено_нормировано_25_03_2024.csv;музей;1;52,284696;104,283186;1;Point;
ул. Декабрьских Событий, 77А;Культурно-познавательный туризм;Культурно-познавательный;325;Музей истории города Иркутска имени А. М. Сибирякова, филиал Музей городского быта;Иркутск;1;1;все_yandex_отфильровано_объединено_нормировано_25_03_2024.csv;музей;1;52,286013;104,304103;1;Point;
ул. Тимирязева, 33;Культурно-познавательный туризм;Культурно-познавательный;326;Музей пожарной охраны города Иркутска и Иркутской области;Иркутск;1;1;все_yandex_отфильровано_объединено_нормировано_25_03_2024.csv;музей;1;52,283938;104,298292;1;Point;
Подгорная ул., 27;Культурно-познавательный туризм;Культурно-познавательный;327;Музей ретротехники;Иркутск;1;1;все_yandex_отфильровано_объединено_нормировано_25_03_2024.csv;музей;1;52,27859;104,29864;1;Point;
ул. Франк-Каменецкого, 16Б;Культурно-познавательный туризм;Культурно-познавательный;328;МБУК Музей истории города Иркутска имени А. М. Сибирякова отдел истории;Иркутск;1;1;все_yandex_отфильровано_объединено_нормировано_25_03_2024.csv;музей;1;52,290372;104,296212;1;Point;
ул. Сухэ-Батора, 5;Культурно-познавательный туризм;Культурно-познавательный;329;Музей имени М. М. Кожова при Игу;Иркутск;1;1;все_yandex_отфильровано_объединено_нормировано_25_03_2024.csv;музей;1;52,288764;104,28242;1;Point;
ул. Седова, 42/1;Культурно-познавательный туризм;Культурно-познавательный;330;Музей самоваров;Иркутск;0;1;все_yandex_отфильровано_объединено_нормировано_25_03_2024.csv;музей;1;52,27316;104,29251;1;Point;
ул. Ленина, 48;Культурно-познавательный туризм;Культурно-познавательный;331;Музей спортивной славы Приангарья;Иркутск;0;1;все_yandex_отфильровано_объединено_нормировано_25_03_2024.csv;музей;1;52,277238;104,28346;1;Point;
ул. Карла Маркса, 11;Культурно-познавательный туризм;Культурно-познавательный;332;Отдел книжного фонда;Иркутск;1;1;все_yandex_отфильровано_объединено_нормировано_25_03_2024.csv;музей;1;52,281537;104,284127;1;Point;
ул. Карла Либкнехта, 2;Культурно-познавательный туризм;Культурно-познавательный;333;Афат;Иркутск;0;1;все_yandex_отфильровано_объединено_нормировано_25_03_2024.csv;"музей;магия и эзотерика;религиозные товары";1;52,285737;104,287254;1;Point;
ул. Сухэ-Батора, 12;Культурно-познавательный туризм;Культурно-познавательный;334;Арт-Хаус;Иркутск;0;1;все_yandex_отфильровано_объединено_нормировано_25_03_2024.csv;музей;1;52,284428;104,28404;1;Point;
ул. Калинина, 8, село Олонки;Культурно-познавательный туризм;Культурно-познавательный;335;Муниципальное бюджетное учреждение культуры Музей имени декабриста В. Ф. Раевского Муниципального образования Олонки;Боханский;1;1;все_yandex_отфильровано_объединено_нормировано_25_03_2024.csv;музей;1;52,895217;103,699118;1;Point;
ул. Хасановских Боёв, 1, Свирск;Культурно-познавательный туризм;Культурно-познавательный;336;Музей истории города;Черемховский;1;1;все_yandex_отфильровано_объединено_нормировано_25_03_2024.csv;музей;1;53,075992;103,338605;1;Point;
ул. Ленина, 37, Свирск;Культурно-познавательный туризм;Культурно-познавательный;337;Музей мышьяка;Черемховский;1;1;все_yandex_отфильровано_объединено_нормировано_25_03_2024.csv;музей;1;53,077464;103,345552;1;Point;
ул. Ленина, 25, Свирск;Культурно-познавательный туризм;Культурно-познавательный;338;Музей военной техники под открытым небом;Черемховский;0;1;все_yandex_отфильровано_объединено_нормировано_25_03_2024.csv;музей;1;53,075222;103,345745;1;Point;
ул. Гидростроителей, 54, поселок Падун, Братск;Культурно-познавательный туризм;Культурно-познавательный;339;Музей историии Братскгэсстроя и города Братска;Братск;1;1;все_yandex_отфильровано_объединено_нормировано_25_03_2024.csv;музей;1;56,291296;101,726238;1;Point;
Иркутская область, городской округ Братск, территория Ангарская деревня, 3;Культурно-познавательный туризм;Культурно-познавательный;340;Ангарская деревня;Братск;0;1;все_yandex_отфильровано_объединено_нормировано_25_03_2024.csv;музей;1;56,221732;101,681235;1;Point;
Октябрьская ул., 7, Вихоревка;Культурно-познавательный туризм;Культурно-познавательный;341;Музей;Братский;0;1;все_yandex_отфильровано_объединено_нормировано_25_03_2024.csv;музей;1;56,1218;101,164459;1;Point;
Комсомольская ул., 77, Братск;Культурно-познавательный туризм;Культурно-познавательный;342;Музей освоения Ангары;Братск;2;0;все_yandex_отфильровано_объединено_нормировано_25_03_2024.csv;музей;0;56,167294;101,618994;1;Point;110
Центральная ул., 9А, жилой район Осиновка, Братск;Культурно-познавательный туризм;Культурно-познавательный;343;Музей им. В.И. Мокровицкого;Братск;0;1;все_yandex_отфильровано_объединено_нормировано_25_03_2024.csv;музей;1;56,276209;101,896451;1;Point;
Комсомольская ул., 38, Братск;Культурно-познавательный туризм;Культурно-познавательный;344;Музей освоения Ангары;Братск;1;1;все_yandex_отфильровано_объединено_нормировано_25_03_2024.csv;музей;1;56,159824;101,616209;1;Point;
пр. Стройиндустрии, 44, Братск;Культурно-познавательный туризм;Культурно-познавательный;345;Братский музей света;Братск;0;1;все_yandex_отфильровано_объединено_нормировано_25_03_2024.csv;музей;1;56,305507;101,73689;1;Point;
ул. Рябикова, 35, Братск;Культурно-познавательный туризм;Культурно-познавательный;346;Братский городской объединенный музей истории освоения Ангары, отдел Фондов;Братск;0;1;все_yandex_отфильровано_объединено_нормировано_25_03_2024.csv;музей;1;56,173101;101,607211;1;Point;
Парковая ул., 3, Братск;Культурно-познавательный туризм;Культурно-познавательный;347;Музей истории политической ссылки;Братск;1;1;все_yandex_отфильровано_объединено_нормировано_25_03_2024.csv;музей;1;56,157428;101,605316;1;Point;
Коммунальная ул., 21, Братск;Культурно-познавательный туризм;Культурно-познавательный;348;Музей трудовой славы ГЭМ;Братск;0;1;все_yandex_отфильровано_объединено_нормировано_25_03_2024.csv;музей;1;56,14973;101,605116;1;Point;
ул. Красного Октября, 36, рабочий посёлок Куйтун;Культурно-познавательный туризм;Культурно-познавательный;349;Краеведческий музей;Куйтунский;0;1;все_yandex_отфильровано_объединено_нормировано_25_03_2024.csv;музей;1;54,353639;101,522082;1;Point;
24, микрорайон Строителей, Саянск;Культурно-познавательный туризм;Культурно-познавательный;350;Музей истории города;Саянск;1;1;все_yandex_отфильровано_объединено_нормировано_25_03_2024.csv;музей;1;54,11417;102,173858;1;Point;
Иркутская область, Куйтунский район, посёлок городского типа Куйтун;Культурно-познавательный туризм;Культурно-познавательный;351;Куйтунский Районный Краеведческий Музей;Куйтунский;0;1;все_yandex_отфильровано_объединено_нормировано_25_03_2024.csv;музей;1;54,323881;101,508208;1;Point;
Советская ул., 15, Тулун;Культурно-познавательный туризм;Культурно-познавательный;352;МБУК г. Тулуна Краеведческий музей имени П.Ф. Гущина;Тулун;2;0;все_yandex_отфильровано_объединено_нормировано_25_03_2024.csv;музей;0;54,557187;100,573973;1;Point;114
24, микрорайон Строителей, Саянск;Культурно-познавательный туризм;Культурно-познавательный;353;Музейно-выставочный комплекс Города Саянска;Саянск;2;0;все_yandex_отфильровано_объединено_нормировано_25_03_2024.csv;музей;0;54,114315;102,173931;1;Point;350
ул. Гоголя, 41, Тулун;Культурно-познавательный туризм;Культурно-познавательный;354;Река и Я;Тулун;0;1;все_yandex_отфильровано_объединено_нормировано_25_03_2024.csv;музей;1;54,577421;100,567982;1;Point;
11, Солнечный микрорайон, Саянск;Культурно-познавательный туризм;Культурно-познавательный;355;Музей АО Саянскхимпласт;Саянск;0;1;все_yandex_отфильровано_объединено_нормировано_25_03_2024.csv;музей;1;54,110967;102,153338;1;Point;
Иркутский район, Большереченское муниципальное образование, посёлок Тальцы;Культурно-познавательный туризм;Культурно-познавательный;356;Архитектурно-этнографический музей Тальцы;Иркутский;0;1;все_yandex_отфильровано_объединено_нормировано_25_03_2024.csv;музей;1;51,998172;104,66891;1;Point;
ул. Ленина, 76, п. г. т. Залари;Культурно-познавательный туризм;Культурно-познавательный;357;Заларинский историко-краеведческий музей;Заларинский;1;1;все_yandex_отфильровано_объединено_нормировано_25_03_2024.csv;музей;1;53,55341;102,498433;1;Point;
ул. Карла Маркса, 21, Зима;Культурно-познавательный туризм;Культурно-познавательный;358;Дом-музей поэзии имени Евгения Евтушенко;Зима;0;1;все_yandex_отфильровано_объединено_нормировано_25_03_2024.csv;"музей;экскурсии";1;53,916673;102,046017;1;Point;
Иркутский район, Александровский тракт, 5-й километр, 1;Культурно-познавательный туризм;Культурно-познавательный;359;Музей мусора;Иркутский;1;1;все_yandex_отфильровано_объединено_нормировано_25_03_2024.csv;музей;1;52,382381;104,303091;1;Point;
ул. Седова, 30;Культурно-познавательный туризм;Культурно-познавательный;360;Иркутский планетарий;Иркутск;1;1;все_yandex_отфильровано_объединено_нормировано_25_03_2024.csv;"планетарий;музей";1;52,273867;104,289779;1;Point;
ул. Карла Маркса, 11;Культурно-познавательный туризм;Культурно-познавательный;361;Иркутский областной краеведческий музей имени Н.Н. Муравьева-Амурского, Отдел природы;Иркутск;2;0;все_yandex_отфильровано_объединено_нормировано_25_03_2024.csv;музей;0;52,281413;104,283974;1;Point;117
Иркутский район, посёлок Молодёжный;Культурно-познавательный туризм;Культурно-познавательный;362;Музей истории Федерального государственного бюджетного образовательного учреждения высшего образования Иркутский государственный аграрный университет имени А. А. Ежевского;Иркутский;0;1;все_yandex_отфильровано_объединено_нормировано_25_03_2024.csv;музей;1;52,232653;104,417761;1;Point;
ул. Баррикад, 63;Культурно-познавательный туризм;Культурно-познавательный;363;Музей истории Иркутского тюремного замка имени А. В. Колчака;Иркутск;0;1;все_yandex_отфильровано_объединено_нормировано_25_03_2024.csv;музей;1;52,293872;104,312117;1;Point;
ул. Декабрьских Событий, 77А;Культурно-познавательный туризм;Культурно-познавательный;364;Музей чая;Иркутск;2;0;все_yandex_отфильровано_объединено_нормировано_25_03_2024.csv;музей;0;52,285955;104,30424;1;Point;325
ул. 3 Июля, 21Б;Культурно-познавательный туризм;Культурно-познавательный;365;Музей Окно в Азию;Иркутск;1;1;все_yandex_отфильровано_объединено_нормировано_25_03_2024.csv;музей;1;52,273688;104,28902;1;Point;
ул. Тимирязева, 59;Культурно-познавательный туризм;Культурно-познавательный;366;Музей охотоведения;Иркутск;0;1;все_yandex_отфильровано_объединено_нормировано_25_03_2024.csv;музей;1;52,287765;104,302534;1;Point;
ул. Кирова, 91/3, село Оек;Культурно-познавательный туризм;Культурно-познавательный;367;Музей истории села Оёк;Иркутский;1;1;все_yandex_отфильровано_объединено_нормировано_25_03_2024.csv;музей;1;52,585098;104,454002;1;Point;
ул. Седова, 30;Культурно-познавательный туризм;Культурно-познавательный;368;Музей Ноосфера имени Михаила Щадова;Иркутск;1;1;все_yandex_отфильровано_объединено_нормировано_25_03_2024.csv;музей;1;52,273802;104,289964;1;Point;
ул. Марата, 11;Культурно-познавательный туризм;Культурно-познавательный;369;ЦСИ Огонь;Иркутск;0;1;все_yandex_отфильровано_объединено_нормировано_25_03_2024.csv;музей;1;52,28858;104,27589;1;Point;
Иркутская область, Слюдянский район, посёлок Утулик;Культурно-познавательный туризм;Культурно-познавательный;370;Дом краеведа;Слюдянский;1;1;все_yandex_отфильровано_объединено_нормировано_25_03_2024.csv;музей;1;51,54786;104,068602;1;Point;
ул. Ленина, 3;Культурно-познавательный туризм;Культурно-познавательный;371;Игу, геологический музей;Иркутск;1;1;все_yandex_отфильровано_объединено_нормировано_25_03_2024.csv;музей;1;52,284934;104,280909;1;Point;
ул. Литвинова, 15;Культурно-познавательный туризм;Культурно-познавательный;372;Музей ГУ МВД России по Иркутской области;Иркутск;0;1;все_yandex_отфильровано_объединено_нормировано_25_03_2024.csv;музей;1;52,282482;104,293107;1;Point;
Берёзовая ул., 14, посёлок Утулик;Культурно-познавательный туризм;Культурно-познавательный;373;Дом краеведа;Слюдянский;2;0;все_yandex_отфильровано_объединено_нормировано_25_03_2024.csv;музей;0;51,547917;104,068258;1;Point;370
пер. Волконского, 10;Культурно-познавательный туризм;Культурно-познавательный;374;Дом-музей Волконских;Иркутск;1;1;все_yandex_отфильровано_объединено_нормировано_25_03_2024.csv;музей;1;52,287651;104,304887;1;Point;
Подгорная ул., 27;Культурно-познавательный туризм;Культурно-познавательный;375;Музей ретро мототехники;Иркутск;2;0;все_yandex_отфильровано_объединено_нормировано_25_03_2024.csv;музей;0;52,278535;104,298765;1;Point;327
ул. Франк-Каменецкого, 16А;Культурно-познавательный туризм;Культурно-познавательный;376;МБУК Музей истории города Иркутска имени А. М. Сибирякова;Иркутск;2;0;все_yandex_отфильровано_объединено_нормировано_25_03_2024.csv;музей;0;52,290715;104,296381;1;Point;328
ул. Декабрьских Событий, 112;Культурно-познавательный туризм;Культурно-познавательный;377;Музей-усадьба В. П. Сукачёва;Иркутск;1;1;все_yandex_отфильровано_объединено_нормировано_25_03_2024.csv;музей;1;52,279003;104,316394;1;Point;
ул. Карла Маркса, 13;Культурно-познавательный туризм;Культурно-познавательный;378;Иркутский областной краеведческий музей им. Н.Н. Муравьева-Амурского, Музейная студия;Иркутск;1;1;все_yandex_отфильровано_объединено_нормировано_25_03_2024.csv;музей;1;52,281685;104,284299;1;Point;
ул. Свердлова, 16;Культурно-познавательный туризм;Культурно-познавательный;379;Иркутский областной художественный музей имени В.П. Сукачёва;Иркутск;2;0;все_yandex_отфильровано_объединено_нормировано_25_03_2024.csv;музей;0;52,284412;104,282574;1;Point;318
ул. Кожова, 27;Культурно-познавательный туризм;Культурно-познавательный;380;Музей истории ВСЖД Всцнтиб - Структурного подразделения ВСЖД - Филиала РЖД;Иркутск;0;1;все_yandex_отфильровано_объединено_нормировано_25_03_2024.csv;музей;1;52,272701;104,292538;1;Point;
ул. Седова, 30;Культурно-познавательный туризм;Культурно-познавательный;381;Фантаст;Иркутск;0;1;все_yandex_отфильровано_объединено_нормировано_25_03_2024.csv;музей;1;52,273913;104,289859;1;Point;
ул. Фурье, 3;Культурно-познавательный туризм;Культурно-познавательный;382;Афат;Иркутск;0;1;все_yandex_отфильровано_объединено_нормировано_25_03_2024.csv;"магия и эзотерика;магазин подарков и сувениров;музей";1;52,284883;104,291808;1;Point;
ул. Бабушкина, 20, Слюдянка;Культурно-познавательный туризм;Культурно-познавательный;383;Историко-минералогический музей;Слюдянский;1;1;все_yandex_отфильровано_объединено_нормировано_25_03_2024.csv;музей;1;51,653933;103,726139;1;Point;
Иркутский район, Большереченское муниципальное образование, поселок Тальцы;Культурно-познавательный туризм;Культурно-познавательный;384;Илимский острог в Тальцах;Иркутский;0;1;все_yandex_отфильровано_объединено_нормировано_25_03_2024.csv;"музей;достопримечательность";1;51,996019;104,66497;1;Point;
Иркутская область, Слюдянский район, Кругобайкальская железная дорога, остановочный пункт Старая Ангасолка;Культурно-познавательный туризм;Культурно-познавательный;385;Музей Рерихов;Слюдянский;0;1;все_yandex_отфильровано_объединено_нормировано_25_03_2024.csv;музей;1;51,732358;103,828729;1;Point;
Пионерская ул., 29/2, п. г. т. Новая Игирма;Культурно-познавательный туризм;Культурно-познавательный;386;МКУК Историко -художественный музей им. академика М. К. Янгеля;Нижнеилимский;0;1;все_yandex_отфильровано_объединено_нормировано_25_03_2024.csv;музей;1;57,144372;103,923975;1;Point;
75А, 2-й квартал, Железногорск-Илимский;Культурно-познавательный туризм;Культурно-познавательный;387;Краеведческий отдел МКУК Историко-Художественный музей им. академика М. К. Янгеля;Нижнеилимский;0;1;все_yandex_отфильровано_объединено_нормировано_25_03_2024.csv;музей;1;56,57882;104,126896;1;Point;
ул. Карла Маркса, 67, Усть-Илимск;Культурно-познавательный туризм;Культурно-познавательный;388;Краеведческий музей;Усть-Илимский;1;1;все_yandex_отфильровано_объединено_нормировано_25_03_2024.csv;музей;1;57,932447;102,715774;1;Point;
Железнодорожная ул., 22, Слюдянка;Культурно-познавательный туризм;Культурно-познавательный;389;Музей истории ВСЖД;Слюдянский;2;0;все_yandex_отфильровано_объединено_нормировано_25_03_2024.csv;музей;0;51,654637;103,726749;1;Point;383
Вокзальная ул., 12, поселок Байкал (порт);Культурно-познавательный туризм;Культурно-познавательный;390;Музей Кругобайкальской железной дороги;Слюдянский;0;1;все_yandex_отфильровано_объединено_нормировано_25_03_2024.csv;музей;1;51,87023;104,809536;1;Point;
ул. Ленина, 27, Нижнеудинск;Культурно-познавательный туризм;Культурно-познавательный;391;Нижнеудинский краеведческий музей;Нижнеудинский;0;1;все_yandex_отфильровано_объединено_нормировано_25_03_2024.csv;музей;1;54,906714;99,032942;1;Point;
ул. Ференца Патаки, 1, Черемхово;Культурно-познавательный туризм;Культурно-познавательный;392;Музей истории города Черемхово;Черемховский;1;1;все_yandex_отфильровано_объединено_нормировано_25_03_2024.csv;музей;1;53,13796;103,087671;1;Point;
ул. Пенкальского, 8, село Еланцы;Культурно-познавательный туризм;Культурно-познавательный;395;Историко-краеведческий музей;Ольхонский;1;1;все_yandex_отфильровано_объединено_нормировано_25_03_2024.csv;музей;1;52,798024;106,400212;1;Point;
ул. Бутунаева, 2, село Баяндай;Культурно-познавательный туризм;Культурно-познавательный;396;Баяндаевский Этнографический Музей;Баяндаевский;0;1;все_yandex_отфильровано_объединено_нормировано_25_03_2024.csv;музей;1;53,059088;105,501336;1;Point;
ул. Бабушкина, 22, Слюдянка;Культурно-познавательный туризм;Культурно-познавательный;397;Древности Байкала;Слюдянский;0;1;все_yandex_отфильровано_объединено_нормировано_25_03_2024.csv;музей;1;51,653534;103,72675;1;Point;
ул. Чапаева, 64, рабочий посёлок Листвянка;Культурно-познавательный туризм;Культурно-познавательный;398;Куклы советского детства;Иркутский;0;1;все_yandex_отфильровано_объединено_нормировано_25_03_2024.csv;музей;1;51,856434;104,875231;1;Point;
Берёзовая ул., 13, посёлок Тальцы;Культурно-познавательный туризм;Культурно-познавательный;399;Выставочный зал Сафари;Иркутский;0;1;все_yandex_отфильровано_объединено_нормировано_25_03_2024.csv;музей;1;51,990398;104,669972;1;Point;
Иркутская область, Слюдянский район, Байкальское муниципальное образование, Байкальск, Промплощадка;Культурно-познавательный туризм;Культурно-познавательный;400;Музей индустриального наследия Байкальского целлюлозно-бумажного комбината;Слюдянский;0;1;все_yandex_отфильровано_объединено_нормировано_25_03_2024.csv;музей;1;51,518925;104,179333;1;Point;
ул. Куликова, 62В, рабочий посёлок Листвянка;Культурно-познавательный туризм;Культурно-познавательный;401;Музей ретро-парк семьи Осиповых;Иркутский;0;1;все_yandex_отфильровано_объединено_нормировано_25_03_2024.csv;"музей;художественная мастерская";1;51,859775;104,865113;1;Point;
ул. Куликова, 12Б, рабочий посёлок Листвянка;Культурно-познавательный туризм;Культурно-познавательный;402;Байкальский музей самоцветов;Иркутский;1;1;все_yandex_отфильровано_объединено_нормировано_25_03_2024.csv;музей;1;51,857578;104,861079;1;Point;
ул. Горького, 7, рабочий посёлок Листвянка;Культурно-познавательный туризм;Культурно-познавательный;403;Избушка волшебных традиций;Иркутский;0;1;все_yandex_отфильровано_объединено_нормировано_25_03_2024.csv;музей;1;51,859743;104,855161;1;Point;
ул. Лазо, 19, Тайшет;Культурно-познавательный туризм;Культурно-познавательный;404;Музей локомотивного депо г. Тайшет;Тайшетский;0;1;все_yandex_отфильровано_объединено_нормировано_25_03_2024.csv;музей;1;55,927076;98,018366;1;Point;
ул. Кирова, 91/3, село Оек;Культурно-познавательный туризм;Культурно-познавательный;405;МУ Социально-культурный спортивный комплекс, Оёкский дом культуры;Иркутский;0;1;все_yandex_отфильровано_объединено_нормировано_25_03_2024.csv;"дом культуры;спортивный клуб;секция;библиотека;музей";1;52,585309;104,453982;1;Point;
ул. Седова, 42/1;Культурно-познавательный туризм;Культурно-познавательный;406;Собрание Спешилова;Иркутск;0;1;все_yandex_отфильровано_объединено_нормировано_25_03_2024.csv;"ресторан;музей";1;52,273148;104,29233;1;Point;
ул. Левый берег Каи, 2;Лечебно-оздоровительный туризм;Лечебно-оздоровительный;407;Ковчег;Иркутск;0;1;все_yandex_отфильровано_объединено_нормировано_25_03_2024.csv;санаторно-курортное объединение;1;52,270337;104,235619;1;Point;
ул. Ленина, 30, Черемхово;Развлекательный туризм;Развлекательный;408;Детские аттракционы ЦПКиО;Черемховский;0;1;все_yandex_отфильровано_объединено_нормировано_25_03_2024.csv;парк аттракционов;1;53,137253;103,07529;1;Point;
Иркутская область, Свирск;Развлекательный туризм;Развлекательный;409;Центральный парк;Черемховский;0;1;все_yandex_отфильровано_объединено_нормировано_25_03_2024.csv;парк аттракционов;1;53,072936;103,347724;1;Point;
Иркутская область, городской округ Свирск;Развлекательный туризм;Развлекательный;410;Колесо обозрения;Черемховский;1;1;все_yandex_отфильровано_объединено_нормировано_25_03_2024.csv;парк аттракционов;1;53,072896;103,347998;1;Point;
Иркутская область, Усольский район, Мишелёвское муниципальное образование, посёлок Усолье-7, Лесная улица;Развлекательный туризм;Развлекательный;411;Парк аттракционов;Усольский;0;1;все_yandex_отфильровано_объединено_нормировано_25_03_2024.csv;"парк аттракционов;парк культуры и отдыха";1;52,898838;103,281603;1;Point;
Иркутская область, Свирск;Развлекательный туризм;Развлекательный;412;Тропикана;Черемховский;0;1;все_yandex_отфильровано_объединено_нормировано_25_03_2024.csv;парк аттракционов;1;53,073461;103,347841;1;Point;
Иркутская область, Свирск;Развлекательный туризм;Развлекательный;413;Юнга;Черемховский;0;1;все_yandex_отфильровано_объединено_нормировано_25_03_2024.csv;парк аттракционов;1;53,073206;103,348003;1;Point;
ул. Ворошилова, 2/5, Ангарск;Развлекательный туризм;Развлекательный;414;Кругозор;Ангарский;1;1;все_yandex_отфильровано_объединено_нормировано_25_03_2024.csv;"парк аттракционов;аттракцион;парк культуры и отдыха";1;52,542379;103,872024;1;Point;
Иркутская область, Ангарск, 208-й квартал;Развлекательный туризм;Развлекательный;415;Куражные горки;Ангарский;0;1;все_yandex_отфильровано_объединено_нормировано_25_03_2024.csv;парк аттракционов;1;52,509643;103,822609;1;Point;
Иркутская область, Ангарск, парк Современник;Развлекательный туризм;Развлекательный;416;Парк аттракционов;Ангарский;1;1;все_yandex_отфильровано_объединено_нормировано_25_03_2024.csv;парк аттракционов;1;52,509759;103,834792;1;Point;
Иркутская область, Ангарск, 181-й квартал;Развлекательный туризм;Развлекательный;417;Парк аттракционов;Ангарский;2;0;все_yandex_отфильровано_объединено_нормировано_25_03_2024.csv;парк аттракционов;0;52,509188;103,83498;1;Point;416
Иркутская область, Ангарск, Южный массив, 6-й квартал;Развлекательный туризм;Развлекательный;418;Парк аттракционов;Ангарский;0;1;все_yandex_отфильровано_объединено_нормировано_25_03_2024.csv;парк аттракционов;1;52,48683;103,816997;1;Point;
ул. Коминтерна, 7, Ангарск;Развлекательный туризм;Развлекательный;419;Rocket Vr;Ангарский;0;1;все_yandex_отфильровано_объединено_нормировано_25_03_2024.csv;парк аттракционов;1;52,521908;103,882106;1;Point;
10, 19-й микрорайон, Ангарск;Развлекательный туризм;Развлекательный;420;VR-angarsk;Ангарский;0;1;все_yandex_отфильровано_объединено_нормировано_25_03_2024.csv;"парк аттракционов;развлекательный центр;игровой клуб";1;52,50345;103,848553;1;Point;
3, 81-й квартал, Ангарск;Развлекательный туризм;Развлекательный;421;Skycentre;Ангарский;0;1;все_yandex_отфильровано_объединено_нормировано_25_03_2024.csv;"батутный центр;парк аттракционов";1;52,539891;103,885601;1;Point;
Иркутская область, Усолье-Сибирское, Нижний парк;Развлекательный туризм;Развлекательный;422;Леопарк;не обнаружено;0;1;все_yandex_отфильровано_объединено_нормировано_25_03_2024.csv;парк аттракционов;1;52,758239;103,639159;1;Point;
ул. Коминтерна, 7, Ангарск;Активный туризм;Активный;423;Класс! Парк;Ангарский;0;1;все_yandex_отфильровано_объединено_нормировано_25_03_2024.csv;"верёвочный парк;парк аттракционов";1;52,521909;103,882103;1;Point;
ул. Сергеева, 3/5;Развлекательный туризм;Развлекательный;424;Scandy Restopark;Иркутск;0;1;все_yandex_отфильровано_объединено_нормировано_25_03_2024.csv;"развлекательный центр;организация и проведение детских праздников;парк аттракционов";1;52,265399;104,227159;1;Point;
5, остров Конный;Развлекательный туризм;Развлекательный;425;Колесо обозрения Кругозор;Иркутск;1;1;все_yandex_отфильровано_объединено_нормировано_25_03_2024.csv;"аттракцион;достопримечательность;парк аттракционов";1;52,269502;104,277867;1;Point;
Иркутск, Падь Грязнуха;Развлекательный туризм;Развлекательный;426;Этнопарк Затерянный мир;Иркутск;0;1;все_yandex_отфильровано_объединено_нормировано_25_03_2024.csv;парк аттракционов;1;52,306218;104,358813;1;Point;
Старо-Кузьмихинская ул., 37/15;Развлекательный туризм;Развлекательный;427;Поляна;Иркутск;0;1;все_yandex_отфильровано_объединено_нормировано_25_03_2024.csv;"спортивно-развлекательный центр;каток;парк аттракционов;парк культуры и отдыха";1;52,250531;104,279031;1;Point;
Академическая ул., 31/1;Развлекательный туризм;Развлекательный;428;Матрица;Иркутск;0;1;все_yandex_отфильровано_объединено_нормировано_25_03_2024.csv;"клуб виртуальной реальности;парк аттракционов;игровой клуб";1;52,234046;104,303519;1;Point;
просп. Маршала Жукова, 36А/2;Развлекательный туризм;Развлекательный;429;Ледяной городок Хрустальная сказка;Иркутск;0;1;все_yandex_отфильровано_объединено_нормировано_25_03_2024.csv;"зимние развлечения;парк аттракционов";1;52,250734;104,346545;1;Point;
Верхняя наб., 10;Развлекательный туризм;Развлекательный;430;Jungle Park;Иркутск;0;1;все_yandex_отфильровано_объединено_нормировано_25_03_2024.csv;"игровая комната;организация и проведение детских праздников;торты на заказ;кафе;парк аттракционов;кинотеатр";1;52,267914;104,289041;1;Point;
Индустриальный пр., 7, Братск;Развлекательный туризм;Развлекательный;431;Бонифаций;Братск;1;1;все_yandex_отфильровано_объединено_нормировано_25_03_2024.csv;"развлекательный центр;детская площадка;парк аттракционов";1;56,138898;101,623896;1;Point;
Индустриальный пр., 7, Братск;Развлекательный туризм;Развлекательный;432;Бонифаций;Братск;2;0;все_yandex_отфильровано_объединено_нормировано_25_03_2024.csv;парк аттракционов;0;56,139188;101,62395;1;Point;431
Иркутская область, Саянск, микрорайон Строителей;Развлекательный туризм;Развлекательный;433;Городская горка;Саянск;0;1;все_yandex_отфильровано_объединено_нормировано_25_03_2024.csv;парк аттракционов;1;54,113142;102,168985;1;Point;
Советская ул., 55;Развлекательный туризм;Развлекательный;434;Абарион парк;Иркутск;0;1;все_yandex_отфильровано_объединено_нормировано_25_03_2024.csv;"парк аттракционов;производство и продажа аттракционов";1;52,279774;104,319921;1;Point;
Иркутская область, Байкальский тракт, 62-й километр, 1;Развлекательный туризм;Развлекательный;435;Экстрим-парк;Иркутский;0;1;все_yandex_отфильровано_объединено_нормировано_25_03_2024.csv;парк аттракционов;1;51,901231;104,817359;1;Point;
Иркутская область, Усть-Илимск, 7-й микрорайон;Развлекательный туризм;Развлекательный;436;Летние аттракционы;Усть-Илимский;0;1;все_yandex_отфильровано_объединено_нормировано_25_03_2024.csv;парк аттракционов;1;57,946721;102,737378;1;Point;
Советская ул., 176Б/1;Развлекательный туризм;Развлекательный;437;Квест Внутри;Иркутск;0;1;все_yandex_отфильровано_объединено_нормировано_25_03_2024.csv;"квесты;организация и проведение детских праздников;развлекательный центр";1;52,279667;104,340691;1;Point;
Иркутская область, Черемхово, Центральный парк культуры и отдыха;Развлекательный туризм;Развлекательный;438;Аттракцион;Черемховский;0;1;все_yandex_отфильровано_объединено_нормировано_25_03_2024.csv;аттракцион;1;53,137039;103,075119;1;Point;
Иркутск, Свердловский округ;Развлекательный туризм;Развлекательный;439;Колесо обозрения Счастье;Иркутск;1;1;все_yandex_отфильровано_объединено_нормировано_25_03_2024.csv;аттракцион;1;52,250966;104,281901;1;Point;
бул. Победы, 30А, Братск;Активный туризм;Активный;440;Первый батутный парк;Братск;0;1;все_yandex_отфильровано_объединено_нормировано_25_03_2024.csv;"батутный центр;скалодром;спортивный комплекс;спортивно-развлекательный центр";1;56,150058;101,648925;1;Point;
Ленинский просп., 66, Усолье-Сибирское;Развлекательный туризм;Развлекательный;441;Класс! Парк;не обнаружено;0;1;все_yandex_отфильровано_объединено_нормировано_25_03_2024.csv;"батутный центр;детская площадка;развлекательный центр";1;52,732191;103,664237;1;Point;
Иркутская область, Усть-Илимск, 1-й микрорайон;Развлекательный туризм;Развлекательный;442;Летние аттракционы;Усть-Илимский;0;1;все_yandex_отфильровано_объединено_нормировано_25_03_2024.csv;аттракцион;1;57,95422;102,73826;1;Point;
;Лечебно-оздоровительный туризм;Лечебно-оздоровительный;443;Таёжный;Усольский;0;1;все_yandex_отфильровано_объединено_нормировано_25_03_2024.csv;санаторий;1;52,851097;103,112497;1;Point;
2-я Железнодорожная ул., 4, корп. 7;Лечебно-оздоровительный туризм;Лечебно-оздоровительный;444;Ангара;Иркутск;0;1;все_yandex_отфильровано_объединено_нормировано_25_03_2024.csv;"оздоровительный центр;соляная пещера;диагностический центр";1;52,292251;104,24119;1;Point;
Иркутский район, Байкальский тракт, 43-й километр;Лечебно-оздоровительный туризм;Лечебно-оздоровительный;445;Санаторий Электра, коттедж № 5;Иркутский;0;1;все_yandex_отфильровано_объединено_нормировано_25_03_2024.csv;санаторий;1;52,029158;104,636118;1;Point;
бул. Гагарина, 74;Развлекательный туризм;Развлекательный;446;Царский;Иркутск;0;1;все_yandex_отфильровано_объединено_нормировано_25_03_2024.csv;"батутный центр;спортивно-развлекательный центр";1;52,286394;104,267327;1;Point;
Верхняя наб., 10;Развлекательный туризм;Развлекательный;447;ЯркоМолл;Иркутск;0;1;все_yandex_отфильровано_объединено_нормировано_25_03_2024.csv;"торговый центр;развлекательный центр";1;52,268252;104,289001;1;Point;
Советская ул., 109/1;Развлекательный туризм;Развлекательный;448;Космодром;Иркутск;0;1;все_yandex_отфильровано_объединено_нормировано_25_03_2024.csv;"боулинг-клуб;развлекательный центр";1;52,280197;104,340355;1;Point;
бул. Рябикова, 96, стр. 1, Иркутск;Развлекательный туризм;Развлекательный;449;Экстраверт;Иркутский;0;1;все_yandex_отфильровано_объединено_нормировано_25_03_2024.csv;"развлекательный центр;картинг;квесты";1;52,255495;104,2014;1;Point;
19/1, микрорайон Юбилейный;Развлекательный туризм;Развлекательный;450;Акула;Иркутск;0;1;все_yandex_отфильровано_объединено_нормировано_25_03_2024.csv;"развлекательный центр;организация и проведение детских праздников";1;52,227851;104,303772;1;Point;
Советская ул., 58/1;Развлекательный туризм;Развлекательный;451;Любо-Город;Иркутск;0;1;все_yandex_отфильровано_объединено_нормировано_25_03_2024.csv;"развлекательный центр;игровая комната;организация и проведение детских праздников";1;52,276063;104,304943;1;Point;
Байкальская ул., 267И;Развлекательный туризм;Развлекательный;452;Laser People;Иркутск;0;1;все_yandex_отфильровано_объединено_нормировано_25_03_2024.csv;"развлекательный центр;игровая комната;организация мероприятий";1;52,254842;104,363153;1;Point;
ул. Франк-Каменецкого, 19;Развлекательный туризм;Развлекательный;453;Show Today;Иркутск;0;1;все_yandex_отфильровано_объединено_нормировано_25_03_2024.csv;"организация мероприятий;квесты;развлекательный центр";1;52,289896;104,299543;1;Point;
ул. Сергеева, 3/5;Развлекательный туризм;Развлекательный;454;Сильвер молл;Иркутск;0;1;все_yandex_отфильровано_объединено_нормировано_25_03_2024.csv;"торговый центр;развлекательный центр";1;52,265675;104,226514;1;Point;
Партизанская ул., 36;Развлекательный туризм;Развлекательный;455;Карамель;Иркутск;0;1;все_yandex_отфильровано_объединено_нормировано_25_03_2024.csv;"торговый центр;развлекательный центр";1;52,279432;104,302553;1;Point;
ул. Литвинова, 17;Развлекательный туризм;Развлекательный;456;Фан Чулан;Иркутск;0;1;все_yandex_отфильровано_объединено_нормировано_25_03_2024.csv;развлекательный центр;1;52,281844;104,29535;1;Point;
19/1, микрорайон Юбилейный;Развлекательный туризм;Развлекательный;457;Юбилейный;Иркутск;0;1;все_yandex_отфильровано_объединено_нормировано_25_03_2024.csv;"торговый центр;развлекательный центр";1;52,227575;104,304108;1;Point;
ул. Сергеева, 3/4;Развлекательный туризм;Развлекательный;458;Мистер Икс;Иркутск;1;1;все_yandex_отфильровано_объединено_нормировано_25_03_2024.csv;"торговый центр;развлекательный центр";1;52,265409;104,223945;1;Point;
ул. Фурманова, 11, Черемхово;Развлекательный туризм;Развлекательный;459;Food батут;Черемховский;0;1;все_yandex_отфильровано_объединено_нормировано_25_03_2024.csv;"развлекательный центр;батутный центр";1;53,138254;103,088889;1;Point;
ул. Декабрьских Событий, 17, Черемхово;Развлекательный туризм;Развлекательный;460;Игровая комната Лемо;Черемховский;0;1;все_yandex_отфильровано_объединено_нормировано_25_03_2024.csv;"игровая комната;детская площадка;развлекательный центр";1;53,147823;103,073843;1;Point;
ул. Ленина, 17, Черемхово;Развлекательный туризм;Развлекательный;461;Vr Avatar виртуальная реальность в Черемхово!;Черемховский;0;1;все_yandex_отфильровано_объединено_нормировано_25_03_2024.csv;"развлекательный центр;клуб виртуальной реальности;игровой клуб";1;53,14041;103,075226;1;Point;
12, 192-й квартал, Ангарск;Развлекательный туризм;Развлекательный;462;Полетели!;Ангарский;0;1;все_yandex_отфильровано_объединено_нормировано_25_03_2024.csv;"развлекательный центр;батутный центр;детская площадка";1;52,503136;103,841141;1;Point;
12, 192-й квартал, Ангарск;Развлекательный туризм;Развлекательный;463;Фестиваль;Ангарский;0;1;все_yandex_отфильровано_объединено_нормировано_25_03_2024.csv;"торговый центр;развлекательный центр";1;52,503881;103,84181;1;Point;
30, 29-й микрорайон, Ангарск;Развлекательный туризм;Развлекательный;464;Зодиак;Ангарский;0;1;все_yandex_отфильровано_объединено_нормировано_25_03_2024.csv;"боулинг-клуб;кафе;развлекательный центр";1;52,53151;103,859333;1;Point;
Фестивальная ул., 14, Ангарск;Развлекательный туризм;Развлекательный;465;Лукоморье;Ангарский;0;1;все_yandex_отфильровано_объединено_нормировано_25_03_2024.csv;спортивно-развлекательный центр;1;52,505549;103,838285;1;Point;
20А, 17-й микрорайон, Ангарск;Развлекательный туризм;Развлекательный;466;Барон;Ангарский;0;1;все_yandex_отфильровано_объединено_нормировано_25_03_2024.csv;развлекательный центр;1;52,49689;103,854385;1;Point;
5В, 179-й квартал, Ангарск;Развлекательный туризм;Развлекательный;467;Тортуга;Ангарский;0;1;все_yandex_отфильровано_объединено_нормировано_25_03_2024.csv;"кафе;организация и проведение детских праздников;развлекательный центр";1;52,510196;103,836728;1;Point;
4, квартал А, Ангарск;Развлекательный туризм;Развлекательный;468;Карамель;Ангарский;0;1;все_yandex_отфильровано_объединено_нормировано_25_03_2024.csv;развлекательный центр;1;52,505763;103,832304;1;Point;
Ангарская ул., 102А, село Баклаши;Развлекательный туризм;Развлекательный;469;Рубеж;Шелеховский;0;1;все_yandex_отфильровано_объединено_нормировано_25_03_2024.csv;"лазертаг;спортивный клуб;секция;развлекательный центр";1;52,229029;104,043882;1;Point;
Комсомольский просп., 30, Усолье-Сибирское;Развлекательный туризм;Развлекательный;470;Джунгли парк;не обнаружено;0;1;все_yandex_отфильровано_объединено_нормировано_25_03_2024.csv;развлекательный центр;1;52,756611;103,636153;1;Point;
ул. Орловских Комсомольцев, 34А, Шелехов;Развлекательный туризм;Развлекательный;471;Music Town;Шелеховский;0;1;все_yandex_отфильровано_объединено_нормировано_25_03_2024.csv;"кафе;развлекательный центр";1;52,211556;104,084154;1;Point;
просп. Красных Партизан, 29В, Усолье-Сибирское;Развлекательный туризм;Развлекательный;472;Белый аист;не обнаружено;0;1;все_yandex_отфильровано_объединено_нормировано_25_03_2024.csv;развлекательный центр;1;52,733332;103,6612;1;Point;
Комсомольский просп., 130, Усолье-Сибирское;Развлекательный туризм;Развлекательный;473;Непоседа;не обнаружено;0;1;все_yandex_отфильровано_объединено_нормировано_25_03_2024.csv;"центр развития ребёнка;развлекательный центр";1;52,734654;103,661452;1;Point;
ул. Сергеева, 3/3А;Развлекательный туризм;Развлекательный;474;Класс! Парк;Иркутск;1;1;все_yandex_отфильровано_объединено_нормировано_25_03_2024.csv;"развлекательный центр;игровая комната;организация и проведение детских праздников";1;52,2659;104,22448;1;Point;
пр. Юрия Тена, 17;Развлекательный туризм;Развлекательный;475;Аватар;Иркутск;0;1;все_yandex_отфильровано_объединено_нормировано_25_03_2024.csv;"клуб виртуальной реальности;развлекательный центр";1;52,254057;104,256669;1;Point;
ул. Сергеева, 3Б/1;Развлекательный туризм;Развлекательный;476;Полетели;Иркутск;0;1;все_yandex_отфильровано_объединено_нормировано_25_03_2024.csv;"батутный центр;организация и проведение детских праздников;развлекательный центр";1;52,266553;104,223237;1;Point;
ул. Сибирских Партизан, 1А;Развлекательный туризм;Развлекательный;477;Laser Base;Иркутск;0;1;все_yandex_отфильровано_объединено_нормировано_25_03_2024.csv;"развлекательный центр;лазертаг";1;52,344903;104,225789;1;Point;
4-я Железнодорожная ул., 6;Развлекательный туризм;Развлекательный;478;Детский дворик;Иркутск;0;1;все_yandex_отфильровано_объединено_нормировано_25_03_2024.csv;"детская площадка;игровая комната;организация мероприятий;развлекательный центр";1;52,282861;104,245006;1;Point;
Улан-Баторская ул., 4/2;Активный туризм;Активный;479;Ангар 3х3;Иркутск;0;1;все_yandex_отфильровано_объединено_нормировано_25_03_2024.csv;"спортивный комплекс;спортивный клуб;секция;спортивно-развлекательный центр";1;52,250459;104,255939;1;Point;
ул. Сергеева, 3;Развлекательный туризм;Развлекательный;480;Супер Кид;Иркутск;2;0;все_yandex_отфильровано_объединено_нормировано_25_03_2024.csv;"развлекательный центр;игровая комната;детская площадка";0;52,265559;104,223649;1;Point;458
ул. Сергеева, 3Б/1;Развлекательный туризм;Развлекательный;481;Ниндзя парк;Иркутск;2;0;все_yandex_отфильровано_объединено_нормировано_25_03_2024.csv;"детская площадка;развлекательный центр";0;52,266659;104,223724;1;Point;474
ул. Грибоедова, 108/3;Развлекательный туризм;Развлекательный;482;Catflip;Иркутск;0;1;все_yandex_отфильровано_объединено_нормировано_25_03_2024.csv;"батутный центр;организация и проведение детских праздников;спортивно-развлекательный центр";1;52,263676;104,25666;1;Point;
96, микрорайон Первомайский;Развлекательный туризм;Развлекательный;483;Время Молодёжи;Иркутск;0;1;все_yandex_отфильровано_объединено_нормировано_25_03_2024.csv;развлекательный центр;1;52,252852;104,228639;1;Point;
ул. Сергеева, 3Б/1;Развлекательный туризм;Развлекательный;484;Mega Home;Иркутск;0;1;все_yandex_отфильровано_объединено_нормировано_25_03_2024.csv;"торговый центр;развлекательный центр";1;52,266708;104,222382;1;Point;
ул. Горького, 42;Развлекательный туризм;Развлекательный;485;Стрелок38;Иркутск;0;1;все_yandex_отфильровано_объединено_нормировано_25_03_2024.csv;"спортивно-развлекательный центр;детская площадка;развлекательный центр";1;52,285524;104,288705;1;Point;
Трудовая ул., 56/3;Развлекательный туризм;Развлекательный;486;Тридевятое;Иркутск;0;1;все_yandex_отфильровано_объединено_нормировано_25_03_2024.csv;"организация и проведение детских праздников;детская площадка;развлекательный центр";1;52,272449;104,318593;1;Point;
ул. Бородина, 59;Развлекательный туризм;Развлекательный;487;Ерши;Иркутск;0;1;все_yandex_отфильровано_объединено_нормировано_25_03_2024.csv;развлекательный центр;1;52,222144;104,319593;1;Point;
ул. Ширямова, 19Б;Развлекательный туризм;Развлекательный;488;7 Миля;Иркутск;0;1;все_yandex_отфильровано_объединено_нормировано_25_03_2024.csv;"боулинг-клуб;спортивно-развлекательный центр";1;52,261928;104,351196;1;Point;
5/4, 11-й квартал, Шелехов;Развлекательный туризм;Развлекательный;489;Развлекательный комплекс;Шелеховский;0;1;все_yandex_отфильровано_объединено_нормировано_25_03_2024.csv;"развлекательный центр;кафе";1;52,214627;104,106009;1;Point;
Трудовая ул., 5В, село Смоленщина;Развлекательный туризм;Развлекательный;490;Пилот;Иркутский;0;1;все_yandex_отфильровано_объединено_нормировано_25_03_2024.csv;"развлекательный центр;баня;ресторан";1;52,256946;104,127771;1;Point;
ул. Мечтателей, 29А, жилой район Энергетик, Братск;Развлекательный туризм;Развлекательный;491;Детский развлекательный центр Страна чудес;Братск;0;1;все_yandex_отфильровано_объединено_нормировано_25_03_2024.csv;"развлекательный центр;кафе;игровой клуб";1;56,312024;101,731671;1;Point;
ул. Мира, 126;Развлекательный туризм;Развлекательный;492;Space Vr;Иркутск;0;1;все_yandex_отфильровано_объединено_нормировано_25_03_2024.csv;"развлекательный центр;клуб виртуальной реальности;организация и проведение детских праздников";1;52,351743;104,211376;1;Point;
ул. Розы Люксембург, 215В;Развлекательный туризм;Развлекательный;493;Акула;Иркутск;0;1;все_yandex_отфильровано_объединено_нормировано_25_03_2024.csv;"развлекательный центр;организация и проведение детских праздников";1;52,349222;104,178001;1;Point;
Севастопольская ул., 218;Развлекательный туризм;Развлекательный;494;Лига роботов;Иркутск;0;1;все_yandex_отфильровано_объединено_нормировано_25_03_2024.csv;"спортивно-развлекательный центр;клуб для детей и подростков";1;52,352698;104,157142;1;Point;
ул. Щорса, 7, Свирск;Активный туризм;Активный;495;Физкультурно-оздоровительный комплекс Олимп;Черемховский;0;1;все_yandex_отфильровано_объединено_нормировано_25_03_2024.csv;"спортивный комплекс;спортивно-развлекательный центр;стадион";1;53,074605;103,340547;1;Point;
Комсомольская ул., 37, Братск;Развлекательный туризм;Развлекательный;496;Формула;Братск;0;1;все_yandex_отфильровано_объединено_нормировано_25_03_2024.csv;"развлекательный центр;ресторан;боулинг-клуб";1;56,158201;101,612723;1;Point;
Юбилейная ул., 25, жилой район Энергетик, Братск;Развлекательный туризм;Развлекательный;497;Boom shelter;Братск;0;1;все_yandex_отфильровано_объединено_нормировано_25_03_2024.csv;развлекательный центр;1;56,317944;101,752246;1;Point;
4Б, микрорайон Угольщиков, Тулун;Развлекательный туризм;Развлекательный;498;Vr;Тулун;0;1;все_yandex_отфильровано_объединено_нормировано_25_03_2024.csv;развлекательный центр;1;54,530802;100,605272;1;Point;
Иркутская область, Зима;Развлекательный туризм;Развлекательный;499;Арлекино;Зима;0;1;все_yandex_отфильровано_объединено_нормировано_25_03_2024.csv;развлекательный центр;1;53,899734;102,054045;1;Point;
26, Олимпийский микрорайон, Саянск;Развлекательный туризм;Развлекательный;500;Капитошка;Саянск;0;1;все_yandex_отфильровано_объединено_нормировано_25_03_2024.csv;развлекательный центр;1;54,112187;102,179451;1;Point;
Иркутская область, Тулун;Развлекательный туризм;Развлекательный;501;Развлекательный центр;Тулун;0;1;все_yandex_отфильровано_объединено_нормировано_25_03_2024.csv;развлекательный центр;1;54,539587;100,61099;1;Point;
ул. Энгельса, 19, Братск;Развлекательный туризм;Развлекательный;502;Concept;Братск;0;1;все_yandex_отфильровано_объединено_нормировано_25_03_2024.csv;"спортивно-развлекательный центр;спортивный клуб;секция";1;56,143985;101,645524;1;Point;
ул. Подаюрова, 14, Зима;Развлекательный туризм;Развлекательный;503;Кинотеатр 5D, детская игровая комната;Зима;0;1;все_yandex_отфильровано_объединено_нормировано_25_03_2024.csv;развлекательный центр;1;53,923802;102,041974;1;Point;
ул. Володарского, 17, Тулун;Развлекательный туризм;Развлекательный;504;Калейдоскоп;Тулун;0;1;все_yandex_отфильровано_объединено_нормировано_25_03_2024.csv;развлекательный центр;1;54,563328;100,57714;1;Point;
Трудовая ул., 12, село Смоленщина;Развлекательный туризм;Развлекательный;505;Культурно-спортивный комплекс;Иркутский;0;1;все_yandex_отфильровано_объединено_нормировано_25_03_2024.csv;развлекательный центр;1;52,256606;104,128558;1;Point;
ул. Ядринцева, 1/10;Развлекательный туризм;Развлекательный;506;Квест Внутри;Иркутск;0;1;все_yandex_отфильровано_объединено_нормировано_25_03_2024.csv;"квесты;организация и проведение детских праздников;развлекательный центр";1;52,278355;104,335963;1;Point;
Трактовая ул., 100А, село Смоленщина;Развлекательный туризм;Развлекательный;507;Легион;Иркутский;0;1;все_yandex_отфильровано_объединено_нормировано_25_03_2024.csv;спортивно-развлекательный центр;1;52,246501;104,137109;1;Point;
ул. Безбокова, 7А;Развлекательный туризм;Развлекательный;508;NeonClub38;Иркутск;0;1;все_yandex_отфильровано_объединено_нормировано_25_03_2024.csv;развлекательный центр;1;52,238361;104,296758;1;Point;
Иркутский район, Иркутское водохранилище;Развлекательный туризм;Развлекательный;509;Каток;Иркутский;0;1;все_yandex_отфильровано_объединено_нормировано_25_03_2024.csv;спортивно-развлекательный центр;1;52,239293;104,393252;1;Point;
Дорожная ул., 1/1;Развлекательный туризм;Развлекательный;510;Прятки в темноте на Дорожной 1/1. Иркутск;Иркутск;0;1;все_yandex_отфильровано_объединено_нормировано_25_03_2024.csv;"организация и проведение детских праздников;детская площадка;развлекательный центр";1;52,27944;104,35911;1;Point;
ул. Баррикад, 51/9;Развлекательный туризм;Развлекательный;511;Арт-завод Доренберг;Иркутск;0;1;все_yandex_отфильровано_объединено_нормировано_25_03_2024.csv;"культурный центр;аренда площадок для культурно-массовых мероприятий;развлекательный центр";1;52,295801;104,30601;1;Point;
Байкальский тракт, 8-й километр, 12А, Иркутск;Развлекательный туризм;Развлекательный;512;Nova Dacha;Иркутский;0;1;все_yandex_отфильровано_объединено_нормировано_25_03_2024.csv;"развлекательный центр;торговый центр;продажа и аренда коммерческой недвижимости";1;52,254694;104,384847;1;Point;
ул. Баррикад, 42;Развлекательный туризм;Развлекательный;513;Анклав, Офис;Иркутск;0;1;все_yandex_отфильровано_объединено_нормировано_25_03_2024.csv;"спортивно-развлекательный центр;страйкбол;пейнтбол";1;52,290932;104,318048;1;Point;
ул. Декабрьских Событий, 102;Активный туризм;Активный;514;Панорама;Иркутск;0;1;все_yandex_отфильровано_объединено_нормировано_25_03_2024.csv;"скалодром;спортивный клуб;секция;спортивно-развлекательный центр";1;52,280147;104,313673;1;Point;
Колхозная ул., 135/3, село Хомутово;Развлекательный туризм;Развлекательный;515;Вавилон;Иркутский;1;1;все_yandex_отфильровано_объединено_нормировано_25_03_2024.csv;"спортивно-развлекательный центр;клуб для детей и подростков";1;52,462767;104,360718;1;Point;
Колхозная ул., 135/3, село Хомутово;Развлекательный туризм;Развлекательный;516;Капитошка- Land;Иркутский;0;1;все_yandex_отфильровано_объединено_нормировано_25_03_2024.csv;"развлекательный центр;детская площадка;детское игровое оборудование";1;52,462954;104,361041;1;Point;
Колхозная ул., 135/3, село Хомутово;Развлекательный туризм;Развлекательный;517;Карамелька;Иркутский;2;0;все_yandex_отфильровано_объединено_нормировано_25_03_2024.csv;"игровая комната;детская площадка;развлекательный центр";0;52,462747;104,360694;1;Point;515
Иркутский район, аэродром Оёк;Развлекательный туризм;Развлекательный;518;FunBuggy;Иркутский;0;1;все_yandex_отфильровано_объединено_нормировано_25_03_2024.csv;"пункт проката;развлекательный центр";1;52,552762;104,446715;1;Point;
Центральная ул., 9, д. Грановщина;Развлекательный туризм;Развлекательный;519;Wild West;Иркутский;0;1;все_yandex_отфильровано_объединено_нормировано_25_03_2024.csv;развлекательный центр;1;52,47177;104,301056;1;Point;
ул. Литвинова, 18;Развлекательный туризм;Развлекательный;520;Пассаж на Литвинова;Иркутск;0;1;все_yandex_отфильровано_объединено_нормировано_25_03_2024.csv;"торговый центр;продажа и аренда коммерческой недвижимости;развлекательный центр";1;52,281361;104,293435;1;Point;
Партизанская ул., 36;Развлекательный туризм;Развлекательный;521;Акула;Иркутск;0;1;все_yandex_отфильровано_объединено_нормировано_25_03_2024.csv;"развлекательный центр;организация и проведение детских праздников";1;52,279608;104,302458;1;Point;
Иркутская область, Байкальский тракт, 12А;Развлекательный туризм;Развлекательный;522;Веселандия;Иркутский;0;1;все_yandex_отфильровано_объединено_нормировано_25_03_2024.csv;"развлекательный центр;детская площадка";1;52,246898;104,431487;1;Point;
Иркутский район, садоводческий потребительский кооператив Юбилейный;Развлекательный туризм;Развлекательный;523;Фибо;Иркутский;0;1;все_yandex_отфильровано_объединено_нормировано_25_03_2024.csv;развлекательный центр;1;52,205882;104,460413;1;Point;
Байкальская ул., 277А;Развлекательный туризм;Развлекательный;524;Бастион;Иркутск;0;1;все_yandex_отфильровано_объединено_нормировано_25_03_2024.csv;"пейнтбол;лазертаг;спортивно-развлекательный центр";1;52,26122;104,361446;1;Point;
ул. Свободы, 4, Тайшет;Развлекательный туризм;Развлекательный;525;Компьютерный клуб Сфера;Тайшетский;0;1;все_yandex_отфильровано_объединено_нормировано_25_03_2024.csv;развлекательный центр;1;55,935885;98,029901;1;Point;
Ленинский просп., 66, Усолье-Сибирское;Развлекательный туризм;Развлекательный;526;ЦУМ;не обнаружено;0;1;все_yandex_отфильровано_объединено_нормировано_25_03_2024.csv;"торговый центр;развлекательный центр";1;52,732289;103,664153;1;Point;
Иркутская область, Шелеховский район, Баклашинское муниципальное образование;Активный туризм;Активный;527;Вейк Парк Байкал;Шелеховский;0;1;все_yandex_отфильровано_объединено_нормировано_25_03_2024.csv;"вейк-клуб;сапсёрфинг";1;52,21363;104,018411;1;Point;
Набережная ул., 42А, поселок Падун, Братск;Развлекательный туризм;Развлекательный;528;Скалодром;Братск;0;1;все_yandex_отфильровано_объединено_нормировано_25_03_2024.csv;"спортивно-развлекательный центр;организация и проведение детских праздников;спортивный клуб;секция";1;56,288841;101,721486;1;Point;
Комсомольская ул., 37, Братск;Развлекательный туризм;Развлекательный;529;В облаках;Братск;0;1;все_yandex_отфильровано_объединено_нормировано_25_03_2024.csv;"батутный центр;кафе;спортивно-развлекательный центр";1;56,158225;101,612619;1;Point;
ул. Янгеля, 120, Братск;Развлекательный туризм;Развлекательный;530;Джунгли;Братск;0;1;все_yandex_отфильровано_объединено_нормировано_25_03_2024.csv;развлекательный центр;1;56,154555;101,605632;1;Point;
Слюдяной пер., 9/1, Братск;Развлекательный туризм;Развлекательный;531;В гостях у Николя;Братск;0;1;все_yandex_отфильровано_объединено_нормировано_25_03_2024.csv;"развлекательный центр;детская площадка";1;56,167593;101,648372;1;Point;
Комсомольская ул., 37, Братск;Развлекательный туризм;Развлекательный;532;Первый развлекательный;Братск;0;1;все_yandex_отфильровано_объединено_нормировано_25_03_2024.csv;развлекательный центр;1;56,158231;101,612216;1;Point;
ул. Подбельского, 43, Братск;Развлекательный туризм;Развлекательный;533;Фарадей;Братск;0;1;все_yandex_отфильровано_объединено_нормировано_25_03_2024.csv;развлекательный центр;1;56,149061;101,630087;1;Point;
ул. Янгеля, 101А, Братск;Развлекательный туризм;Развлекательный;534;Диверсант;Братск;0;1;все_yandex_отфильровано_объединено_нормировано_25_03_2024.csv;"лазертаг;пейнтбол;развлекательный центр";1;56,158212;101,594588;1;Point;
Енисейская ул., 95, жилой район Гидростроитель, Братск;Развлекательный туризм;Развлекательный;535;Хэппи дэй;Братск;0;1;все_yandex_отфильровано_объединено_нормировано_25_03_2024.csv;развлекательный центр;1;56,282618;101,868121;1;Point;
19, Братск;Культурно-познавательный туризм;Культурно-познавательный;536;Усадьба Конный мир;Братск;0;1;все_yandex_отфильровано_объединено_нормировано_25_03_2024.csv;"конный клуб;вольер животных;спортивно-развлекательный центр";1;56,290841;101,652102;1;Point;
ул. Федотова, 2А, Усть-Илимск;Активный туризм;Активный;537;Cosmos;Усть-Илимский;0;1;все_yandex_отфильровано_объединено_нормировано_25_03_2024.csv;"батутный центр;спортплощадка;кафе;спортивно-развлекательный центр;клуб досуга";1;57,943717;102,739591;1;Point;
ул. Героев Труда, 60, Усть-Илимск;Развлекательный туризм;Развлекательный;538;Крылатый;Усть-Илимский;0;1;все_yandex_отфильровано_объединено_нормировано_25_03_2024.csv;спортивно-развлекательный центр;1;57,963645;102,717161;1;Point;
Усть-Илимское ш., 6;Развлекательный туризм;Развлекательный;539;Спортивно-молодёжный центр Притяжение;Усть-Илимский;0;1;все_yandex_отфильровано_объединено_нормировано_25_03_2024.csv;спортивно-развлекательный центр;1;57,963277;102,733531;1;Point;
Иркутская область, Усть-Илимск, улица Георгия Димитрова;Развлекательный туризм;Развлекательный;540;Скейт парк;Усть-Илимский;0;1;все_yandex_отфильровано_объединено_нормировано_25_03_2024.csv;"скейт-парк;спортивно-развлекательный центр";1;57,947809;102,732361;1;Point;
ул. Ленина, 25, Ангарск;Культурно-познавательный туризм;Культурно-познавательный;541;Нефтехимик;Ангарский;0;1;все_yandex_отфильровано_объединено_нормировано_25_03_2024.csv;"дом культуры;театр";1;52,544445;103,887078;1;Point;
Иркутская область, Нукутский район, деревня Татхал-Онгой;Активный туризм;Активный;542;Спортплощадка;Нукутский;0;1;все_yandex_отфильровано_объединено_нормировано_25_03_2024.csv;спортплощадка;1;53,693649;102,714224;1;Point;
просп. Маршала Жукова, 36А/4;Активный туризм;Активный;543;Wake plaza;Иркутск;0;1;все_yandex_отфильровано_объединено_нормировано_25_03_2024.csv;"вейк-клуб;сапсёрфинг";1;52,250979;104,346326;1;Point;
просп. Маршала Жукова, 36А;Активный туризм;Активный;544;BaikalSurf;Иркутск;0;1;все_yandex_отфильровано_объединено_нормировано_25_03_2024.csv;"виндсёрфинг;сапсёрфинг;спортивное объединение";1;52,249704;104,344683;1;Point;
Иркутск, Свердловский округ;Активный туризм;Активный;545;Водные аттракционы;Иркутск;0;1;все_yandex_отфильровано_объединено_нормировано_25_03_2024.csv;"пункт проката;сапсёрфинг";1;52,227814;104,318213;1;Point;
Иркутская область, Ольхонский район, посёлок Хужир;Активный туризм;Активный;546;Aloha Olkhon Sup;Ольхонский;0;1;все_yandex_отфильровано_объединено_нормировано_25_03_2024.csv;сапсёрфинг;1;53,193305;107,331556;1;Point;
ул. Пушкина, 25/2, посёлок Хужир;Активный туризм;Активный;547;Sup-Sup;Ольхонский;0;1;все_yandex_отфильровано_объединено_нормировано_25_03_2024.csv;сапсёрфинг;1;53,197879;107,343329;1;Point;
Иркутская область, Ольхонский район, остров Ольхон;Активный туризм;Активный;548;СапОльхон;Ольхонский;0;1;все_yandex_отфильровано_объединено_нормировано_25_03_2024.csv;сапсёрфинг;1;53,181783;107,293847;1;Point;
ул. Якоби, 37/8;Активный туризм;Активный;549;Скалодром;Иркутск;0;1;все_yandex_отфильровано_объединено_нормировано_25_03_2024.csv;скалодром;1;52,218369;104,332715;1;Point;
4, 254-й квартал, Ангарск;Развлекательный туризм;Развлекательный;550;Развлекательный Спортивный комплекс Ангар;Ангарский;0;1;все_yandex_отфильровано_объединено_нормировано_25_03_2024.csv;"батутный центр;прокат велосипедов;спортивно-развлекательный центр";1;52,497085;103,857266;1;Point;
Комсомольская ул., 37, Братск;Активный туризм;Активный;551;Маугли;Братск;0;1;все_yandex_отфильровано_объединено_нормировано_25_03_2024.csv;скалодром;1;56,157849;101,612903;1;Point;
16А, 7-й квартал, Железногорск-Илимский;Активный туризм;Активный;552;Скалодром;Нижнеилимский;0;1;все_yandex_отфильровано_объединено_нормировано_25_03_2024.csv;скалодром;1;56,586103;104,119622;1;Point;
Юбилейная ул., 8, Усть-Илимск;Активный туризм;Активный;553;Гренада;Усть-Илимский;0;1;все_yandex_отфильровано_объединено_нормировано_25_03_2024.csv;"спортивная школа;скалодром;спортивный;тренажёрный зал";1;58,00196;102,657384;1;Point;
Юбилейная ул., 8, Усть-Илимск;Активный туризм;Активный;554;Скалодром клуба альпинистов Барс;Усть-Илимский;0;1;все_yandex_отфильровано_объединено_нормировано_25_03_2024.csv;"спортивный клуб;секция;скалодром";1;58,002124;102,657215;1;Point;
ул. Фурманова, 11, Черемхово;Развлекательный туризм;Развлекательный;555;Опята;Черемховский;0;1;все_yandex_отфильровано_объединено_нормировано_25_03_2024.csv;"развлекательный центр;скалодром;кафе";1;53,138311;103,088811;1;Point;
Иркутская область, Слюдянский район, рабочий посёлок Култук, Р-258 Байкал, 97-й километр;Культурно-познавательный туризм;Культурно-познавательный;556;Смотровая площадка;Слюдянский;0;1;все_yandex_отфильровано_объединено_нормировано_25_03_2024.csv;смотровая площадка;1;51,732038;103,711048;1;Point;
Иркутская область, Слюдянский район, Байкальское муниципальное образование, Байкальск;Культурно-познавательный туризм;Культурно-познавательный;557;Смотровая площадка;Слюдянский;0;1;все_yandex_отфильровано_объединено_нормировано_25_03_2024.csv;смотровая площадка;1;51,526638;104,133163;1;Point;
Иркутский район, Листвянское муниципальное образование, рабочий посёлок Листвянка;Культурно-познавательный туризм;Культурно-познавательный;558;Смотровая площадка;Иркутский;0;1;все_yandex_отфильровано_объединено_нормировано_25_03_2024.csv;смотровая площадка;1;51,861237;104,852909;1;Point;
Иркутский район, Листвянское муниципальное образование, рабочий посёлок Листвянка;Культурно-познавательный туризм;Культурно-познавательный;559;Смотровая площадка;Иркутский;0;1;все_yandex_отфильровано_объединено_нормировано_25_03_2024.csv;смотровая площадка;1;51,841356;104,885252;1;Point;
Иркутский район, Листвянское муниципальное образование;Культурно-познавательный туризм;Культурно-познавательный;560;Смотровая площадка;Иркутский;0;1;все_yandex_отфильровано_объединено_нормировано_25_03_2024.csv;смотровая площадка;1;51,90791;105,077333;1;Point;
Иркутская область, Ольхонский район;Культурно-познавательный туризм;Культурно-познавательный;561;Смотровая площадка;Ольхонский;0;1;все_yandex_отфильровано_объединено_нормировано_25_03_2024.csv;смотровая площадка;1;53,153462;106,95805;1;Point;
Иркутск, предместье Глазково;Культурно-познавательный туризм;Культурно-познавательный;562;Глазково;Иркутск;0;1;все_yandex_отфильровано_объединено_нормировано_25_03_2024.csv;смотровая площадка;1;52,275198;104,262614;1;Point;
Иркутская область, Ангарск;Культурно-познавательный туризм;Культурно-познавательный;563;Смотровая площадка;Ангарский;0;1;все_yandex_отфильровано_объединено_нормировано_25_03_2024.csv;смотровая площадка;1;52,537396;103,859786;1;Point;
Иркутская область, Слюдянский район, Новоснежнинское муниципальное образование, Р-258 Байкал, 162-й километр;Культурно-познавательный туризм;Культурно-познавательный;564;Смотровая площадка;Слюдянский;0;1;все_yandex_отфильровано_объединено_нормировано_25_03_2024.csv;смотровая площадка;1;51,479887;104,340999;1;Point;
Иркутская область, Слюдянский район, Новоснежнинское муниципальное образование;Культурно-познавательный туризм;Культурно-познавательный;565;Смотровая площадка;Слюдянский;0;1;все_yandex_отфильровано_объединено_нормировано_25_03_2024.csv;смотровая площадка;1;51,467054;104,408884;1;Point;
Иркутская область, Ангарск, СНТ Этилен;Культурно-познавательный туризм;Культурно-познавательный;566;Смотровая площадка;Ангарский;0;1;все_yandex_отфильровано_объединено_нормировано_25_03_2024.csv;смотровая площадка;1;52,63545;103,932857;1;Point;
Иркутская область, Усолье-Сибирское, остров Варничный;Культурно-познавательный туризм;Культурно-познавательный;567;Смотровая площадка;не обнаружено;0;1;все_yandex_отфильровано_объединено_нормировано_25_03_2024.csv;смотровая площадка;1;52,761059;103,674101;1;Point;
Иркутская область, Шелеховский район, Шаманское муниципальное образование, Шаманский утёс;Культурно-познавательный туризм;Культурно-познавательный;568;Смотровая площадка;Шелеховский;0;1;все_yandex_отфильровано_объединено_нормировано_25_03_2024.csv;смотровая площадка;1;52,085738;103,852707;1;Point;
Иркутская область, Усольский район, Тайтурское муниципальное образование;Культурно-познавательный туризм;Культурно-познавательный;569;Утес на скалах;Усольский;0;1;все_yandex_отфильровано_объединено_нормировано_25_03_2024.csv;смотровая площадка;1;52,900908;103,296188;1;Point;
Иркутская область, Черемховский район, Узколугское муниципальное образование;Культурно-познавательный туризм;Культурно-познавательный;570;Марьин Утёс;Черемховский;0;1;все_yandex_отфильровано_объединено_нормировано_25_03_2024.csv;смотровая площадка;1;52,901447;103,255601;1;Point;
Иркутская область, Усолье-Сибирское, парк Вся соль Сибири, аллея Любви;Культурно-познавательный туризм;Культурно-познавательный;571;Смотровая площадка;не обнаружено;0;1;все_yandex_отфильровано_объединено_нормировано_25_03_2024.csv;смотровая площадка;1;52,739323;103,663805;1;Point;
Иркутский район, Листвянское муниципальное образование, рабочий посёлок Листвянка;Культурно-познавательный туризм;Культурно-познавательный;572;Смотровая площадка;Иркутский;0;1;все_yandex_отфильровано_объединено_нормировано_25_03_2024.csv;смотровая площадка;1;51,875581;104,829226;1;Point;
Иркутская область, Черемховский район, Зерновское муниципальное образование;Культурно-познавательный туризм;Культурно-познавательный;573;Смотровая площадка;Черемховский;1;1;все_yandex_отфильровано_объединено_нормировано_25_03_2024.csv;смотровая площадка;1;53,053813;103,33196;1;Point;
Иркутская область, роща Синюшина гора;Культурно-познавательный туризм;Культурно-познавательный;574;Синюшина гора;Иркутск;0;1;все_yandex_отфильровано_объединено_нормировано_25_03_2024.csv;смотровая площадка;1;52,271099;104,192316;1;Point;
Иркутский район, Уриковское муниципальное образование;Культурно-познавательный туризм;Культурно-познавательный;575;Смотровая площадка;Иркутский;0;1;все_yandex_отфильровано_объединено_нормировано_25_03_2024.csv;смотровая площадка;1;52,410114;104,192007;1;Point;
26А, Ершовский микрорайон;Культурно-познавательный туризм;Культурно-познавательный;576;Пик Любви;Иркутск;0;1;все_yandex_отфильровано_объединено_нормировано_25_03_2024.csv;смотровая площадка;1;52,220571;104,315317;1;Point;
Иркутск, Кировский район;Культурно-познавательный туризм;Культурно-познавательный;577;Смотровая площадка;Иркутск;0;1;все_yandex_отфильровано_объединено_нормировано_25_03_2024.csv;смотровая площадка;1;52,292719;104,279736;1;Point;
Иркутская область, Бодайбинский район;Культурно-познавательный туризм;Культурно-познавательный;578;Смотровая площадка;Бодайбинский;1;1;все_yandex_отфильровано_объединено_нормировано_25_03_2024.csv;смотровая площадка;1;57,864479;114,213628;1;Point;
Иркутская область, Бодайбинский район;Культурно-познавательный туризм;Культурно-познавательный;579;Мамаканская ГЭС;Бодайбинский;0;1;все_yandex_отфильровано_объединено_нормировано_25_03_2024.csv;смотровая площадка;1;57,809088;114,032382;1;Point;
Иркутская область, городской округ Братск;Культурно-познавательный туризм;Культурно-познавательный;580;Смотровая площадка;Братск;0;1;все_yandex_отфильровано_объединено_нормировано_25_03_2024.csv;смотровая площадка;1;56,28462;101,79224;1;Point;
Иркутская область, Слюдянский район, Маритуйское муниципальное образование;Культурно-познавательный туризм;Культурно-познавательный;581;Смотровая площадка;Слюдянский;0;1;все_yandex_отфильровано_объединено_нормировано_25_03_2024.csv;смотровая площадка;1;51,750497;103,984509;1;Point;
Иркутская область, городской округ Братск, Северный Артек;Культурно-познавательный туризм;Культурно-познавательный;582;Смотровая площадка;Братск;0;1;все_yandex_отфильровано_объединено_нормировано_25_03_2024.csv;смотровая площадка;1;56,172044;101,670329;1;Point;
Иркутская область, городской округ Братск;Культурно-познавательный туризм;Культурно-познавательный;583;Смотровая площадка;Братск;0;1;все_yandex_отфильровано_объединено_нормировано_25_03_2024.csv;смотровая площадка;1;56,197313;101,636954;1;Point;
Иркутский район, Листвянское муниципальное образование, рабочий посёлок Листвянка, Дендропарк Байкальского музея;Культурно-познавательный туризм;Культурно-познавательный;584;Смотровая площадка;Иркутский;0;1;все_yandex_отфильровано_объединено_нормировано_25_03_2024.csv;смотровая площадка;1;51,867297;104,834471;1;Point;
ул. Горького, 85А, рабочий посёлок Листвянка;Культурно-познавательный туризм;Культурно-познавательный;585;Панорамный зал;Иркутский;0;1;все_yandex_отфильровано_объединено_нормировано_25_03_2024.csv;смотровая площадка;1;51,847342;104,872913;1;Point;
Иркутская область, Слюдянский район, Портбайкальское муниципальное образование;Культурно-познавательный туризм;Культурно-познавательный;586;Камень желаний;Слюдянский;0;1;все_yandex_отфильровано_объединено_нормировано_25_03_2024.csv;смотровая площадка;1;51,872647;104,810569;1;Point;
Иркутская область, Слюдянский район, Байкальское муниципальное образование, Байкальск, Внезапная тропа;Культурно-познавательный туризм;Культурно-познавательный;587;Смотровая площадка;Слюдянский;0;1;все_yandex_отфильровано_объединено_нормировано_25_03_2024.csv;смотровая площадка;1;51,527616;104,170386;1;Point;
Иркутская область, Слюдянский район, Маритуйское муниципальное образование, поселок Уланово;Культурно-познавательный туризм;Культурно-познавательный;588;Смотровая площадка;Слюдянский;0;1;все_yandex_отфильровано_объединено_нормировано_25_03_2024.csv;смотровая площадка;1;51,795377;104,515174;1;Point;
Иркутская область, Слюдянский район, Портбайкальское муниципальное образование;Культурно-познавательный туризм;Культурно-познавательный;589;Старый маяк;Слюдянский;0;1;все_yandex_отфильровано_объединено_нормировано_25_03_2024.csv;смотровая площадка;1;51,872584;104,806131;1;Point;
Иркутская область, Киренский район;Культурно-познавательный туризм;Культурно-познавательный;590;Смотровая площадка;Киренский;0;1;все_yandex_отфильровано_объединено_нормировано_25_03_2024.csv;смотровая площадка;1;57,777504;108,130975;1;Point;
Иркутская область, Ольхонский район, мыс Крест;Культурно-познавательный туризм;Культурно-познавательный;591;Смотровая площадка;Ольхонский;0;1;все_yandex_отфильровано_объединено_нормировано_25_03_2024.csv;смотровая площадка;1;52,99005;106,923566;1;Point;
Иркутская область, Качугский район, деревня Чанчур;Культурно-познавательный туризм;Культурно-познавательный;592;Станция наблюдения;Качугский;0;1;все_yandex_отфильровано_объединено_нормировано_25_03_2024.csv;смотровая площадка;1;53,823858;106,994512;1;Point;
Иркутская область, Нижнеилимский район, карьер Коршуновский;Культурно-познавательный туризм;Культурно-познавательный;593;Смотровая площадка;Нижнеилимский;0;1;все_yandex_отфильровано_объединено_нормировано_25_03_2024.csv;смотровая площадка;1;56,545686;104,145952;1;Point;
Иркутская область, Усть-Илимск;Культурно-познавательный туризм;Культурно-познавательный;594;Толстый мыс;Усть-Илимский;0;1;все_yandex_отфильровано_объединено_нормировано_25_03_2024.csv;смотровая площадка;1;57,97128;102,684214;1;Point;
Иркутская область, Усть-Илимск;Культурно-познавательный туризм;Культурно-познавательный;595;Смотровая площадка;Усть-Илимский;0;1;все_yandex_отфильровано_объединено_нормировано_25_03_2024.csv;смотровая площадка;1;57,97142;102,660864;1;Point;
Иркутская область, Нижнеудинское муниципальное образование;Культурно-познавательный туризм;Культурно-познавательный;596;Смотровая площадка;Нижнеудинский;0;1;все_yandex_отфильровано_объединено_нормировано_25_03_2024.csv;смотровая площадка;1;54,907995;99,065621;1;Point;
Иркутская область, 25Н-426;Культурно-познавательный туризм;Культурно-познавательный;597;Белый камень;Тайшетский;0;1;все_yandex_отфильровано_объединено_нормировано_25_03_2024.csv;смотровая площадка;1;56,041556;97,913123;1;Point;
Иркутская область, Ольхонский район, остров Ольхон;Культурно-познавательный туризм;Культурно-познавательный;598;Обзорная беседка;Ольхонский;0;1;все_yandex_отфильровано_объединено_нормировано_25_03_2024.csv;смотровая площадка;1;53,167235;107,315793;1;Point;
Иркутская область, Ольхонский район, остров Огой;Культурно-познавательный туризм;Культурно-познавательный;599;Смотровая площадка;Ольхонский;0;1;все_yandex_отфильровано_объединено_нормировано_25_03_2024.csv;смотровая площадка;1;53,12871;106,998229;1;Point;
Иркутская область, Ольхонский район, остров Ольхон;Культурно-познавательный туризм;Культурно-познавательный;600;Смотровая площадка;Ольхонский;0;1;все_yandex_отфильровано_объединено_нормировано_25_03_2024.csv;смотровая площадка;1;53,064984;106,912123;1;Point;
Иркутская область, Ольхонский район, остров Ольхон;Культурно-познавательный туризм;Культурно-познавательный;601;Смотровая площадка;Ольхонский;0;1;все_yandex_отфильровано_объединено_нормировано_25_03_2024.csv;смотровая площадка;1;53,203992;107,342953;1;Point;
Иркутская область, Ольхонский район, остров Ольхон;Культурно-познавательный туризм;Культурно-познавательный;602;Шаманка;Ольхонский;0;1;все_yandex_отфильровано_объединено_нормировано_25_03_2024.csv;смотровая площадка;1;53,204121;107,341687;1;Point;
Иркутская область, Иркутский район, поселок Листвянка;Культурно-познавательный туризм;Культурно-познавательный;603;Камень Черского;Иркутский;0;1;все_yandex_отфильровано_объединено_нормировано_25_03_2024.csv;"смотровая площадка;природа";1;51,877464;104,837352;1;Point;
;Культурно-познавательный туризм;Культурно-познавательный;604;Смотровая площадка;Ольхонский;0;1;все_yandex_отфильровано_объединено_нормировано_25_03_2024.csv;смотровая площадка;1;52,732261;106,546499;1;Point;
Иркутская область, Ольхонский район, мыс Хобой;Культурно-познавательный туризм;Культурно-познавательный;605;Смотровая площадка;Ольхонский;0;1;все_yandex_отфильровано_объединено_нормировано_25_03_2024.csv;смотровая площадка;1;53,411476;107,789103;1;Point;
Иркутская область, Ольхонский район, Еланцынское муниципальное образование;Культурно-познавательный туризм;Культурно-познавательный;606;Смотровая площадка;Ольхонский;0;1;все_yandex_отфильровано_объединено_нормировано_25_03_2024.csv;смотровая площадка;1;52,782866;106,609443;1;Point;
Иркутская область, Слюдянский район, Портбайкальское муниципальное образование;Культурно-познавательный туризм;Культурно-познавательный;607;Смотровая площадка;Слюдянский;0;1;все_yandex_отфильровано_объединено_нормировано_25_03_2024.csv;смотровая площадка;1;51,856891;104,717192;1;Point;
Иркутская область, Аларский район, посёлок Кутулик;Активный туризм;Активный;608;Стадион;Аларский;1;1;все_yandex_отфильровано_объединено_нормировано_25_03_2024.csv;стадион;1;53,353057;102,788115;1;Point;
ул. Хасановских Боёв, 2А, Свирск;Активный туризм;Активный;609;Труд;Черемховский;0;1;все_yandex_отфильровано_объединено_нормировано_25_03_2024.csv;стадион;1;53,079327;103,338968;1;Point;
Иркутская область, Заларинский район, посёлок городского типа Залари;Активный туризм;Активный;610;Урожай;Заларинский;1;1;все_yandex_отфильровано_объединено_нормировано_25_03_2024.csv;стадион;1;53,550846;102,496292;1;Point;
Иркутская область, городской округ Черемхово;Активный туризм;Активный;611;Кировский;Черемховский;0;1;все_yandex_отфильровано_объединено_нормировано_25_03_2024.csv;стадион;1;53,127563;103,109499;1;Point;
ул. Ленина, 28, Черемхово;Активный туризм;Активный;612;Шахтёр;Черемховский;1;1;все_yandex_отфильровано_объединено_нормировано_25_03_2024.csv;стадион;1;53,13883;103,076409;1;Point;
Иркутская область, Черемхово, посёлок Храмцовка;Активный туризм;Активный;613;Строитель;Черемховский;0;1;все_yandex_отфильровано_объединено_нормировано_25_03_2024.csv;стадион;1;53,113447;103,148635;1;Point;
Иркутская область, Черемхово, посёлок Храмцовка;Активный туризм;Активный;614;Стадион;Черемховский;0;1;все_yandex_отфильровано_объединено_нормировано_25_03_2024.csv;стадион;1;53,116476;103,151768;1;Point;
Иркутская область, Черемхово, посёлок Гришево;Активный туризм;Активный;615;Гришевский стадион;Черемховский;0;1;все_yandex_отфильровано_объединено_нормировано_25_03_2024.csv;стадион;1;53,102487;103,143456;1;Point;
Иркутская область, посёлок Балаганск;Активный туризм;Активный;616;Ангара;Балаганский;0;1;все_yandex_отфильровано_объединено_нормировано_25_03_2024.csv;стадион;1;54,003281;103,070725;1;Point;
99Б, 20-й квартал, Шелехов;Активный туризм;Активный;617;Строитель;Шелеховский;1;1;все_yandex_отфильровано_объединено_нормировано_25_03_2024.csv;"стадион;спортивный клуб;секция";1;52,216286;104,094772;1;Point;
8, 192-й квартал, Ангарск;Активный туризм;Активный;618;Малая арена;Ангарский;0;1;все_yandex_отфильровано_объединено_нормировано_25_03_2024.csv;"стадион;каток";1;52,504768;103,839258;1;Point;
8, 192-й квартал, Ангарск;Активный туризм;Активный;619;Хоккейный клуб Ермак;Ангарский;1;1;все_yandex_отфильровано_объединено_нормировано_25_03_2024.csv;"стадион;спортивное объединение;спортивный клуб;секция";1;52,505186;103,839371;1;Point;
Иркутская область, Ангарск, 189-й квартал;Активный туризм;Активный;620;Атом-спорт;Ангарский;0;1;все_yandex_отфильровано_объединено_нормировано_25_03_2024.csv;стадион;1;52,511015;103,825559;1;Point;
Иркутская область, Ангарское городское муниципальное образование, посёлок Мегет;Активный туризм;Активный;621;Луч;Ангарский;0;1;все_yandex_отфильровано_объединено_нормировано_25_03_2024.csv;стадион;1;52,420426;104,051179;1;Point;
Иркутская область, Ангарский городской округ;Активный туризм;Активный;622;Стадион Училища олимпийского резерва;Ангарский;0;1;все_yandex_отфильровано_объединено_нормировано_25_03_2024.csv;стадион;1;52,429119;103,728466;1;Point;
44Б, 18-й квартал, Шелехов;Активный туризм;Активный;623;Металлург;Шелеховский;1;1;все_yandex_отфильровано_объединено_нормировано_25_03_2024.csv;стадион;1;52,21208;104,077385;1;Point;
Комсомольский просп., 101, Усолье-Сибирское;Активный туризм;Активный;624;Химик;не обнаружено;1;1;все_yandex_отфильровано_объединено_нормировано_25_03_2024.csv;"спортивный комплекс;стадион";1;52,738127;103,662437;1;Point;
Иркутская область, Усолье-Сибирское;Активный туризм;Активный;625;Машиностроитель;не обнаружено;1;1;все_yandex_отфильровано_объединено_нормировано_25_03_2024.csv;стадион;1;52,74624;103,659427;1;Point;
Иркутская область, Усольский район, Тельминское муниципальное образование, рабочий посёлок Тельма;Активный туризм;Активный;626;Стадион;Усольский;0;1;все_yandex_отфильровано_объединено_нормировано_25_03_2024.csv;стадион;1;52,696371;103,721472;1;Point;
Иркутская область, Усолье-Сибирское;Активный туризм;Активный;627;Строитель;не обнаружено;0;1;все_yandex_отфильровано_объединено_нормировано_25_03_2024.csv;стадион;1;52,766405;103,63377;1;Point;
Иркутск, предместье Глазково;Активный туризм;Активный;628;Стадион ИрНИТУ;Иркутск;0;1;все_yandex_отфильровано_объединено_нормировано_25_03_2024.csv;стадион;1;52,26338;104,265459;1;Point;
ул. Боткина, 1А;Активный туризм;Активный;629;Стадион ФК Байкал;Иркутск;1;1;все_yandex_отфильровано_объединено_нормировано_25_03_2024.csv;стадион;1;52,288722;104,247873;1;Point;
ул. Боткина, 1, стр. 6;Активный туризм;Активный;630;Локомотив;Иркутск;1;1;все_yandex_отфильровано_объединено_нормировано_25_03_2024.csv;стадион;1;52,289041;104,251008;1;Point;
Иркутск, микрорайон Ново-Ленино;Активный туризм;Активный;631;Стадион;Иркутск;0;1;все_yandex_отфильровано_объединено_нормировано_25_03_2024.csv;стадион;1;52,329683;104,198422;1;Point;
ул. Авиастроителей, 4А;Активный туризм;Активный;632;Зенит;Иркутск;1;1;все_yandex_отфильровано_объединено_нормировано_25_03_2024.csv;"спортивная школа;стадион";1;52,353287;104,226596;1;Point;
ул. Сергеева, 3/8А;Активный туризм;Активный;633;Autocity Arena;Иркутск;0;1;все_yandex_отфильровано_объединено_нормировано_25_03_2024.csv;"спортивный комплекс;стадион;спортивная школа";1;52,265889;104,23182;1;Point;
ул. Боткина, 1, стр. 23;Активный туризм;Активный;634;Таран арена;Иркутск;0;1;все_yandex_отфильровано_объединено_нормировано_25_03_2024.csv;стадион;1;52,289362;104,252019;1;Point;
бул. Рябикова, 13Г;Активный туризм;Активный;635;Рекорд;Иркутск;0;1;все_yandex_отфильровано_объединено_нормировано_25_03_2024.csv;"спортивная школа;стадион";1;52,269575;104,20068;1;Point;
ул. Набережная Иркута, 1/6к4, квартал Затон;Активный туризм;Активный;636;Затон;Иркутск;0;1;все_yandex_отфильровано_объединено_нормировано_25_03_2024.csv;стадион;1;52,296105;104,255102;1;Point;
Советская ул., 3Б, село Урик;Активный туризм;Активный;637;Физкультурно-оздоровительный комплекс Урик-арена;Иркутский;0;1;все_yandex_отфильровано_объединено_нормировано_25_03_2024.csv;"спортивный комплекс;стадион";1;52,454547;104,246273;1;Point;
Иркутск, микрорайон Ново-Ленино;Активный туризм;Активный;638;Стадион;Иркутск;0;1;все_yandex_отфильровано_объединено_нормировано_25_03_2024.csv;стадион;1;52,336738;104,197349;1;Point;
Иркутск, Октябрьский округ, микрорайон Нижняя Лисиха;Активный туризм;Активный;639;Стадион;Иркутск;0;1;все_yandex_отфильровано_объединено_нормировано_25_03_2024.csv;стадион;1;52,25485;104,330998;1;Point;
ул. Ленина, 48;Активный туризм;Активный;640;Дворец спорта Труд;Иркутск;1;1;все_yandex_отфильровано_объединено_нормировано_25_03_2024.csv;"спортивный комплекс;стадион";1;52,276927;104,283565;1;Point;
Иркутск, Свердловский округ, посёлок Энергетиков;Активный туризм;Активный;641;Смена;Иркутск;0;1;все_yandex_отфильровано_объединено_нормировано_25_03_2024.csv;стадион;1;52,232885;104,289359;1;Point;
ул. Баррикад, 42;Активный туризм;Активный;642;Динамо;Иркутск;1;1;все_yandex_отфильровано_объединено_нормировано_25_03_2024.csv;"спортивный комплекс;стадион;каток";1;52,290401;104,31961;1;Point;
Иркутск, Октябрьский округ;Активный туризм;Активный;643;Стадион;Иркутск;0;1;все_yandex_отфильровано_объединено_нормировано_25_03_2024.csv;стадион;1;52,269391;104,333977;1;Point;
Иркутск, 15-й Советский переулок;Активный туризм;Активный;644;Аттракцион;Иркутск;0;1;все_yandex_отфильровано_объединено_нормировано_25_03_2024.csv;"стадион;аттракцион";1;52,348215;104,178045;1;Point;
Иркутская область, Бодайбо;Активный туризм;Активный;645;Труд;Бодайбинский;1;1;все_yandex_отфильровано_объединено_нормировано_25_03_2024.csv;стадион;1;57,845207;114,196731;1;Point;
Иркутская область, Слюдянка;Активный туризм;Активный;646;Локомотив;Слюдянский;1;1;все_yandex_отфильровано_объединено_нормировано_25_03_2024.csv;стадион;1;51,652301;103,719736;1;Point;
Иркутск, городок ИВАТУ;Активный туризм;Активный;647;Стадион ИВАТУ;Иркутск;0;1;все_yandex_отфильровано_объединено_нормировано_25_03_2024.csv;стадион;1;52,278847;104,345754;1;Point;
ул. Ширямова, 6А;Активный туризм;Активный;648;Авиатор;Иркутск;1;1;все_yandex_отфильровано_объединено_нормировано_25_03_2024.csv;стадион;1;52,275088;104,35219;1;Point;
ул. Пискунова, 146А;Активный туризм;Активный;649;Спартак Юниор;Иркутск;0;1;все_yandex_отфильровано_объединено_нормировано_25_03_2024.csv;"спортивная школа;стадион;спортивный клуб;секция";1;52,269929;104,334757;1;Point;
ул. Баррикад, 42;Активный туризм;Активный;650;Жара;Иркутск;0;1;все_yandex_отфильровано_объединено_нормировано_25_03_2024.csv;"спортивный комплекс;стадион;сауна";1;52,2898;104,320407;1;Point;
Иркутский район, Оёкское муниципальное образование, деревня Галки;Активный туризм;Активный;651;Стадион;Иркутский;0;1;все_yandex_отфильровано_объединено_нормировано_25_03_2024.csv;стадион;1;52,622147;104,444381;1;Point;
Иркутский район, село Оек;Активный туризм;Активный;652;Стадион;Иркутский;0;1;все_yandex_отфильровано_объединено_нормировано_25_03_2024.csv;стадион;1;52,58496;104,453052;1;Point;
Иркутская область, Иркутский район, посёлок Молодёжный;Активный туризм;Активный;653;Стадион;Иркутский;0;1;все_yandex_отфильровано_объединено_нормировано_25_03_2024.csv;стадион;1;52,248689;104,408184;1;Point;
Комсомольская ул., 35А, Братск;Активный туризм;Активный;654;Металлург;Братск;0;1;все_yandex_отфильровано_объединено_нормировано_25_03_2024.csv;"стадион;спортплощадка";1;56,157974;101,610359;1;Point;
Иркутская область, Братск, поселок Падун;Активный туризм;Активный;655;Труд;Братск;1;1;все_yandex_отфильровано_объединено_нормировано_25_03_2024.csv;стадион;1;56,285459;101,722378;1;Point;
Спортивная ул., 5, жилой район Осиновка, Братск;Активный туризм;Активный;656;Локомотив;Братск;1;1;все_yandex_отфильровано_объединено_нормировано_25_03_2024.csv;стадион;1;56,279764;101,900404;1;Point;
Иркутская область, Братский район, Вихоревка;Активный туризм;Активный;657;Локомотив;Братский;0;1;все_yandex_отфильровано_объединено_нормировано_25_03_2024.csv;стадион;1;56,119715;101,176244;1;Point;
Набережная ул., 40, поселок Падун, Братск;Активный туризм;Активный;658;Труд;Братск;0;1;все_yandex_отфильровано_объединено_нормировано_25_03_2024.csv;стадион;1;56,289485;101,719452;1;Point;
ул. Северный Артек, 11, Братск;Активный туризм;Активный;659;Северный Артек;Братск;0;1;все_yandex_отфильровано_объединено_нормировано_25_03_2024.csv;стадион;1;56,168531;101,673695;1;Point;
Иркутская область, Тулун, микрорайон Угольщиков;Активный туризм;Активный;660;Шахтёр;Тулун;0;1;все_yandex_отфильровано_объединено_нормировано_25_03_2024.csv;стадион;1;54,528523;100,605352;1;Point;
Иркутская область, Куйтунский район, поселок Уховский;Активный туризм;Активный;661;Стадион;Куйтунский;0;1;все_yandex_отфильровано_объединено_нормировано_25_03_2024.csv;стадион;1;54,410988;101,121572;1;Point;
Иркутская область, Зима, Транспортный микрорайон;Активный туризм;Активный;662;Локомотив;Зима;0;1;все_yandex_отфильровано_объединено_нормировано_25_03_2024.csv;стадион;1;53,925671;102,058526;1;Point;
Иркутская область, Тулун, микрорайон Угольщиков;Активный туризм;Активный;663;Горняк;Тулун;0;1;все_yandex_отфильровано_объединено_нормировано_25_03_2024.csv;стадион;1;54,529493;100,606671;1;Point;
Ново-Заречная ул., вл. 1, село Кимильтей;Активный туризм;Активный;664;Физкультурно-спортивный центр Колос;Зиминский;0;1;все_yandex_отфильровано_объединено_нормировано_25_03_2024.csv;"спортивный комплекс;стадион";1;54,127945;101,965854;1;Point;
Иркутская область, посёлок городского типа Качуг;Активный туризм;Активный;665;Центральный;Качугский;0;1;все_yandex_отфильровано_объединено_нормировано_25_03_2024.csv;стадион;1;53,96381;105,881918;1;Point;
Иркутская область, Саянск, Олимпийский микрорайон;Активный туризм;Активный;666;Городской стадион;Саянск;0;1;все_yandex_отфильровано_объединено_нормировано_25_03_2024.csv;спортивный комплекс;1;54,110273;102,168364;1;Point;
Иркутская область, Слюдянский район, Байкальское муниципальное образование, Байкальск, микрорайон Гагарина;Активный туризм;Активный;667;Стадион;Слюдянский;0;1;все_yandex_отфильровано_объединено_нормировано_25_03_2024.csv;стадион;1;51,52536;104,148776;1;Point;
Советская ул., 3Б, село Урик;Активный туризм;Активный;668;Урик-Арена;Иркутский;0;1;все_yandex_отфильровано_объединено_нормировано_25_03_2024.csv;спортивный комплекс;1;52,456013;104,245974;1;Point;
Иркутская область, Киренск, микрорайон Центральный;Активный туризм;Активный;669;Водник;Киренский;0;1;все_yandex_отфильровано_объединено_нормировано_25_03_2024.csv;стадион;1;57,772663;108,118684;1;Point;
Иркутская область, Киренск, микрорайон Мельничный;Активный туризм;Активный;670;Мельничный;Киренский;0;1;все_yandex_отфильровано_объединено_нормировано_25_03_2024.csv;стадион;1;57,789611;108,107782;1;Point;
Иркутская область, Казачинско-Ленский район, рабочий посёлок Улькан;Активный туризм;Активный;671;Футбольное поле;Казачинско-Ленский;0;1;все_yandex_отфильровано_объединено_нормировано_25_03_2024.csv;спортплощадка;1;55,911581;107,79513;1;Point;
Иркутская область, село Баяндай;Активный туризм;Активный;672;Стадион;Баяндаевский;0;1;все_yandex_отфильровано_объединено_нормировано_25_03_2024.csv;стадион;1;53,061017;105,50416;1;Point;
Иркутская область, Мамско-Чуйский район, посёлок городского типа Мама;Активный туризм;Активный;673;Труд;Мамско-Чуйский;0;1;все_yandex_отфильровано_объединено_нормировано_25_03_2024.csv;стадион;1;58,307207;112,911918;1;Point;
Иркутская область, Железногорск-Илимский;Активный туризм;Активный;674;Горняк;Нижнеилимский;0;1;все_yandex_отфильровано_объединено_нормировано_25_03_2024.csv;"спортивный;тренажёрный зал;стадион";1;56,584914;104,120331;1;Point;
ул. Федотова, 4А, Усть-Илимск;Активный туризм;Активный;675;Лесохимик;Усть-Илимский;0;1;все_yandex_отфильровано_объединено_нормировано_25_03_2024.csv;стадион;1;57,945205;102,738656;1;Point;
ул. Максима Горького, 11, Нижнеудинск;Активный туризм;Активный;676;Труд;Нижнеудинский;0;1;все_yandex_отфильровано_объединено_нормировано_25_03_2024.csv;стадион;1;54,908792;99,029536;1;Point;
Иркутская область, Нижнеудинск;Активный туризм;Активный;677;Локомотив;Нижнеудинский;0;1;все_yandex_отфильровано_объединено_нормировано_25_03_2024.csv;стадион;1;54,887425;99,046795;1;Point;
Иркутская область, Чунский район, рабочий поселок Чунский;Активный туризм;Активный;678;Юность;Чунский;1;1;все_yandex_отфильровано_объединено_нормировано_25_03_2024.csv;стадион;1;56,087815;99,659916;1;Point;
Иркутская область, Чунский район, поселок городского типа Чунский, улица Комарова, 13;Активный туризм;Активный;679;МУ Спорт;Чунский;0;1;все_yandex_отфильровано_объединено_нормировано_25_03_2024.csv;"спортивный комплекс;стадион";1;56,085972;99,665548;1;Point;
Иркутская область, Тайшет;Активный туризм;Активный;680;Локомотив;Тайшетский;1;1;все_yandex_отфильровано_объединено_нормировано_25_03_2024.csv;стадион;1;55,928805;98,011046;1;Point;
Иркутская область, Чунский район, поселок городского типа Чунский, улица 50 лет Октября, 3;Активный туризм;Активный;681;Дворец Спорта для Детей и Юношества;Чунский;0;1;все_yandex_отфильровано_объединено_нормировано_25_03_2024.csv;"спортивный комплекс;стадион";1;56,085972;99,665548;1;Point;
Норильская ул., 1;Активный туризм;Активный;682;Локомотив;Иркутск;1;1;все_yandex_отфильровано_объединено_нормировано_25_03_2024.csv;"спортивный комплекс;спортивная школа";1;52,334124;104,210642;1;Point;
Иркутская область, Слюдянка;Активный туризм;Активный;683;Перевал;Слюдянский;0;1;все_yandex_отфильровано_объединено_нормировано_25_03_2024.csv;стадион;1;51,671888;103,681841;1;Point;
ул. Речников, 1И, Усть-Кут;Активный туризм;Активный;684;Водник;Усть-Кутский;0;1;все_yandex_отфильровано_объединено_нормировано_25_03_2024.csv;стадион;1;56,79346;105,773847;1;Point;
Иркутская область, Тайшетский район, Бирюсинск;Активный туризм;Активный;685;Спорткомплекс;Тайшетский;0;1;все_yandex_отфильровано_объединено_нормировано_25_03_2024.csv;спортивный комплекс;1;55,965749;97,835485;1;Point;
;Активный туризм;Активный;686;Труд;Иркутск;0;1;все_yandex_отфильровано_объединено_нормировано_25_03_2024.csv;спортивный комплекс;1;52,26338;104,265459;1;Point;
ул. Лермонтова, 249;Активный туризм;Активный;687;Центр по хоккею с мячом и конькобежным видам спорта, ледовый дворец Байкал;Иркутск;0;1;все_yandex_отфильровано_объединено_нормировано_25_03_2024.csv;"спортивный комплекс;спортивная школа";1;52,26338;104,265459;1;Point;
ул. Островского, 45, рабочий посёлок Листвянка;Культурно-познавательный туризм;Культурно-познавательный;688;Театр авторской песни на Байкале;Иркутский;0;1;все_yandex_отфильровано_объединено_нормировано_25_03_2024.csv;театр;1;51,863071;104,868951;1;Point;
площадь Ленина, с1, Ангарск;Культурно-познавательный туризм;Культурно-познавательный;689;Народный театр Чудак;Ангарский;0;1;все_yandex_отфильровано_объединено_нормировано_25_03_2024.csv;театр;1;52,544005;103,887473;1;Point;
19, 7-й микрорайон, Ангарск;Культурно-познавательный туризм;Культурно-познавательный;690;Чик и Брик;Ангарский;0;1;все_yandex_отфильровано_объединено_нормировано_25_03_2024.csv;театр;1;52,521021;103,870472;1;Point;
15А, 212-й квартал, Ангарск;Культурно-познавательный туризм;Культурно-познавательный;691;Факел;Ангарский;0;1;все_yandex_отфильровано_объединено_нормировано_25_03_2024.csv;театр;1;52,499218;103,835099;1;Point;
ул. Хасановских Боёв, 1, Свирск;Культурно-познавательный туризм;Культурно-познавательный;692;МУ Городской центр Культуры МО город Свирск;Черемховский;2;0;все_yandex_отфильровано_объединено_нормировано_25_03_2024.csv;"культурный центр;театр;дом культуры;творческий коллектив";0;53,076283;103,338473;1;Point;336
Байкальская ул., 32;Культурно-познавательный туризм;Культурно-познавательный;693;Театр кукол Аистёнок;Иркутск;1;1;все_yandex_отфильровано_объединено_нормировано_25_03_2024.csv;"театр;творческий коллектив";1;52,275449;104,303004;1;Point;
ул. Ленина, 25, Черемхово;Культурно-познавательный туризм;Культурно-познавательный;694;Драматический театр;Черемховский;1;1;все_yandex_отфильровано_объединено_нормировано_25_03_2024.csv;театр;1;53,13908;103,078372;1;Point;
ул. Седова, 29, Иркутск;Культурно-познавательный туризм;Культурно-познавательный;695;ОГАУК Иркутский областной государственный музыкальный театр имени Н.М. Загурского;Иркутск;1;1;все_yandex_отфильровано_объединено_нормировано_25_03_2024.csv;театр;1;52,274595;104,291874;1;Point;
ул. Карла Маркса, 14;Культурно-познавательный туризм;Культурно-познавательный;696;Иркутский академический драматический театр имени Н. П. Охлопкова;Иркутск;1;1;все_yandex_отфильровано_объединено_нормировано_25_03_2024.csv;"театр;театрально-концертная касса";1;52,277676;104,281382;1;Point;
ул. Ленина, 23;Культурно-познавательный туризм;Культурно-познавательный;697;Иркутский областной театр юного зрителя имени А. Вампилова;Иркутск;1;1;все_yandex_отфильровано_объединено_нормировано_25_03_2024.csv;театр;1;52,277537;104,285267;1;Point;
ул. Октябрьской Революции, 20В;Культурно-познавательный туризм;Культурно-познавательный;698;Театр Внутренней Практики Сергея Помазана;Иркутск;0;1;все_yandex_отфильровано_объединено_нормировано_25_03_2024.csv;"театр;концертный зал";1;52,289161;104,30315;1;Point;
ул. Мухиной, 13А;Культурно-познавательный туризм;Культурно-познавательный;699;Городской театр народной драмы;Иркутск;1;1;все_yandex_отфильровано_объединено_нормировано_25_03_2024.csv;театр;1;52,227149;104,312726;1;Point;
ул. Баррикад, 51/4;Культурно-познавательный туризм;Культурно-познавательный;700;Театр Молодых Бездельник;Иркутск;0;1;все_yandex_отфильровано_объединено_нормировано_25_03_2024.csv;театр;1;52,296264;104,307179;1;Point;
ул. Кожова, 38;Культурно-познавательный туризм;Культурно-познавательный;701;Новая драма;Иркутск;0;1;все_yandex_отфильровано_объединено_нормировано_25_03_2024.csv;театр;1;52,272631;104,293323;1;Point;
ул. Карла Маркса, 40, корп. 1;Культурно-познавательный туризм;Культурно-познавательный;702;Театр танца Владимира Лопаева Ргодвижение;Иркутск;0;1;все_yandex_отфильровано_объединено_нормировано_25_03_2024.csv;театр;1;52,291413;104,297949;1;Point;
ул. Трилиссера, 91Б;Культурно-познавательный туризм;Культурно-познавательный;703;Иркутский Бейби театр;Иркутск;0;1;все_yandex_отфильровано_объединено_нормировано_25_03_2024.csv;театр;1;52,275551;104,317486;1;Point;
ул. Академика Курчатова, 13А;Культурно-познавательный туризм;Культурно-познавательный;704;Под знаком Водолея;Иркутск;0;1;все_yandex_отфильровано_объединено_нормировано_25_03_2024.csv;театр;1;52,256157;104,264522;1;Point;
ул. Костычева, 1;Культурно-познавательный туризм;Культурно-познавательный;705;Театр Александра Гречмана;Иркутск;0;1;все_yandex_отфильровано_объединено_нормировано_25_03_2024.csv;театр;1;52,237015;104,279663;1;Point;
Хасановский пер., 1;Культурно-познавательный туризм;Культурно-познавательный;706;Дом актёра;Иркутск;0;1;все_yandex_отфильровано_объединено_нормировано_25_03_2024.csv;"дом культуры;театр";1;52,278171;104,282225;1;Point;
ул. Ленина, 23;Культурно-познавательный туризм;Культурно-познавательный;707;АлександриЯ;Иркутск;0;1;все_yandex_отфильровано_объединено_нормировано_25_03_2024.csv;театр;1;52,277654;104,285269;1;Point;
ул. Ленина, 8;Культурно-познавательный туризм;Культурно-познавательный;708;Молодежный театр Эксперимент;Иркутск;0;1;все_yandex_отфильровано_объединено_нормировано_25_03_2024.csv;театр;1;52,288673;104,278235;1;Point;
пер. Волконского, 8;Культурно-познавательный туризм;Культурно-познавательный;709;Театр Пилигримов;Иркутск;1;1;все_yandex_отфильровано_объединено_нормировано_25_03_2024.csv;театр;1;52,287182;104,304181;1;Point;
ул. Пискунова, 54;Культурно-познавательный туризм;Культурно-познавательный;710;Alter Homo;Иркутск;0;1;все_yandex_отфильровано_объединено_нормировано_25_03_2024.csv;театр;1;52,268777;104,310125;1;Point;
;Культурно-познавательный туризм;Культурно-познавательный;711;Иркутская областная филармония Концертный зал;Иркутск;1;1;все_yandex_отфильровано_объединено_нормировано_25_03_2024.csv;"филармония;концертный зал";1;52,278016;104,285322;1;Point;
ул. Мира, 37, Братск;Культурно-познавательный туризм;Культурно-познавательный;712;Братский драматический театр;Братск;1;1;все_yandex_отфильровано_объединено_нормировано_25_03_2024.csv;театр;1;56,156676;101,62308;1;Point;
просп. Ленина, 28, Братск;Культурно-познавательный туризм;Культурно-познавательный;713;Братский театр кукол Тирлямы;Братск;1;1;все_yandex_отфильровано_объединено_нормировано_25_03_2024.csv;театр;1;56,148799;101,632686;1;Point;
просп. Ленина, 28, Братск;Культурно-познавательный туризм;Культурно-познавательный;714;Театрально-концертный центр Братск-Арт;Братск;0;1;все_yandex_отфильровано_объединено_нормировано_25_03_2024.csv;"культурный центр;театр;концертный зал";1;56,148712;101,632363;1;Point;
Пионерская ул., 5, Братск;Культурно-познавательный туризм;Культурно-познавательный;715;Театр Девятая идея;Братск;0;1;все_yandex_отфильровано_объединено_нормировано_25_03_2024.csv;"театр;творческий коллектив";1;56,145956;101,623318;1;Point;
Комсомольская ул., 10, Братск;Культурно-познавательный туризм;Культурно-познавательный;716;Новолуние;Братск;0;1;все_yandex_отфильровано_объединено_нормировано_25_03_2024.csv;"театр;творческий коллектив";1;56,151818;101,608571;1;Point;
ул. Черёмушки, 2, село Самара;Культурно-познавательный туризм;Культурно-познавательный;717;Культурно-досуговый центр Услонского Муниципального Образования Зиминского района;Зиминский;0;1;все_yandex_отфильровано_объединено_нормировано_25_03_2024.csv;кинотеатр;1;53,851867;102,002479;1;Point;
просп. Мира, 36, Усть-Илимск;Культурно-познавательный туризм;Культурно-познавательный;718;Усть-Илимский театр драмы и комедии;Усть-Илимский;1;1;все_yandex_отфильровано_объединено_нормировано_25_03_2024.csv;"театр;концертные и театральные агентства";1;57,946964;102,734945;1;Point;
;Культурно-познавательный туризм;Культурно-познавательный;719;Лаборатория Театрика;Иркутск;0;1;все_yandex_отфильровано_объединено_нормировано_25_03_2024.csv;"организация мероприятий;театр";1;52,292135;104,29055;1;Point;
Иркутская область, Слюдянский район, Байкальское муниципальное образование, Байкальск, микрорайон Гагарина;Культурно-познавательный туризм;Культурно-познавательный;720;Театр;Слюдянский;0;1;все_yandex_отфильровано_объединено_нормировано_25_03_2024.csv;театр;1;51,525247;104,149691;1;Point;
;Культурно-познавательный туризм;Культурно-познавательный;721;Театр;Усольский;0;1;все_yandex_отфильровано_объединено_нормировано_25_03_2024.csv;театр;1;52,813412;103,527314;1;Point;
ул. Сухэ-Батора, 1;Культурно-познавательный туризм;Культурно-познавательный;722;Органный зал;Иркутск;1;1;все_yandex_отфильровано_объединено_нормировано_25_03_2024.csv;"концертный зал;филармония";1;52,290438;104,282527;1;Point;
просп. Маршала Жукова, 36А/1;Культурно-познавательный туризм;Культурно-познавательный;723;Ледокол Ангара;Иркутск;1;1;все_yandex_отфильровано_объединено_нормировано_25_03_2024.csv;музей;1;52,250143;104,343884;1;Point;
ул. Горького, 8, рабочий посёлок Листвянка;Развлекательный туризм;Развлекательный;726;Колесо обозрения Око Байкала;Иркутский;0;1;все_yandex_отфильровано_объединено_нормировано_25_03_2024.csv;аттракцион;1;51,843087;104,878259;1;Point;
2-я Железнодорожная ул., 66;Культурно-познавательный туризм;Культурно-познавательный;729;Аквариум байкальской нерпы;Иркутск;1;1;все_yandex_отфильровано_объединено_нормировано_25_03_2024.csv;"океанариум;дельфинарий;цирк";1;52,279591;104,250012;1;Point;
ул. Горького, 101А, рабочий посёлок Листвянка;Культурно-познавательный туризм;Культурно-познавательный;730;Нерпинарий;Иркутский;1;1;все_yandex_отфильровано_объединено_нормировано_25_03_2024.csv;"океанариум;дельфинарий;цирк";1;51,845434;104,875671;1;Point;
2-я Советская ул., 1А, село Новожилкино;Активный туризм;Активный;731;Олимп;Усольский;0;1;все_yandex_отфильровано_объединено_нормировано_25_03_2024.csv;спортивный комплекс;1;52,558391;103,549701;1;Point;
ул. Лермонтова, 279;Культурно-познавательный туризм;Культурно-познавательный;734;Большой Иркутский планетарий;Иркутск;0;1;все_yandex_отфильровано_объединено_нормировано_25_03_2024.csv;"планетарий;кинотеатр";1;52,248241;104,271926;1;Point;
Советская ул., 119А;Культурно-познавательный туризм;Культурно-познавательный;735;Астрономическая обсерватория Игу;Иркутск;0;1;все_yandex_отфильровано_объединено_нормировано_25_03_2024.csv;"обсерватория;планетарий";1;52,281101;104,346216;1;Point;
ул. Калинина, 8, село Олонки;Культурно-познавательный туризм;Культурно-познавательный;737;Музей Имени Декабриста В. Ф. Раевского Муниципального Образования Олонки;Боханский;2;0;все_yandex_отфильровано_объединено_нормировано_25_03_2024.csv;музей;0;52,895494;103,698507;1;Point;335
Южная ул., 20, Центральный район, Братск;Культурно-познавательный туризм;Культурно-познавательный;738;Братский Планетарий;Братск;0;1;все_yandex_отфильровано_объединено_нормировано_25_03_2024.csv;планетарий;1;56,146433;101,616003;1;Point;
Партизанская ул., 18, рабочий посёлок Листвянка;Культурно-познавательный туризм;Культурно-познавательный;739;Байкальская астрофизическая обсерватория;Иркутский;0;1;все_yandex_отфильровано_объединено_нормировано_25_03_2024.csv;"обсерватория;планетарий";1;51,84672;104,892516;1;Point;
Юбилейная ул., 43, село Могоенок;Культурно-познавательный туризм;Культурно-познавательный;744;Банных;Аларский;0;1;все_yandex_отфильровано_объединено_нормировано_25_03_2024.csv;цирк;1;53,388892;102,860738;1;Point;
Пролетарская ул., 13;Культурно-познавательный туризм;Культурно-познавательный;745;Иркутский государственный цирк;Иркутск;1;1;все_yandex_отфильровано_объединено_нормировано_25_03_2024.csv;цирк;1;52,287623;104,287202;1;Point;
ул. Свердлова, 37;Культурно-познавательный туризм;Культурно-познавательный;757;Музей связи;Иркутск;1;1;все_yandex_отфильровано_объединено_нормировано_25_03_2024.csv;музей;1;52,286227;104,286113;1;Point;
ул. Мухиной, 2А;Культурно-познавательный туризм;Культурно-познавательный;759;Дом Кино;Иркутск;1;1;все_yandex_отфильровано_объединено_нормировано_25_03_2024.csv;кинотеатр;1;52,230914;104,303306;1;Point;
ул. Ленина, 3В, Усть-Илимск;Активный туризм;Активный;762;Юбилейный;Усть-Илимский;1;1;все_yandex_отфильровано_объединено_нормировано_25_03_2024.csv;спортивный комплекс;1;57,989853;102,668867;1;Point;
Иркутск, микрорайон Университетский;Активный туризм;Активный;764;Юридический институт Игу, Стадион;Иркутск;0;1;все_yandex_отфильровано_объединено_нормировано_25_03_2024.csv;стадион;1;52,252176;104,253023;1;Point;
Иркутская обл., п. Листвянка;Сельский туризм;Сельский;765;Усадьба Тюрюминых;Иркутский;0;1;Сельский_туризм_Паспорт_туризма_2019.xlsx;Не определен;1;51,868781;104,868891;1;Point;
Иркутская обл., Слюдянский район, г.Байкальск;Сельский туризм;Сельский;766;Вепское поместье;Слюдянский;0;1;Сельский_туризм_Паспорт_туризма_2019.xlsx;Не определен;1;51,513478;104,127665;1;Point;
Иркутская обл., г. Братск;Сельский туризм;Сельский;767;"Конный клуб «Фаворит""";Братск;0;1;Сельский_туризм_Паспорт_туризма_2019.xlsx;Не определен;1;56,334075;101,771249;1;Point;
Иркутская обл., г. Братск;Сельский туризм;Сельский;768;Усадьба «Конный мир»;Братск;0;1;Сельский_туризм_Паспорт_туризма_2019.xlsx;Не определен;1;56,290904;101,653333;1;Point;
Иркутская обл., г. Братск;Сельский туризм;Сельский;769;Клуб верховой езды «Конный двор»;Братск;0;1;Сельский_туризм_Паспорт_туризма_2019.xlsx;Не определен;1;56,074761;101,728494;1;Point;
Иркутская обл., г. Братск, Пихтовая, 77 ст2;Сельский туризм;Сельский;770;Кролиководческая ферма ООО «Радуга»;Братск;0;1;Сельский_туризм_Паспорт_туризма_2019.xlsx;Не определен;1;56,154773;101,572793;1;Point;
Иркутская обл., с. Баяндай;Сельский туризм;Сельский;771;Баяндаевский этнографический музей;Баяндаевский;0;1;Сельский_туризм_Паспорт_туризма_2019.xlsx;Не определен;1;53,050495;105,523378;1;Point;
Иркутская обл., д. Тургеневка;Сельский туризм;Сельский;772;Туристский маршрут «Сила села!»;Баяндаевский;0;1;Сельский_туризм_Паспорт_туризма_2019.xlsx;Не определен;1;53,027447;105,664331;1;Point;
Иркутская обл., Нижнеудинский р-н, с. Алыгджер;Сельский туризм;Сельский;773;Гостевой дом «Тофаларская усадьба»;Нижнеудинский;0;1;Сельский_туризм_Паспорт_туризма_2019.xlsx;Не определен;1;53,634009;98,21747;1;Point;
Иркутская обл., Усольский р-н;Сельский туризм;Сельский;774;Спасская слобода;Усольский;0;1;Сельский_туризм_Паспорт_туризма_2019.xlsx;Не определен;1;52,835151;103,675339;1;Point;
Иркутская обл., Боханский р-н;Сельский туризм;Сельский;775;Сибирский марал;Боханский;0;1;Сельский_туризм_Паспорт_туризма_2019.xlsx;Не определен;1;53,246315;104,421947;1;Point;
Иркутская обл., Боханский р-н, д. Вершина;Сельский туризм;Сельский;776;д. Вершина;Боханский;0;1;Сельский_туризм_Паспорт_туризма_2019.xlsx;Не определен;1;53,24737;104,42008;1;Point;
Иркутская обл., Осинский р-н;Сельский туризм;Сельский;777;ферма Хандагай;Осинский;0;1;Сельский_туризм_Паспорт_туризма_2019.xlsx;Не определен;1;53,7440165;104,0915864;1;Point;
Иркутская обл., Иркутский р-н, с. Бугульдейка;Сельский туризм;Сельский;778;экоотель «Имение Заречное»;Ольхонский;0;1;Сельский_туризм_Паспорт_туризма_2019.xlsx;Не определен;1;52,55235;106,062207;1;Point;
Иркутская обл., Эхирит-Булагатский р-н, пос. Усть-Ордынский ;Сельский туризм;Сельский;779;пос. Усть-Ордынский;Эхирит-Булагатский;0;1;Сельский_туризм_Паспорт_туризма_2019.xlsx;Не определен;1;52,806936;104,740938;1;Point;
Иркутская обл., Заларинский р-н, д. Тагна;Сельский туризм;Сельский;780;д. Тагна;Заларинский;0;1;Сельский_туризм_Паспорт_туризма_2019.xlsx;Не определен;1;53,585795;101,885553;1;Point;
Иркутская обл., Заларинский р-н, с. Черемшанка;Сельский туризм;Сельский;781;с. Черемшанка;Тайшетский;0;1;Сельский_туризм_Паспорт_туризма_2019.xlsx;Не определен;1;56,096068;97,475788;1;Point;
Иркутская обл., Заларинский р-н, с. Хор-Тагна;Сельский туризм;Сельский;782;с. Хор-Тагна;Заларинский;0;1;Сельский_туризм_Паспорт_туризма_2019.xlsx;Не определен;1;53,416573;101,544815;1;Point;
Иркутская обл., с. Хомутово, ул. Колхозная 135/1.;Сельский туризм;Сельский;783;Сыроварня Милаша;Иркутский;0;1;Сельский_туризм_Паспорт_туризма_2019.xlsx;Не определен;1;52,46394;104,360928;1;Point;
Иркутская обл., Зиминский р-он, с.Кимильтей, Набережная ул. 52А;Сельский туризм;Сельский;784;туристическая деревня Отрадное;Зиминский;0;1;Сельский_туризм_Паспорт_туризма_2019.xlsx;Не определен;1;54,14193;102,00153;1;Point;
г. Слюдянка;Культурно-познавательный туризм;Культурно-познавательный;785;Памятник  архитектуры «Водонапорная башня»;Слюдянский;0;1;Памятники Здания_координаты.xlsx;Памятники, исторические здания;1;51,656461;103,720542;1;Point;
Иркутская область, Слюдянский р-н;Культурно-познавательный туризм;Культурно-познавательный;786;Круго-байкальская железнодорожная дорога;Слюдянский;0;1;Памятники Здания_координаты.xlsx;Памятники, исторические здания;1;51,870427;104,809246;1;Point;
Иркутская область, Слюдянский р-н;Культурно-познавательный туризм;Культурно-познавательный;787;Тропа «Пик Черского»;Слюдянский;0;1;Памятники Здания_координаты.xlsx;Памятники, исторические здания;1;51,646021;103,759149;1;Point;
г. Слюдянка;Культурно-познавательный туризм;Культурно-познавательный;788;Железнодорожный вокзал из мрамора;Слюдянский;0;1;Памятники Здания_координаты.xlsx;Памятники, исторические здания;1;51,658711;103,724294;1;Point;
г. Слюдянка, парк Перевал;Культурно-познавательный туризм;Культурно-познавательный;790;Мемориал  военным-землякам;Слюдянский;0;1;Памятники Здания_координаты.xlsx;Памятники, исторические здания;1;51,542172;104,059421;1;Point;
г. Слюдянка, ул. 40 Лет Октября, д.40 ;Культурно-познавательный туризм;Культурно-познавательный;791;Свято-Никольская  церковь;Слюдянский;0;1;Памятники Здания_координаты.xlsx;Памятники, исторические здания, святыни и храмы;1;51,727342;103,707288;1;Point;
г. Слюдянка;Культурно-познавательный туризм;Культурно-познавательный;792;Памятник «Паровоз» военным железнодорожникам;Слюдянский;1;1;Памятники Здания_координаты.xlsx;Памятники, исторические здания;1;51,656652;103,720266;1;Point;
г. Слюдянка;Культурно-познавательный туризм;Культурно-познавательный;793;Памятник водолазам ВОВ 19411945гг;Слюдянский;0;1;Памятники Здания_координаты.xlsx;Памятники, исторические здания;1;51,66697;103,714868;1;Point;
г. Слюдянка;Культурно-познавательный туризм;Культурно-познавательный;794;Мемориал «Звездочка»;Слюдянский;0;1;Памятники Здания_координаты.xlsx;Памятники, исторические здания;1;51,639004;103,71249;1;Point;
г. Слюдянка;Культурно-познавательный туризм;Культурно-познавательный;795;Памятник  Слюдянским Красногвардейцам;Слюдянский;0;1;Памятники Здания_координаты.xlsx;Памятники, исторические здания;1;51,644635;103,705233;1;Point;
г. Слюдянка;Культурно-познавательный туризм;Культурно-познавательный;796;Памятник Космонавту;Слюдянский;0;1;Памятники Здания_координаты.xlsx;Памятники, исторические здания;1;51,649227;103,741938;1;Point;
Иркутская область, Черемховский р-н, с. Михайловка;Культурно-познавательный туризм;Культурно-познавательный;797;Храма Василия Великого;Черемховский;0;1;Памятники Здания_координаты.xlsx;Памятники, исторические здания, святыни и храмы;1;52,955637;103,288306;1;Point;
Иркутская область, Черемховский р-н, с. Голуметь;Культурно-познавательный туризм;Культурно-познавательный;798;Свято-Никольский  храм;Черемховский;1;1;Памятники Здания_координаты.xlsx;Памятники, исторические здания, святыни и храмы;1;53,150677;103,063799;1;Point;
Иркутская область, Черемховский р-н;Культурно-познавательный туризм;Культурно-познавательный;799;Сторожевая башня Бельского острога;Черемховский;0;1;Памятники Здания_координаты.xlsx;Памятники, исторические здания;1;52,873234;103,08266;1;Point;
Иркутская область, Черемховский р-н, с. Бельск, центр села;Культурно-познавательный туризм;Культурно-познавательный;800;Бельская Сретенская церковь;Черемховский;0;1;Памятники Здания_координаты.xlsx;Памятники, исторические здания, святыни и храмы;1;52,873543;103,082668;1;Point;
Иркутская область, Черемховский р-н, д. Бажей ;Культурно-познавательный туризм;Культурно-познавательный;801;Усадьба;Боханский;1;1;Памятники Здания_координаты.xlsx;Памятники, исторические здания;1;53,150253;103,349547;1;Point;
Иркутская область, Черемховский р-н, д. Бажей;Культурно-познавательный туризм;Культурно-познавательный;802;Дом жилой;Иркутск;1;1;Памятники Здания_координаты.xlsx;Памятники, исторические здания;1;52,287246;104,274282;1;Point;
Иркутская область, Черемховский р-н, д. Бархатова;Культурно-познавательный туризм;Культурно-познавательный;805;Церковь Иоанно-Прокопьевская;Черемховский;0;1;Памятники Здания_координаты.xlsx;Памятники, исторические здания, святыни и храмы;1;53,00885;103,351268;1;Point;
Иркутская область, Черемховский р-н, Бельск с., Звездная ул., 9;Культурно-познавательный туризм;Культурно-познавательный;810;Дом жилой Пестюрина;Иркутск;0;1;Памятники Здания_координаты.xlsx;Памятники, исторические здания;1;52,271553;104,318682;1;Point;
Иркутская область, Черемховский р-н, Бельск с., Звездная ул., 18;Культурно-познавательный туризм;Культурно-познавательный;811;Усадьба Пестюрина;Черемховский;0;1;Памятники Здания_координаты.xlsx;Памятники, исторические здания;1;52,861135;103,069255;1;Point;
Иркутская область, Черемховский р-н, Бельск с., Иванова ул., 10;Культурно-познавательный туризм;Культурно-познавательный;812;Усадьба Шапченко;Черемховский;0;1;Памятники Здания_координаты.xlsx;Памятники, исторические здания;1;52,877715;103,084518;1;Point;
Иркутская область, Черемховский р-н, Бельск с., Иванова ул., 16;Культурно-познавательный туризм;Культурно-познавательный;813;Усадьба Трескина;Иркутск;1;1;Памятники Здания_координаты.xlsx;Памятники, исторические здания;1;52,287529;104,285522;1;Point;
Иркутская область, Черемховский р-н, Бельск с., Иванова ул., 21;Культурно-познавательный туризм;Культурно-познавательный;814;Усадьба Белькова;Черемховский;1;1;Памятники Здания_координаты.xlsx;Памятники, исторические здания;1;52,871709;103,082954;1;Point;
Иркутская область, Черемховский р-н, Бельск с., Иванова ул., 22;Культурно-познавательный туризм;Культурно-познавательный;815;Усадьба Андреевых;Иркутск;2;0;Памятники Здания_координаты.xlsx;Памятники, исторические здания;0;52,287529;104,285522;1;Point;813
Иркутская область, Черемховский р-н, Бельск с., Иванова ул., 22;Культурно-познавательный туризм;Культурно-познавательный;816;Усадьба Черных;Черемховский;0;1;Памятники Здания_координаты.xlsx;Памятники, исторические здания;1;52,875443;103,085622;1;Point;
Иркутская область, Черемховский р-н, Бельск с., Иванова ул., 34;Культурно-познавательный туризм;Культурно-познавательный;817;Усадьба Кузнецова (Кабакова);не обнаружено;0;1;Памятники Здания_координаты.xlsx;Памятники, исторические здания;1;36,648325;56,124576;1;Point;
Иркутская область, Черемховский р-н, Бельск с., Иванова ул., 39;Культурно-познавательный туризм;Культурно-познавательный;818;Общежитие мастеров кожевенного завода;Черемховский;0;1;Памятники Здания_координаты.xlsx;Памятники, исторические здания;1;53,149623;103,092146;1;Point;
Иркутская область, Черемховский р-н, Бельск с., Иванова ул., 44;Культурно-познавательный туризм;Культурно-познавательный;819;Усадьба Ципровского;Черемховский;2;0;Памятники Здания_координаты.xlsx;Памятники, исторические здания;0;52,871529;103,082424;1;Point;814
Иркутская область, Черемховский р-н, Бельск с., Иванова ул., 45;Культурно-познавательный туризм;Культурно-познавательный;820;Усадьба Тетерникова;Черемховский;0;1;Памятники Здания_координаты.xlsx;Памятники, исторические здания;1;52,867284;103,078634;1;Point;
Иркутская область, Черемховский р-н, Бельск с., Иванова ул., 48-а;Культурно-познавательный туризм;Культурно-познавательный;821;Двухклассное смешанное министерское училище;Черемховский;0;1;Памятники Здания_координаты.xlsx;Памятники, исторические здания;1;53,139732;103,075077;1;Point;
Иркутская область, Черемховский р-н, Бельск с., Иванова ул., 50-52;Культурно-познавательный туризм;Культурно-познавательный;822;Дом жилой Помигалова;Иркутск;0;1;Памятники Здания_координаты.xlsx;Памятники, исторические здания;1;52,280512;104,305269;1;Point;
Иркутская область, Черемховский р-н, Бельск с., Иванова ул., 53;Культурно-познавательный туризм;Культурно-познавательный;823;Дом жилой Попова;не обнаружено;0;1;Памятники Здания_координаты.xlsx;Памятники, исторические здания;1;37,226149;61,8134;1;Point;
Иркутская область, Черемховский р-н, Бельск с., Иванова ул., 56;Культурно-познавательный туризм;Культурно-познавательный;824;Усадьба Черных;Черемховский;0;1;Памятники Здания_координаты.xlsx;Памятники, исторические здания;1;52,870187;103,081355;1;Point;
Иркутская область, Черемховский р-н, Бельск с., Иванова ул.,104;Культурно-познавательный туризм;Культурно-познавательный;826;Усадьба Зубкова;Иркутск;1;1;Памятники Здания_координаты.xlsx;Памятники, исторические здания;1;52,279003;104,316394;1;Point;
Иркутская область, Черемховский р-н, Бельск с., Иванова ул.,106;Культурно-познавательный туризм;Культурно-познавательный;827;Усадьба Голубева (Голубкова);Черемховский;1;1;Памятники Здания_координаты.xlsx;Памятники, исторические здания;1;52,863848;103,074151;1;Point;
Иркутская область, Черемховский р-н, Бельск с., Иванова ул.,110;Культурно-познавательный туризм;Культурно-познавательный;828;Усадьба Заложнова;Черемховский;2;0;Памятники Здания_координаты.xlsx;Памятники, исторические здания;0;52,86344;103,073684;1;Point;827
Иркутская область, Черемховский р-н, Бельск с., Набережная ул., 20;Культурно-познавательный туризм;Культурно-познавательный;829;Дом жилой Вельчинских;не обнаружено;0;1;Памятники Здания_координаты.xlsx;Памятники, исторические здания;1;;;1;;
Иркутская область, Черемховский р-н, Бельск с., Партизанская ул., 10;Культурно-познавательный туризм;Культурно-познавательный;830;Усадьба Героя Советского Союза Иванова;Иркутск;2;0;Памятники Здания_координаты.xlsx;Памятники, исторические здания;0;52,279003;104,316394;1;Point;826
Иркутская область, Черемховский р-н, Бельск с., Партизанская ул., 15;Культурно-познавательный туризм;Культурно-познавательный;831;Усадьба Алферова;Иркутск;1;1;Памятники Здания_координаты.xlsx;Памятники, исторические здания;1;52,287529;104,285522;1;Point;
Иркутская область, Черемховский р-н, Бельск с., Партизанская ул., 23;Культурно-познавательный туризм;Культурно-познавательный;833;Усадьба Крюкова;Черемховский;0;1;Памятники Здания_координаты.xlsx;Памятники, исторические здания;1;52,877785;103,086772;1;Point;
Иркутская область, Черемховский р-н, Бельск с., Советский пер., 5;Культурно-познавательный туризм;Культурно-познавательный;835;Усадьба Никитина;Иркутск;0;1;Памятники Здания_координаты.xlsx;Памятники, исторические здания;1;52,285474;104,288454;1;Point;
Иркутская область, Черемховский р-н, Верхний Булай с.;Культурно-познавательный туризм;Культурно-познавательный;836;Церковь Преображенская;Иркутск;0;1;Памятники Здания_координаты.xlsx;Памятники, исторические здания, святыни и храмы;1;52,287673;104,303638;1;Point;
Иркутская область, Черемховский р-н, Верхний Булай с., 42;Культурно-познавательный туризм;Культурно-познавательный;838;Ворота;Иркутск;0;1;Памятники Здания_координаты.xlsx;Памятники, исторические здания;1;52,278904;104,307514;1;Point;
Иркутская область, Черемховский р-н, Голуметь с.,Советская ул., 10;Культурно-познавательный туризм;Культурно-познавательный;840;Церковь Николаевская;Черемховский;0;1;Памятники Здания_координаты.xlsx;Памятники, исторические здания, святыни и храмы;1;53,039998;102,361592;1;Point;
Иркутская область, Черемховский р-н, Голуметь с.,Советская ул., 82;Культурно-познавательный туризм;Культурно-познавательный;841;Магазин;Черемховский;0;1;Памятники Здания_координаты.xlsx;Памятники, исторические здания;1;53,148167;103,067913;1;Point;
Иркутская область, Черемховский р-н, Голуметь с., Советская ул., 45;Культурно-познавательный туризм;Культурно-познавательный;844;Амбар;Шелеховский;1;1;Памятники Здания_координаты.xlsx;Памятники, исторические здания;1;52,23715;104,06396;1;Point;
Иркутская область, Черемховский р-н, Голуметь с., Советская ул., 97;Культурно-познавательный туризм;Культурно-познавательный;847;Ворота;Черемховский;0;1;Памятники Здания_координаты.xlsx;Памятники, исторические здания;1;53,148402;103,06719;1;Point;
Иркутская область, Черемховский р-н, Гымыль д., северный въезд в деревню, напротив главных ворот пионерского лагеря;Культурно-познавательный туризм;Культурно-познавательный;856;Братская могила коммунара Белькова Г.С. и красногвардейца Батурина Н.;не обнаружено;0;1;Памятники Здания_координаты.xlsx;Памятники, исторические здания;1;;;1;;
Иркутская область, Черемховский р-н, Елань д.;Культурно-познавательный туризм;Культурно-познавательный;858;Колодец с поилкой;Иркутск;0;1;Памятники Здания_координаты.xlsx;Памятники, исторические здания;1;52,289283;104,322004;1;Point;
Иркутская область, Черемховский р-н, Жалгай д.;Культурно-познавательный туризм;Культурно-познавательный;859;Юрта;Иркутск;1;1;Памятники Здания_координаты.xlsx;Памятники, исторические здания;1;52,255546;104,352664;1;Point;
Иркутская область, Черемховский р-н, Жалгай д.;Культурно-познавательный туризм;Культурно-познавательный;860;Дом жилой с лавкой;Иркутск;1;1;Памятники Здания_координаты.xlsx;Памятники, исторические здания;1;52,286022;104,274971;1;Point;
Иркутская область, Черемховский р-н, Касьяновка д.;Культурно-познавательный туризм;Культурно-познавательный;865;Здание больницы;Черемховский;0;1;Памятники Здания_координаты.xlsx;Памятники, исторические здания;1;53,118313;103,143221;1;Point;
Иркутская область, Черемховский р-н, Мотова д.;Культурно-познавательный туризм;Культурно-познавательный;872;Церковь-школа во имя Святой Троицы;Черемховский;1;1;Памятники Здания_координаты.xlsx;Памятники, исторические здания, святыни и храмы;1;53,147431;103,091545;1;Point;
Иркутская область, Черемховский р-н, Половина ст. (Михайловка), Вокзальная ул.;Культурно-познавательный туризм;Культурно-познавательный;882;Водоподъемное здание 1;Черемховский;1;1;Памятники Здания_координаты.xlsx;Памятники, исторические здания;1;52,772205;102,282196;1;Point;
Иркутская область, Черемховский р-н, Половина ст. (Михайловка), Вокзальная ул.;Культурно-познавательный туризм;Культурно-познавательный;883;Водоподъемное здание 2;Черемховский;2;0;Памятники Здания_координаты.xlsx;Памятники, исторические здания;0;52,772205;102,282196;1;Point;882
Иркутская область, Черемховский р-н, Половина ст., Вокзальная ул.;Культурно-познавательный туризм;Культурно-познавательный;884;Здание вокзала;Черемховский;0;1;Памятники Здания_координаты.xlsx;Памятники, исторические здания;1;53,148986;103,085437;1;Point;
Иркутская область, Аларский р-н, п. Кутулик;Культурно-познавательный туризм;Культурно-познавательный;897;Церковь И. Предтечи;Аларский;0;1;Памятники Здания_координаты.xlsx;Памятники, исторические здания, святыни и храмы;1;53,352191;102,785046;1;Point;
Иркутская область, Аларский р-н, п. Кутулик;Культурно-познавательный туризм;Культурно-познавательный;898;Кутуликский дацан;Аларский;0;1;Памятники Здания_координаты.xlsx;Памятники, исторические здания, святыни и храмы;1;53,361313;102,791526;1;Point;
Иркутская область, Аларский р-н, д. Шаховск;Культурно-познавательный туризм;Культурно-познавательный;899;Мечеть;Иркутск;1;1;Памятники Здания_координаты.xlsx;Памятники, исторические здания, святыни и храмы;1;52,281331;104,305787;1;Point;
Иркутская область, Аларский р-н, с. Бахтай;Культурно-познавательный туризм;Культурно-познавательный;900;Сакральное  место «Шаман- гора»;Иркутск;0;1;Памятники Здания_координаты.xlsx;Памятники, исторические здания, святыни и храмы;1;52,217131;104,315273;1;Point;
Иркутская область, Аларский р-н, с. Бахтай;Культурно-познавательный туризм;Культурно-познавательный;901;Сакральное место «Болдогор»;Аларский;1;1;Памятники Здания_координаты.xlsx;Памятники, исторические здания, святыни и храмы;1;53,317623;102,758573;1;Point;
Иркутская область, Аларский р-н, с. Нельхай;Культурно-познавательный туризм;Культурно-познавательный;902;Сакральное место «Теплый лес»;Иркутский;0;1;Памятники Здания_координаты.xlsx;Памятники, исторические здания, святыни и храмы;1;51,922831;104,797227;1;Point;
Иркутская область, Аларский р-н, с. Нельхай;Культурно-познавательный туризм;Культурно-познавательный;903;Сакральное место «Наран»;не обнаружено;0;1;Памятники Здания_координаты.xlsx;Памятники, исторические здания, святыни и храмы;1;;;1;;
Иркутская область, Аларский р-н, с. Александровск;Культурно-познавательный туризм;Культурно-познавательный;904;Церковь Успения Пресвятой Богородицы;не обнаружено;0;1;Памятники Здания_координаты.xlsx;Памятники, исторические здания, святыни и храмы;1;43,449538;58,455943;1;Point;
Иркутская область, Аларский р-н, с. Зоны;Культурно-познавательный туризм;Культурно-познавательный;905;Сакральное место «Шибертуйский мост»;Аларский;0;1;Памятники Здания_координаты.xlsx;Памятники, исторические здания, святыни и храмы;1;53,316079;102,535665;1;Point;
Иркутская область, Аларский р-н, с. Иваническ;Культурно-познавательный туризм;Культурно-познавательный;906;Церковь во имя святителя Николая Чудотворца;Шелеховский;1;1;Памятники Здания_координаты.xlsx;Памятники, исторические здания, святыни и храмы;1;52,162203;104,108599;1;Point;
Иркутская область, Аларский р-н, с. Аляты;Культурно-познавательный туризм;Культурно-познавательный;907;Церковь во имя Святой Троицы;Иркутск;1;1;Памятники Здания_координаты.xlsx;Памятники, исторические здания, святыни и храмы;1;52,285486;104,270468;1;Point;
Иркутская область, Аларский р-н, с. Аляты;Культурно-познавательный туризм;Культурно-познавательный;908;Местность «Артуха»;Аларский;0;1;Памятники Здания_координаты.xlsx;Памятники, исторические здания, святыни и храмы;1;53,317623;102,758573;1;Point;
Иркутская область, Аларский р-н, с. Аляты;Культурно-познавательный туризм;Культурно-познавательный;909;Сакральное место «Маниилтын хада»;Аларский;2;0;Памятники Здания_координаты.xlsx;Памятники, исторические здания, святыни и храмы;0;53,317623;102,758573;1;Point;901
Иркутская область, Аларский р-н, с. Куйта;Культурно-познавательный туризм;Культурно-познавательный;911;Сакральное место Эзэтэй модон;Аларский;0;1;Памятники Здания_координаты.xlsx;Памятники, исторические здания, святыни и храмы;1;53,183075;102,746994;1;Point;
Иркутская область, Аларский р-н, с. Идеал;Культурно-познавательный туризм;Культурно-познавательный;912;Сакральное место Тумэртын хада;Аларский;0;1;Памятники Здания_координаты.xlsx;Памятники, исторические здания, святыни и храмы;1;53,158595;102,694864;1;Point;
Иркутская область, Аларский р-н, д. Алзобей ;Культурно-познавательный туризм;Культурно-познавательный;913;Барисан «Бадрян»;Аларский;0;1;Памятники Здания_координаты.xlsx;Памятники, исторические здания, святыни и храмы;1;53,114508;102,629179;1;Point;
Иркутская область, Аларский р-н, с. Аларь;Культурно-познавательный туризм;Культурно-познавательный;914;Гора «Сорготой»;не обнаружено;0;1;Памятники Здания_координаты.xlsx;Памятники, исторические здания, святыни и храмы;1;30,861559;50,37097;1;Point;
Иркутская область, Аларский р-н, с. Аларь;Культурно-познавательный туризм;Культурно-познавательный;915;Аларский дацан, ламский сад;не обнаружено;0;1;Памятники Здания_координаты.xlsx;Памятники, исторические здания, святыни и храмы;1;51,759186;107,203333;1;Point;
Иркутская область, Аларский р-н, с. Улзет;Культурно-познавательный туризм;Культурно-познавательный;916;Источник Аршан;Аларский;0;1;Памятники Здания_координаты.xlsx;Памятники, исторические здания, святыни и храмы;1;53,317623;102,758573;1;Point;
Иркутская область, Аларский р-н, д. Куркаты;Культурно-познавательный туризм;Культурно-познавательный;917;Барисан «Куркатский»;Аларский;0;1;Памятники Здания_координаты.xlsx;Памятники, исторические здания, святыни и храмы;1;53,317015;102,798862;1;Point;
Иркутская область, Аларский р-н, д. Кукунур;Культурно-познавательный туризм;Культурно-познавательный;918;Барисан Харануур;не обнаружено;0;1;Памятники Здания_координаты.xlsx;Памятники, исторические здания, святыни и храмы;1;51,648581;107,147944;1;Point;
Иркутская область, Аларский р-н, д. Готол;Культурно-познавательный туризм;Культурно-познавательный;919;Барисан «Хондос гора»;Аларский;0;1;Памятники Здания_координаты.xlsx;Памятники, исторические здания, святыни и храмы;1;53,189048;102,539725;1;Point;
Иркутская область, Аларский р-н, д. Ныгда;Культурно-познавательный туризм;Культурно-познавательный;920;Гора Хара Хошун;не обнаружено;0;1;Памятники Здания_координаты.xlsx;Памятники, исторические здания, святыни и храмы;1;51,063077;106,47418;1;Point;
Иркутская область, Аларский р-н, д. Ныгда;Культурно-познавательный туризм;Культурно-познавательный;921;«Убгэд» священное шаманское место;Шелеховский;0;1;Памятники Здания_координаты.xlsx;Памятники, исторические здания, святыни и храмы;1;52,077971;103,737072;1;Point;
Иркутская область, Аларский р-н, д. Ныгда;Культурно-познавательный туризм;Культурно-познавательный;922;Священное место «12 Сосен»;Аларский;0;1;Памятники Здания_координаты.xlsx;Памятники, исторические здания, святыни и храмы;1;53,317623;102,758573;1;Point;
Иркутская область, Аларский район,  д. Нельхай ;Культурно-познавательный туризм;Культурно-познавательный;923;ПАМЯТНИК УЧАСТНИКАМ КОНДОЙСКОЙ КОММУНЫ;Аларский;0;1;Памятники Здания_координаты.xlsx;Памятники, исторические здания;1;53,357685;103,130161;1;Point;
Иркутская область, Аларский район,  с. Головинское ;Культурно-познавательный туризм;Культурно-познавательный;924;ПОКЛОННЫЙ КРЕСТ В ПАМЯТЬ АТАМАНОВ И КАЗАКОВ;Иркутский;0;1;Памятники Здания_координаты.xlsx;Памятники, исторические здания;1;52,469614;104,19311;1;Point;
Иркутская область, Аларский район,  с. Бахтай ;Культурно-познавательный туризм;Культурно-познавательный;925;ПАМЯТНИК  М.Н. ЕРБАНОВУ;не обнаружено;0;1;Памятники Здания_координаты.xlsx;Памятники, исторические здания;1;51,833193;107,581152;1;Point;
Иркутская область, Аларский район,  п. Кутулик ;Культурно-познавательный туризм;Культурно-познавательный;926;ПАМЯТНИК БОРЦАМ ЗА СОВЕТСКУЮ ВЛАСТЬ;Иркутский;0;1;Памятники Здания_координаты.xlsx;Памятники, исторические здания;1;52,458614;104,247161;1;Point;
Иркутская область, Аларский район,  п. Кутулик ;Культурно-познавательный туризм;Культурно-познавательный;927;ПАМЯТНИК В.И.ЛЕНИНУ;Иркутск;1;1;Памятники Здания_координаты.xlsx;Памятники, исторические здания;1;52,287682;104,302853;1;Point;
Иркутская область, Аларский район,  п. Кутулик ;Культурно-познавательный туризм;Культурно-познавательный;928;Памятник А. В. Вампилову;Иркутск;0;1;Памятники Здания_координаты.xlsx;Памятники, исторические здания;1;52,27857;104,281035;1;Point;
Иркутская область, г. Черемхово;Культурно-познавательный туризм;Культурно-познавательный;929;Памятник А.С. Пушкину;Черемховский;0;1;Памятники Здания_координаты.xlsx;Памятники, исторические здания;1;53,140296;103,075911;1;Point;
Иркутская область, г. Черемхово;Культурно-познавательный туризм;Культурно-познавательный;930;Памятник В.И.Ленину;Черемховский;0;1;Памятники Здания_координаты.xlsx;Памятники, исторические здания;1;53,141504;103,086225;1;Point;
Иркутская область, г. Черемхово;Культурно-познавательный туризм;Культурно-познавательный;931;Памятник М.Горькому;Черемховский;1;1;Памятники Здания_координаты.xlsx;Памятники, исторические здания;1;53,137538;103,089555;1;Point;
Иркутская область, г. Черемхово;Культурно-познавательный туризм;Культурно-познавательный;932;Памятник ямщику Степану Кабакову;Черемховский;0;1;Памятники Здания_координаты.xlsx;Памятники, исторические здания;1;53,149142;103,066319;1;Point;
Иркутская область, г. Черемхово;Культурно-познавательный туризм;Культурно-познавательный;933;Памятник купцу Петру Щелкунову;Черемховский;0;1;Памятники Здания_координаты.xlsx;Памятники, исторические здания;1;53,147279;103,078957;1;Point;
Иркутская область, г. Черемхово;Культурно-познавательный туризм;Культурно-познавательный;934;Памятник «Братская могила черемховских шахтеров и бойцов ЧОН погибших за Советскую власть»;Черемховский;0;1;Памятники Здания_координаты.xlsx;Памятники, исторические здания;1;53,1311;103,113998;1;Point;
Иркутская область, г. Черемхово;Культурно-познавательный туризм;Культурно-познавательный;935;Памятник жертвам политических репрессий;Черемховский;0;1;Памятники Здания_координаты.xlsx;Памятники, исторические здания;1;53,148041;103,083556;1;Point;
Иркутская область, г. Черемхово;Культурно-познавательный туризм;Культурно-познавательный;936;Памятник шахтерам;Черемховский;0;1;Памятники Здания_координаты.xlsx;Памятники, исторические здания;1;53,12601;103,134233;1;Point;
Иркутская область, г. Черемхово;Культурно-познавательный туризм;Культурно-познавательный;937;Мемориальный комплекс «Слава героям»;Черемховский;1;1;Памятники Здания_координаты.xlsx;Памятники, исторические здания;1;53,142185;103,084048;1;Point;
Иркутская область, г. Черемхово;Культурно-познавательный туризм;Культурно-познавательный;938;Аллея воинской Славы;не обнаружено;0;1;Памятники Здания_координаты.xlsx;Памятники, исторические здания;1;46,417627;47,977968;1;Point;
Иркутская область, г. Черемхово;Культурно-познавательный туризм;Культурно-познавательный;939;Памятник морякам-подводникам лодки К-129;Черемховский;0;1;Памятники Здания_координаты.xlsx;Памятники, исторические здания;1;53,114976;103,15643;1;Point;
Иркутская область, г. Черемхово;Культурно-познавательный туризм;Культурно-познавательный;940;Памятник «Драматургам земли черемховской»;Черемховский;2;0;Памятники Здания_координаты.xlsx;Памятники, исторические здания;0;53,137327;103,089377;1;Point;931
Иркутская область, г. Черемхово;Культурно-познавательный туризм;Культурно-познавательный;941;Памятник святым Петру и Февроньи;Иркутск;2;0;Памятники Здания_координаты.xlsx;Памятники, исторические здания;0;52,285486;104,270468;1;Point;907
Иркутская область, г. Саянск;Культурно-познавательный туризм;Культурно-познавательный;942;Памятник сотрудникам Госавтоинспекции Сергею Гришкевичу и Ивану Рагозину;Саянск;0;1;Памятники Здания_координаты.xlsx;Памятники, исторические здания;1;54,082211;102,127615;1;Point;
Иркутская область, г. Саянск;Культурно-познавательный туризм;Культурно-познавательный;943;Бюст Герою Советского Союза Перову Дмитрию Михайловичу;Иркутский;0;1;Памятники Здания_координаты.xlsx;Памятники, исторические здания;1;52,466351;104,40275;1;Point;
Иркутская область, г. Саянск;Культурно-познавательный туризм;Культурно-познавательный;944;Благовещенский храм;Саянск;0;1;Памятники Здания_координаты.xlsx;Памятники, исторические здания, святыни и храмы;1;54,106035;102,18139;1;Point;
Иркутская область, Жигаловский район, п. Жигалово ;Культурно-познавательный туризм;Культурно-познавательный;945;Храм «Воскресение Христово»;Иркутский;0;1;Памятники Здания_координаты.xlsx;Памятники, исторические здания, святыни и храмы;1;52,215609;104,203206;1;Point;
Иркутская область, Жигаловский район, д. Константиновка;Культурно-познавательный туризм;Культурно-познавательный;946;Церковь Пресвятой Троицы;Иркутский;0;1;Памятники Здания_координаты.xlsx;Памятники, исторические здания, святыни и храмы;1;52,443534;104,399535;1;Point;
Иркутская область, Жигаловский район, д. Тыпта;Культурно-познавательный туризм;Культурно-познавательный;947;Церковь Казанской иконы Божией Матери;Иркутский;0;1;Памятники Здания_координаты.xlsx;Памятники, исторические здания, святыни и храмы;1;52,256042;104,122334;1;Point;
Иркутская область, Жигаловский район, с. Сурово ;Культурно-познавательный туризм;Культурно-познавательный;948;Церковь Михаила Архангела;Иркутск;0;1;Памятники Здания_координаты.xlsx;Памятники, исторические здания, святыни и храмы;1;52,33207;104,216848;1;Point;
Иркутская область, Жигаловский район, с. Тимошино;Культурно-познавательный туризм;Культурно-познавательный;949;Церковь Введения Во Храм Пресвятой Богородицы;Жигаловский;0;1;Памятники Здания_координаты.xlsx;Памятники, исторические здания, святыни и храмы;1;54,392811;104,725039;1;Point;
Иркутская область, Жигаловский район, с. Усть-Илга;Культурно-познавательный туризм;Культурно-познавательный;950;Церковь Одигитриевской Божией Матери;не обнаружено;0;1;Памятники Здания_координаты.xlsx;Памятники, исторические здания, святыни и храмы;1;51,822375;107,58483;1;Point;
Иркутская область, Жигаловский район, с. Тутура ;Культурно-познавательный туризм;Культурно-познавательный;951;Двухэтажное здание купца Мишарина;Иркутск;0;1;Памятники Здания_координаты.xlsx;Памятники, исторические здания;1;52,283647;104,276364;1;Point;
Иркутская область, г. Свирск;Культурно-познавательный туризм;Культурно-познавательный;952;Свирская Ривьера;Черемховский;0;1;Памятники Здания_координаты.xlsx;;1;53,074;103,347446;1;Point;
Иркутская область, г. Свирск;Культурно-познавательный туризм;Культурно-познавательный;955;"Сквер ""Творимир""";Черемховский;0;1;Памятники Здания_координаты.xlsx;;1;53,072904;103,347737;1;Point;
Иркутская область, г. Свирск;Культурно-познавательный туризм;Культурно-познавательный;956;Парк культуры и отдыха;Черемховский;1;1;Памятники Здания_координаты.xlsx;;1;53,072904;103,347737;1;Point;
Иркутская область, г. Свирск,  ул. Дзержинского, Школа № 1;Культурно-познавательный туризм;Культурно-познавательный;957;Памятник истории и культуры «Эвакогоспиталь № 1946»;Черемховский;1;1;Памятники Здания_координаты.xlsx;Памятники, исторические здания;1;53,085029;103,353881;1;Point;
Иркутская область, г. Свирск, ул. Щорса,7;Культурно-познавательный туризм;Культурно-познавательный;958;Скульптура Футболисты;Черемховский;0;1;Памятники Здания_координаты.xlsx;Памятники, исторические здания;1;53,053427;103,334911;1;Point;
Иркутская область, г. Свирск, ;Культурно-познавательный туризм;Культурно-познавательный;959;Скульптурная композиция для уличной игры в шахматы «Бородинское сражение»;Черемховский;0;1;Памятники Здания_координаты.xlsx;Памятники, исторические здания;1;53,066572;103,342253;1;Point;
Иркутская область, г. Свирск, Пересечение ул. Дзержинского и ул. Комсомольская;Культурно-познавательный туризм;Культурно-познавательный;960;Объект малой архитектурной формы «Городские часы»;Черемховский;0;1;Памятники Здания_координаты.xlsx;Памятники, исторические здания;1;53,076154;103,341499;1;Point;
Иркутская область, г. Свирск, Пересечение ул. Лермонтова и ул. Ленина;Культурно-познавательный туризм;Культурно-познавательный;961;Скульптура «шахтер»;Черемховский;0;1;Памятники Здания_координаты.xlsx;Памятники, исторические здания;1;53,070631;103,346108;1;Point;
Иркутская область, г. Свирск;Культурно-познавательный туризм;Культурно-познавательный;962;Памятный знак о военнопленных японцах;Черемховский;0;1;Памятники Здания_координаты.xlsx;Памятники, исторические здания;1;53,077571;103,345035;1;Point;
Иркутская область, г. Свирск, ул. Хасановских боев, д. 1;Культурно-познавательный туризм;Культурно-познавательный;963;Памятник В. И. Ленину;Черемховский;2;0;Памятники Здания_координаты.xlsx;Памятники, исторические здания;0;53,085029;103,353881;1;Point;957
Иркутская область, г. Свирск, ул. Ангарская;Культурно-познавательный туризм;Культурно-познавательный;964;Скульптурная композиция «Серп и молот»;Черемховский;0;1;Памятники Здания_координаты.xlsx;Памятники, исторические здания;1;53,041204;103,19226;1;Point;
Иркутская область, г. Свирск;Культурно-познавательный туризм;Культурно-познавательный;965;Стела «Свирск»;Черемховский;0;1;Памятники Здания_координаты.xlsx;Памятники, исторические здания;1;53,066572;103,342253;1;Point;
Иркутская область, г. Свирск;Культурно-познавательный туризм;Культурно-познавательный;966;Стела в честь первого собрания комсомольской ячейки завода «Востсибэлемент»;Черемховский;1;1;Памятники Здания_координаты.xlsx;Памятники, исторические здания;1;53,092945;103,351008;1;Point;
Иркутская область, г. Свирск;Культурно-познавательный туризм;Культурно-познавательный;967;Стела в честь первостроителей завода «Востсибэлемент»;Черемховский;2;0;Памятники Здания_координаты.xlsx;Памятники, исторические здания;0;53,092945;103,351008;1;Point;966
Иркутская область, г. Свирск, ул, Киевская;Культурно-познавательный туризм;Культурно-познавательный;968;Стела «Крейсер Аврора»;не обнаружено;0;1;Памятники Здания_координаты.xlsx;Памятники, исторические здания;1;30,337842;59,95549;1;Point;
Иркутская область, г. Свирск;Культурно-познавательный туризм;Культурно-познавательный;969;Стела «АкТех»;Черемховский;0;1;Памятники Здания_координаты.xlsx;Памятники, исторические здания;1;53,091252;103,350904;1;Point;
Иркутская область, г. Свирск;Культурно-познавательный туризм;Культурно-познавательный;970;Стела «ООО Рудоремонтный завод»;Черемховский;0;1;Памятники Здания_координаты.xlsx;Памятники, исторические здания;1;53,12531;103,117133;1;Point;
Иркутская область, г. Свирск;Культурно-познавательный туризм;Культурно-познавательный;971;Бюст В.З. Полетанского;Черемховский;0;1;Памятники Здания_координаты.xlsx;Памятники, исторические здания;1;53,077596;103,340119;1;Point;
Иркутская область, г. Свирск;Культурно-познавательный туризм;Культурно-познавательный;972;Скульптура «Водопроводчик»;Черемховский;1;1;Памятники Здания_координаты.xlsx;Памятники, исторические здания;1;53,076319;103,346051;1;Point;
Иркутская область, г. Свирск;Культурно-познавательный туризм;Культурно-познавательный;973;Скульптура «Сантехник»;Черемховский;2;0;Памятники Здания_координаты.xlsx;Памятники, исторические здания;0;53,076319;103,346051;1;Point;972
Иркутская область, г. Свирск;Культурно-познавательный туризм;Культурно-познавательный;974;Объект малой архитектурной формы «Аккумулятор»;Черемховский;0;1;Памятники Здания_координаты.xlsx;Памятники, исторические здания;1;53,091252;103,350904;1;Point;
Иркутская область, г. Братск,  ул. Обручева, д. 13 ;Культурно-познавательный туризм;Культурно-познавательный;975;Мемориальная доска на доме, где жил военнослужащий Юрий Михайлович Касаченко, погибший 23 января 1981 года в Афганистане ;Братск;0;1;Памятники Здания_координаты.xlsx;Памятники, исторические здания;1;56,160356;101,625034;1;Point;
Иркутская область, г. Братск,  проспект Ленина, 37;Культурно-познавательный туризм;Культурно-познавательный;976;Памятник Владимиру Ильичу Ленину;Иркутск;0;1;Памятники Здания_координаты.xlsx;Памятники, исторические здания;1;52,28583;104,28903;1;Point;
Иркутская область, г. Братск,  ул. Парковая, д. 3 ;Культурно-познавательный туризм;Культурно-познавательный;977;Дом;Братск;0;1;Памятники Здания_координаты.xlsx;Памятники, исторические здания;1;56,150345;101,649319;1;Point;
Иркутская область, г. Братск,  ул. Рябикова, д. 8;Культурно-познавательный туризм;Культурно-познавательный;978;Мемориальная доска революционеру Валентину Владимировичу Рябикову;Братск;1;1;Памятники Здания_координаты.xlsx;Памятники, исторические здания;1;56,163023;101,614985;1;Point;
Иркутская область, г. Братск,  ул. Подбельского, д. 32;Культурно-познавательный туризм;Культурно-познавательный;979;Здание театра кукол;Братск;0;1;Памятники Здания_координаты.xlsx;Памятники, исторические здания;1;56,156676;101,62308;1;Point;
Иркутская область, г. Братск, Старое кладбище;Культурно-познавательный туризм;Культурно-познавательный;980;Мемориальная плита на могиле борцов за власть Советов;не обнаружено;0;1;Памятники Здания_координаты.xlsx;Памятники, исторические здания;1;51,952604;85,962134;1;Point;
Иркутская область, г. Братск, Старое кладбище;Культурно-познавательный туризм;Культурно-познавательный;981;Обелиск на могиле партизана Федора Ивановича Штрубе;Иркутск;1;1;Памятники Здания_координаты.xlsx;Памятники, исторические здания;1;52,286118;104,255547;1;Point;
Иркутская область, г. Братск, Старое кладбище;Культурно-познавательный туризм;Культурно-познавательный;982;Обелиск на могиле партизана Петра Ивановича Зеленина;Иркутск;2;0;Памятники Здания_координаты.xlsx;Памятники, исторические здания;0;52,286118;104,255547;1;Point;981
Иркутская область, г. Братск, Гора Пихтовая;Культурно-познавательный туризм;Культурно-познавательный;983;Памятник связистам;Братск;0;1;Памятники Здания_координаты.xlsx;Памятники, исторические здания;1;56,151786;101,633187;1;Point;
Иркутская область, г. Братск, ул. Малышева, д. 8 ;Культурно-познавательный туризм;Культурно-познавательный;984;Мемориальная доска Вадиму Михайловичу Малышеву;Братск;2;0;Памятники Здания_координаты.xlsx;Памятники, исторические здания;0;56,163023;101,614985;1;Point;978
Иркутская область, г. Братск, ул. Кирова, д. 11 ;Культурно-познавательный туризм;Культурно-познавательный;985;Мемориальная доска Сергею Мироновичу Кирову;Братск;1;1;Памятники Здания_координаты.xlsx;Памятники, исторические здания;1;56,283556;101,887046;1;Point;
Иркутская область, г. Братск, ул. Янгеля, здание типографии ;Культурно-познавательный туризм;Культурно-познавательный;986;Мемориальная доска Михаилу Кузьмичу Янгелю;Братск;1;1;Памятники Здания_координаты.xlsx;Памятники, исторические здания;1;56,155417;101,587984;1;Point;
Иркутская область, г. Братск, ул. Обручева, д. 37 ;Культурно-познавательный туризм;Культурно-познавательный;987;Мемориальная доска  Владимиру Афанасьевичу Обручеву;Братск;1;1;Памятники Здания_координаты.xlsx;Памятники, исторические здания;1;56,163023;101,614985;1;Point;
Иркутская область, г. Братск, административное здание «Братском- плексхолдинг» ;Культурно-познавательный туризм;Культурно-познавательный;988;Мемориальная доска Михаилу Ивановичу Олонцеву;Братск;2;0;Памятники Здания_координаты.xlsx;Памятники, исторические здания;0;56,155417;101,587984;1;Point;986
Иркутская область, г. Братск, ул. Кирова, дом 39 ;Культурно-познавательный туризм;Культурно-познавательный;989;Мемориальная доска-барельеф  Василию̆ Михайловичу Рудых;Братск;0;1;Памятники Здания_координаты.xlsx;Памятники, исторические здания;1;56,150211;101,645062;1;Point;
Иркутская область, г. Братск, ул. Подбельского, д. 9, школа №1;Культурно-познавательный туризм;Культурно-познавательный;990;Мемориальная доска первым учителям Братска Михаилу Ефимовичу Карпову, Иннокентию Иннокентьевичу Воротникову, Феоктисте Сергеевне Федоровой ;не обнаружено;0;1;Памятники Здания_координаты.xlsx;Памятники, исторические здания;1;;;1;;
Иркутская область, г. Братск, ул.  Мира, д. 14 ;Культурно-познавательный туризм;Культурно-познавательный;991;Мемориальная доска на первом кирпичном доме города Братска;Братск;1;1;Памятники Здания_координаты.xlsx;Памятники, исторические здания;1;56,148996;101,644231;1;Point;
Иркутская область, г. Братск, ул. Муханова, д. 18 ;Культурно-познавательный туризм;Культурно-познавательный;992;Мемориальная доска декабристу Петру Александровичу Муханову;не обнаружено;1;1;Памятники Здания_координаты.xlsx;Памятники, исторические здания;1;52,743736;103,668024;1;Point;
Иркутская область, г. Братск, ул. Обручева, д. 11 ;Культурно-познавательный туризм;Культурно-познавательный;993;Мемориальная доска  Алексею̆ Александровичу Иноземцеву;не обнаружено;2;0;Памятники Здания_координаты.xlsx;Памятники, исторические здания;0;52,743736;103,668024;1;Point;992
Иркутская область, г. Братск, Старое кладбище;Культурно-познавательный туризм;Культурно-познавательный;994;Обелиск на могиле Ирины Федоровны Сгибневой;Иркутск;0;1;Памятники Здания_координаты.xlsx;Памятники, исторические здания;1;52,292641;104,281658;1;Point;
Иркутская область, г. Братск, Старое кладбище;Культурно-познавательный туризм;Культурно-познавательный;995;Обелиск на могиле Василия Ильича Сазонова;Иркутск;1;1;Памятники Здания_координаты.xlsx;Памятники, исторические здания;1;52,286118;104,255547;1;Point;
Иркутская область, г. Братск, БЛПК, ЦЗ-1;Культурно-познавательный туризм;Культурно-познавательный;996;Мемориальная доска на здании Целлюлозного завода (ЦЗ-1);Братск;2;0;Памятники Здания_координаты.xlsx;Памятники, исторические здания;0;56,148996;101,644231;1;Point;991
Иркутская область, г. Братск, БЛПК, ЦЗ-1;Культурно-познавательный туризм;Культурно-познавательный;997;Мемориальная доска на здании картонного цеха Целлюлозного завода -1;Братск;0;1;Памятники Здания_координаты.xlsx;Памятники, исторические здания;1;56,127537;101,600878;1;Point;
Иркутская область, г. Братск, ул. Комсомольская, д. 37;Культурно-познавательный туризм;Культурно-познавательный;998;Мемориальная доска комсомольцам - строителям Братской ГЭС и города Братска;Братск;0;1;Памятники Здания_координаты.xlsx;Памятники, исторические здания;1;56,294328;101,727075;1;Point;
Иркутская область, г. Братск, ул. Южная, д. 101 ;Культурно-познавательный туризм;Культурно-познавательный;999;Мемориальная доска на здании библиотеки No 2 МУК «Централизованная библиотечная система»;Братск;0;1;Памятники Здания_координаты.xlsx;Памятники, исторические здания;1;56,169956;101,6094;1;Point;
Россия, Иркутская область, Ангарск, улица Коминтерна;Культурно-познавательный туризм;Культурно-познавательный;1324;Выставочный зал;Ангарский;0;1;coords_total_museums_1.csv;Не определен;1;52,517892;103,873328;0;Point;
Россия, Иркутская область, Братск, жилой район Падун, улица Гидростроителей;Культурно-познавательный туризм;Культурно-познавательный;1319;Музей истории политической ссылки;Братск;0;1;coords_total_museums_1.csv;Не определен;1;56,291296;101,726238;0;Point;
Россия, Иркутск, проспект Маршала Жукова;Культурно-познавательный туризм;Культурно-познавательный;1349;Музей оптических иллюзий «Фантаст»;Иркутск;0;1;coords_total_museums_1.csv;Не определен;1;52,250077;104,343825;0;Point;
Россия, Иркутская область, Саянск, микрорайон Юбилейный;Культурно-познавательный туризм;Культурно-познавательный;1312;Музейно-выставочный комплекс г. Саянска;Саянск;0;1;coords_total_museums_1.csv;Не определен;1;54,102018;102,155745;0;Point;
Россия, Иркутская область, Слюдянка, Слюдяная улица;Культурно-познавательный туризм;Культурно-познавательный;1314;Музей политической ссылки;Слюдянский;0;1;coords_total_museums_1.csv;Не определен;1;51,638257;103,698108;0;Point;
Россия, Иркутская область, Свирск, улица Хасановских Боёв;Культурно-познавательный туризм;Культурно-познавательный;1316;Музей истории г. Свирска;Черемховский;0;1;coords_total_museums_1.csv;Не определен;1;53,075992;103,338605;0;Point;
Италия, Пьемонт, провинция Турин, Ноне;Культурно-познавательный туризм;Культурно-познавательный;1331;Музей истории города Иркутска им. А.М.Сибирякова» – Филиал «Дом ремёсел и фольклора»;не обнаружено;0;1;coords_total_museums_1.csv;Не определен;1;;;0;;
Италия, Пьемонт, провинция Турин, Ноне;Культурно-познавательный туризм;Культурно-познавательный;1326;Музей трудовой славы АО «Ангарская нефтехимическая компания»;не обнаружено;0;1;coords_total_museums_1.csv;Не определен;1;;;0;;
Россия, Иркутск, предместье Глазково;Культурно-познавательный туризм;Культурно-познавательный;1353;Глазковский некрополь;Иркутск;0;1;Археология OpenTripMap.xlsx;historic,archaeology,interesting_places,other_archaeological_sites;1;52,288055;104,251663;0;Point;
Россия, Иркутская область, Качугское муниципальное образование;Культурно-познавательный туризм;Культурно-познавательный;1359;Шишкинские писаницы;Качугский;0;1;Археология OpenTripMap.xlsx;historic,archaeology,interesting_places,other_archaeological_sites;1;54,005936;105,711456;0;Point;
Россия, Иркутская область, Качугское муниципальное образование;Культурно-познавательный туризм;Культурно-познавательный;1354;Шишкинские писаницы;Качугский;0;1;Археология OpenTripMap.xlsx;historic,cave_paintings,archaeology,interesting_places;1;54,007027;105,700287;0;Point;
Россия, Иркутская область, село Аларь, Советская улица;Культурно-познавательный туризм;Культурно-познавательный;1667;Музей;Аларский;0;1;Культура OpenTripMap.xlsx;cultural,museums,interesting_places,other_museums;1;53,069653;102,545578;0;Point;
Россия, Иркутская область, село Аларь;Культурно-познавательный туризм;Культурно-познавательный;1507;Стадион;Аларский;0;1;Культура OpenTripMap.xlsx;sport,stadiums;1;53,06768;102,544632;0;Point;
Россия, Иркутская область, Ангарск;Культурно-познавательный туризм;Культурно-познавательный;1675;кинотеатр Родина;Ангарский;0;1;Культура OpenTripMap.xlsx;cinemas,cultural,theatres_and_entertainments,interesting_places;1;52,511639;103,86264;0;Point;
Россия, Иркутская область, Ангарск;Культурно-познавательный туризм;Культурно-познавательный;1599;Мирамакс;Ангарский;0;1;Культура OpenTripMap.xlsx;cultural,cinemas,theatres_and_entertainments,interesting_places;1;52,53606;103,893333;0;Point;
Россия, Иркутская область, Ангарск;Культурно-познавательный туризм;Культурно-познавательный;1474;Музей минералов;Ангарский;0;1;Культура OpenTripMap.xlsx;cultural,museums,interesting_places,other_museums;1;52,542236;103,884735;0;Point;
Россия, Иркутская область, Ангарск;Культурно-познавательный туризм;Культурно-познавательный;1514;Зоопарк при Дворце Творчества;Ангарский;0;1;Культура OpenTripMap.xlsx;cultural,museums,interesting_places,zoos;1;52,542297;103,88076;0;Point;
Россия, Иркутская область, Ангарск, Ангарский проспект;Культурно-познавательный туризм;Культурно-познавательный;1510;"Цветочная клумба ""Кувшин""";Ангарский;0;1;Культура OpenTripMap.xlsx;cultural,urban_environment,interesting_places,installation;1;52,511436;103,879601;0;Point;
Россия, Иркутская область, Ангарск, Московская улица;Культурно-познавательный туризм;Культурно-познавательный;1646;Волк;Ангарский;0;1;Культура OpenTripMap.xlsx;cultural,urban_environment,interesting_places,installation;1;52,539135;103,884361;0;Point;
Россия, Иркутская область, Ангарский городской округ, село Савватеевка, Клубная улица;Культурно-познавательный туризм;Культурно-познавательный;1644;деревянные скульптуры;Ангарский;0;1;Культура OpenTripMap.xlsx;cultural,urban_environment,interesting_places,installation;1;52,328709;103,633072;0;Point;
Россия, Иркутская область, Ангарск, Южный массив;Культурно-познавательный туризм;Культурно-познавательный;1651;Ленин;Ангарский;0;1;Культура OpenTripMap.xlsx;cultural,urban_environment,interesting_places,sculptures;1;52,471767;103,888504;0;Point;
Россия, Иркутская область, Ангарск, улица Глинки;Культурно-познавательный туризм;Культурно-познавательный;1423;Ангарский городской выставочный зал;Ангарский;0;1;Культура OpenTripMap.xlsx;museums,cultural,interesting_places,local_museums,art_galleries;1;52,542259;103,885139;0;Point;
Россия, Иркутская область, Ангарск;Культурно-познавательный туризм;Культурно-познавательный;1512;Ангара;Ангарский;0;1;Культура OpenTripMap.xlsx;sport,stadiums;1;52,540211;103,874947;0;Point;
Россия, Иркутская область, Ангарск;Культурно-познавательный туризм;Культурно-познавательный;1379;Ермак, стадион;Ангарский;0;1;Культура OpenTripMap.xlsx;sport,stadiums;1;52,50518;103,841324;0;Point;
Россия, Иркутская область, Ангарский городской округ, посёлок Мегет;Культурно-познавательный туризм;Культурно-познавательный;1515;25/1;Ангарский;0;1;Культура OpenTripMap.xlsx;sport,stadiums;1;52,423344;104,043106;0;Point;
Россия, Иркутская область, посёлок Балаганск;Культурно-познавательный туризм;Культурно-познавательный;1399;Балаганский историко-этнографический музей им. А.С. Башинова;Балаганский;0;1;Культура OpenTripMap.xlsx;museums,cultural,interesting_places,history_museums,local_museums;1;54,00856;103,050095;0;Point;
Россия, Иркутская область, село Баяндай, Советская улица;Культурно-познавательный туризм;Культурно-познавательный;1401;Баяндаевский этнографический музей;Баяндаевский;0;1;Культура OpenTripMap.xlsx;museums,cultural,interesting_places,local_museums;1;53,056767;105,504349;0;Point;
Россия, Иркутская область, Бодайбо, улица Розы Люксембург;Культурно-познавательный туризм;Культурно-познавательный;1577;Фонтан города бодайбо;Бодайбинский;0;1;Культура OpenTripMap.xlsx;fountains,cultural,urban_environment,interesting_places;1;57,849873;114,204185;0;Point;
Россия, Иркутская область, Бодайбо;Культурно-познавательный туризм;Культурно-познавательный;1576;Труд;Бодайбинский;0;1;Культура OpenTripMap.xlsx;sport,stadiums;1;57,84544;114,19664;0;Point;
Россия, Иркутская область, Боханский район, муниципальное образование Александровское, село Александровское, улица Дзержинского;Культурно-познавательный туризм;Культурно-познавательный;1393;Александровский централ;Боханский;0;1;Культура OpenTripMap.xlsx;museums,cultural,interesting_places,other_museums;1;52,798908;103,833221;0;Point;
Россия, Иркутская область, Братск, жилой район Гидростроитель, улица Горького;Культурно-познавательный туризм;Культурно-познавательный;1600;кинотеатр Современник;Братск;0;1;Культура OpenTripMap.xlsx;cultural,cinemas,theatres_and_entertainments,interesting_places;1;56,286373;101,860184;0;Point;
Россия, Иркутская область, Братск, жилой район Энергетик, Солнечная улица;Культурно-познавательный туризм;Культурно-познавательный;1639;Голливуд;Братск;0;1;Культура OpenTripMap.xlsx;cultural,cinemas,theatres_and_entertainments,interesting_places;1;56,304352;101,759666;0;Point;
Россия, Иркутская область, Братск, улица Крупской;Культурно-познавательный туризм;Культурно-познавательный;1638;"Кинотеатр ""Чарли""";Братск;0;1;Культура OpenTripMap.xlsx;cultural,cinemas,theatres_and_entertainments,interesting_places;1;56,174751;101,60804;0;Point;
Россия, Иркутская область, Братск, территория Ангарская деревня;Культурно-познавательный туризм;Культурно-познавательный;1668;Ангарская деревня;Братск;0;1;Культура OpenTripMap.xlsx;cultural,museums,interesting_places,other_museums;1;56,221691;101,679443;0;Point;
Россия, Иркутская область, Братск, жилой район Осиновка;Культурно-познавательный туризм;Культурно-познавательный;1595;ДК Транспортный строитель;Братск;0;1;Культура OpenTripMap.xlsx;cultural,theatres_and_entertainments,interesting_places,other_theatres;1;56,277283;101,893639;0;Point;
Россия, Иркутская область, Братск, жилой район Сухой, Еловая улица;Культурно-познавательный туризм;Культурно-познавательный;1569;Дом культуры;Братск;0;1;Культура OpenTripMap.xlsx;cultural,urban_environment,interesting_places,installation;1;56,260708;101,961143;0;Point;
Россия, Иркутская область, Братск, жилой район Энергетик, Приморская улица;Культурно-познавательный туризм;Культурно-познавательный;1602;Сквер замков;Братск;0;1;Культура OpenTripMap.xlsx;cultural,urban_environment,interesting_places,sculptures;1;56,296246;101,764465;0;Point;
Россия, Иркутская область, муниципальное образование Братск, Правобережный район;Культурно-познавательный туризм;Культурно-познавательный;1567;Братская ГЭС;Братск;0;1;Культура OpenTripMap.xlsx;cultural,urban_environment,interesting_places,sculptures;1;56,283783;101,794487;0;Point;
Россия, Иркутская область, Братск, жилой район Энергетик;Культурно-познавательный туризм;Культурно-познавательный;1566;Шар;Братск;0;1;Культура OpenTripMap.xlsx;fountains,cultural,urban_environment,interesting_places;1;56,312309;101,749939;0;Point;
Россия, Иркутская область, Братск, проспект Ленина;Культурно-познавательный туризм;Культурно-познавательный;1473;Братский театр кукол «Тирлямы»;Братск;0;1;Культура OpenTripMap.xlsx;puppetries,cultural,theatres_and_entertainments,interesting_places;1;56,148434;101,632675;0;Point;
Россия, Иркутская область, Братск, жилой район Гидростроитель;Культурно-познавательный туризм;Культурно-познавательный;1564;Городской стадион;Братск;0;1;Культура OpenTripMap.xlsx;sport,stadiums;1;56,281063;101,866608;0;Point;
Россия, Иркутская область, Братск, жилой район Осиновка;Культурно-познавательный туризм;Культурно-познавательный;1568;стадион Локомотив;Братск;0;1;Культура OpenTripMap.xlsx;sport,stadiums;1;56,279701;101,900269;0;Point;
Россия, Иркутская область, Братск, жилой район Падун;Культурно-познавательный туризм;Культурно-познавательный;1565;Труд;Братск;0;1;Культура OpenTripMap.xlsx;sport,stadiums;1;56,285648;101,722801;0;Point;
Россия, Иркутская область, Братск, улица Подбельского;Культурно-познавательный туризм;Культурно-познавательный;1674;театр кукол в Братске;Братск;0;1;Культура OpenTripMap.xlsx;theatres_and_entertainments,cultural,interesting_places,other_theatres;1;56,150242;101,621857;0;Point;
Россия, Иркутская область, Братск, жилой район Энергетик, Юбилейная улица;Культурно-познавательный туризм;Культурно-познавательный;1491;"Лыжная база ""Снежинка""";Братск;0;1;Культура OpenTripMap.xlsx;winter_sports,other_winter_sports,sport;1;56,316231;101,756004;0;Point;
Россия, Иркутская область, Братский район, Илирское муниципальное образование, село Илир, улица Кирова;Культурно-познавательный туризм;Культурно-познавательный;1633;"ДК ""КОЛОС""";Братский;0;1;Культура OpenTripMap.xlsx;cultural,cinemas,theatres_and_entertainments,interesting_places;1;55,228508;100,683662;0;Point;
Россия, Иркутская область, Братский район, Зябинское муниципальное образование;Культурно-познавательный туризм;Культурно-познавательный;1498;Орехов Камень;Братский;0;1;Культура OpenTripMap.xlsx;winter_sports,skiing,sport;1;56,479031;101,968071;0;Point;
Россия, Иркутская область, Братский район, Зябинское муниципальное образование, канатная дорога Орехов Камень;Культурно-познавательный туризм;Культурно-познавательный;1490;Matera;Братский;0;1;Культура OpenTripMap.xlsx;winter_sports,skiing,sport;1;56,474831;101,972359;0;Point;
Россия, Иркутская область, рабочий посёлок Жигалово;Культурно-познавательный туризм;Культурно-познавательный;1561;Стадион;Жигаловский;0;1;Культура OpenTripMap.xlsx;sport,stadiums;1;54,8036;105,152466;0;Point;
Россия, Иркутская область, рабочий посёлок Залари, улица Ленина;Культурно-познавательный туризм;Культурно-познавательный;1429;Заларинский районный краеведческий музей;Заларинский;0;1;Культура OpenTripMap.xlsx;museums,cultural,interesting_places,local_museums;1;53,552094;102,499298;0;Point;
Россия, Иркутская область, рабочий посёлок Залари;Культурно-познавательный туризм;Культурно-познавательный;1558;Стадион Урожай;Заларинский;0;1;Культура OpenTripMap.xlsx;sport,stadiums;1;53,550797;102,496315;0;Point;
Россия, Иркутская область, Зиминский район, село Ухтуй, улица Московский Тракт;Культурно-познавательный туризм;Культурно-познавательный;1559;Зима 1743;Зиминский;0;1;Культура OpenTripMap.xlsx;cultural,urban_environment,interesting_places,sculptures;1;53,961578;102,06839;0;Point;
Россия, Иркутск, Куйбышевский район;Культурно-познавательный туризм;Культурно-познавательный;1389;Интендантский сад;Иркутск;0;1;Культура OpenTripMap.xlsx;architecture,historic_architecture,gardens_and_parks,cultural,urban_environment,interesting_places,destroyed_objects;1;52,291943;104,303886;0;Point;
Россия, Иркутск, переулок Волконского;Культурно-познавательный туризм;Культурно-познавательный;1381;Дом Волконских;Иркутск;0;1;Культура OpenTripMap.xlsx;biographical_museums,cultural,museums,interesting_places;1;52,287647;104,304825;0;Point;
Россия, Иркутск, улица Дзержинского;Культурно-познавательный туризм;Культурно-познавательный;1479;Дом Трубецких;Иркутск;0;1;Культура OpenTripMap.xlsx;biographical_museums,cultural,museums,interesting_places;1;52,288902;104,301979;0;Point;
Россия, Иркутск, переулок Волконского;Культурно-познавательный туризм;Культурно-познавательный;1394;Историко-мемориальный музей декабристов;Иркутск;0;1;Культура OpenTripMap.xlsx;biographical_museums,museums,cultural,interesting_places,history_museums;1;52,287617;104,30481;0;Point;
Россия, Иркутск, улица Богдана Хмельницкого;Культурно-познавательный туризм;Культурно-познавательный;1414;Культурный центр Александра Вампилова;Иркутск;0;1;Культура OpenTripMap.xlsx;biographical_museums,museums,cultural,interesting_places,history_museums,art_galleries;1;52,283192;104,288269;0;Point;
Россия, Иркутск, улица Мухиной;Культурно-познавательный туризм;Культурно-познавательный;1462;Иркутский областной кинофонд;Иркутск;0;1;Культура OpenTripMap.xlsx;cinemas,theatres_and_entertainments,cultural,interesting_places;1;52,230946;104,303238;0;Point;
Россия, Иркутск, Пролетарская улица;Культурно-познавательный туризм;Культурно-познавательный;1371;Иркутский государственный цирк;Иркутск;0;1;Культура OpenTripMap.xlsx;circuses,cultural,theatres_and_entertainments,interesting_places;1;52,287601;104,287224;0;Point;
Россия, Иркутск, Партизанская улица;Культурно-познавательный туризм;Культурно-познавательный;1672;Карамель;Иркутск;0;1;Культура OpenTripMap.xlsx;cultural,cinemas,theatres_and_entertainments,interesting_places;1;52,27903;104,302513;0;Point;
Россия, Иркутск, Севастопольская улица;Культурно-познавательный туризм;Культурно-познавательный;1636;Россия;Иркутск;0;1;Культура OpenTripMap.xlsx;cultural,cinemas,theatres_and_entertainments,interesting_places;1;52,351261;104,161736;0;Point;
Россия, Иркутск, бульвар Рябикова;Культурно-познавательный туризм;Культурно-познавательный;1635;Орион;Иркутск;0;1;Культура OpenTripMap.xlsx;cultural,cinemas,theatres_and_entertainments,interesting_places;1;52,262394;104,211678;0;Point;
Россия, Иркутск, улица Карла Маркса;Культурно-познавательный туризм;Культурно-познавательный;1637;Художественный;Иркутск;0;1;Культура OpenTripMap.xlsx;cultural,cinemas,theatres_and_entertainments,interesting_places;1;52,280792;104,283791;0;Point;
Россия, Иркутск, улица Сергеева;Культурно-познавательный туризм;Культурно-познавательный;1532;Кино Jam;Иркутск;0;1;Культура OpenTripMap.xlsx;cultural,cinemas,theatres_and_entertainments,interesting_places;1;52,265224;104,221436;0;Point;
Россия, Иркутск, Подгорная улица;Культурно-познавательный туризм;Культурно-познавательный;1621;CCCP Museum;Иркутск;0;1;Культура OpenTripMap.xlsx;cultural,museums,interesting_places,other_museums;1;52,278496;104,29879;0;Point;
Россия, Иркутск, улица Безбокова;Культурно-познавательный туризм;Культурно-познавательный;1606;Дом детского творчества №3;Иркутск;0;1;Культура OpenTripMap.xlsx;cultural,museums,interesting_places,other_museums;1;52,231907;104,315918;0;Point;
Россия, Иркутск, улица Декабрьских Событий;Культурно-познавательный туризм;Культурно-познавательный;1614;Иркутский областной художественный музей им. В. П. Сукачёва;Иркутск;0;1;Культура OpenTripMap.xlsx;cultural,museums,interesting_places,other_museums;1;52,279602;104,31649;0;Point;
Россия, Иркутск, улица Карла Маркса;Культурно-познавательный туризм;Культурно-познавательный;1624;Художественный музей;Иркутск;0;1;Культура OpenTripMap.xlsx;cultural,museums,interesting_places,other_museums;1;52,284271;104,287331;0;Point;
Россия, Иркутск, улица Карла Маркса;Культурно-познавательный туризм;Культурно-познавательный;1586;Экспозиция военной техники;Иркутск;0;1;Культура OpenTripMap.xlsx;cultural,museums,interesting_places,other_museums;1;52,289791;104,293831;0;Point;
Россия, Иркутск, улица Лермонтова;Культурно-познавательный туризм;Культурно-познавательный;1619;Экспериментарий;Иркутск;0;1;Культура OpenTripMap.xlsx;cultural,museums,interesting_places,other_museums;1;52,24509;104,271461;0;Point;
Россия, Иркутск, улица Халтурина;Культурно-познавательный туризм;Культурно-познавательный;1622;Городской Выставочный Центр им. В.С.Рогаля;Иркутск;0;1;Культура OpenTripMap.xlsx;cultural,museums,interesting_places,other_museums;1;52,289429;104,287323;0;Point;
Россия, Иркутск, Свердловский округ;Культурно-познавательный туризм;Культурно-познавательный;1627;Хижина Енота;Иркутск;0;1;Культура OpenTripMap.xlsx;cultural,museums,interesting_places,zoos;1;52,249886;104,278679;0;Point;
Россия, Иркутск, предместье Глазково;Культурно-познавательный туризм;Культурно-познавательный;1591;Контактный детский зоопарк;Иркутск;0;1;Культура OpenTripMap.xlsx;cultural,museums,interesting_places,zoos;1;52,26321;104,246277;0;Point;
Россия, Иркутск, предместье Глазково;Культурно-познавательный туризм;Культурно-познавательный;1628;Нерпинарий;Иркутск;0;1;Культура OpenTripMap.xlsx;cultural,museums,interesting_places,zoos;1;52,279594;104,249924;0;Point;
Россия, Иркутск, Российская улица;Культурно-познавательный туризм;Культурно-познавательный;1476;Геологический музей;Иркутск;0;1;Культура OpenTripMap.xlsx;cultural,museums,science_museums,interesting_places;1;52,286156;104,276443;0;Point;
Россия, Иркутск, улица Ленина;Культурно-познавательный туризм;Культурно-познавательный;1367;Иркутский областной театр юного зрителя им. А. Вампилова;Иркутск;0;1;Культура OpenTripMap.xlsx;cultural,theatres_and_entertainments,interesting_places,children_theatres;1;52,277653;104,285492;0;Point;
Россия, Иркутск, переулок Волконского;Культурно-познавательный туризм;Культурно-познавательный;1470;Театр-студия «Театр Пилигримов»;Иркутск;0;1;Культура OpenTripMap.xlsx;cultural,theatres_and_entertainments,interesting_places,music_venues;1;52,287277;104,304413;0;Point;
Россия, Иркутск, улица Дзержинского;Культурно-познавательный туризм;Культурно-познавательный;1466;Иркутская областная филармония;Иркутск;0;1;Культура OpenTripMap.xlsx;cultural,theatres_and_entertainments,interesting_places,music_venues;1;52,278023;104,285233;0;Point;
Россия, Иркутск, улица Карла Маркса;Культурно-познавательный туризм;Культурно-познавательный;1362;Иркутский академический драматический театр им. Н. П. Охлопкова;Иркутск;0;1;Культура OpenTripMap.xlsx;cultural,theatres_and_entertainments,interesting_places,other_theatres;1;52,277691;104,281387;0;Point;
Россия, Иркутск, улица Ленина;Культурно-познавательный туризм;Культурно-познавательный;1594;Театр юного зрителя им. А.Вампилова;Иркутск;0;1;Культура OpenTripMap.xlsx;cultural,theatres_and_entertainments,interesting_places,other_theatres;1;52,280048;104,282944;0;Point;
Россия, Иркутск, Старо-Кузьмихинская улица;Культурно-познавательный туризм;Культурно-познавательный;1536;Колодец;Иркутск;0;1;Культура OpenTripMap.xlsx;cultural,urban_environment,interesting_places,installation;1;52,245773;104,28019;0;Point;
Россия, Иркутск, улица Сурикова;Культурно-познавательный туризм;Культурно-познавательный;1648;Сквер молодёжи;Иркутск;0;1;Культура OpenTripMap.xlsx;cultural,urban_environment,interesting_places,installation;1;52,290211;104,276695;0;Point;
Россия, Иркутск, Кировский район;Культурно-познавательный туризм;Культурно-познавательный;1538;Байкальская нерпа;Иркутск;0;1;Культура OpenTripMap.xlsx;cultural,urban_environment,interesting_places,sculptures;1;52,274147;104,27729;0;Point;
Россия, Иркутск, Кировский район;Культурно-познавательный туризм;Культурно-познавательный;1657;Солнечные часы;Иркутск;0;1;Культура OpenTripMap.xlsx;cultural,urban_environment,interesting_places,sculptures;1;52,27792;104,283958;0;Point;
Россия, Иркутск, улица Горького;Культурно-познавательный туризм;Культурно-познавательный;1540;Иркутская кошка;Иркутск;0;1;Культура OpenTripMap.xlsx;cultural,urban_environment,interesting_places,sculptures;1;52,281918;104,279465;0;Point;
Россия, Иркутск, улица Марата;Культурно-познавательный туризм;Культурно-познавательный;1654;"""Биг Бен""";Иркутск;0;1;Культура OpenTripMap.xlsx;cultural,urban_environment,interesting_places,sculptures;1;52,280052;104,281639;0;Point;
Россия, Иркутск, сквер имени Кирова;Культурно-познавательный туризм;Культурно-познавательный;1541;Главный фонтан города;Иркутск;0;1;Культура OpenTripMap.xlsx;fountains,cultural,urban_environment,interesting_places;1;52,287762;104,280754;0;Point;
Россия, Иркутск, улица Карла Маркса;Культурно-познавательный туризм;Культурно-познавательный;1545;Фонтан у Дома художников;Иркутск;0;1;Культура OpenTripMap.xlsx;fountains,cultural,urban_environment,interesting_places;1;52,290588;104,295677;0;Point;
Россия, Иркутск, сквер имени Сигеки Мори;Культурно-познавательный туризм;Культурно-познавательный;1487;сквер имени Сигеки Мори;Иркутск;0;1;Культура OpenTripMap.xlsx;gardens_and_parks,cultural,urban_environment,interesting_places;1;52,282711;104,283333;0;Point;
Россия, Иркутск, Ботанический сад ИГУ;Культурно-познавательный туризм;Культурно-познавательный;1392;Ботанический сад Иркутского государственного университета;Иркутск;0;1;Культура OpenTripMap.xlsx;gardens_and_parks,cultural,urban_environment,interesting_places,natural,nature_reserves,other_nature_conservation_areas;1;52,261944;104,248337;0;Point;
Россия, Иркутск, улица Седова;Культурно-познавательный туризм;Культурно-познавательный;1454;Арт-галерея «Диас»;Иркутск;0;1;Культура OpenTripMap.xlsx;museums,cultural,interesting_places,art_galleries;1;52,273312;104,292068;0;Point;
Россия, Иркутск, улица Сухэ-Батора;Культурно-познавательный туризм;Культурно-познавательный;1415;Галерея сибирского искусства Музея им. В. П. Сукачёва;Иркутск;0;1;Культура OpenTripMap.xlsx;museums,cultural,interesting_places,art_galleries;1;52,283443;104,286461;0;Point;
Россия, Иркутск, улица Фридриха Энгельса;Культурно-познавательный туризм;Культурно-познавательный;1437;Мастерская-5;Иркутск;0;1;Культура OpenTripMap.xlsx;museums,cultural,interesting_places,art_galleries;1;52,284008;104,302849;0;Point;
Россия, Иркутск, Ленинский округ;Культурно-познавательный туризм;Культурно-познавательный;1395;Иркутское авиационное производственное объединение;Иркутск;0;1;Культура OpenTripMap.xlsx;museums,cultural,interesting_places,history_museums;1;52,352879;104,209473;0;Point;
Россия, Иркутск, улица Александра Невского;Культурно-познавательный туризм;Культурно-познавательный;1447;Музей истории Иркутского педагогического университета;Иркутск;0;1;Культура OpenTripMap.xlsx;museums,cultural,interesting_places,history_museums;1;52,275887;104,309692;0;Point;
Россия, Иркутск, улица Карла Маркса;Культурно-познавательный туризм;Культурно-познавательный;1431;Музей истории ИГУ;Иркутск;0;1;Культура OpenTripMap.xlsx;museums,cultural,interesting_places,history_museums;1;52,276684;104,277771;0;Point;
Россия, Иркутск, улица Ленина;Культурно-познавательный туризм;Культурно-познавательный;1430;Музей истории Иркутского лингвистического университета;Иркутск;0;1;Культура OpenTripMap.xlsx;museums,cultural,interesting_places,history_museums;1;52,288673;104,278236;0;Point;
Россия, Иркутск, улица Рабочего Штаба;Культурно-познавательный туризм;Культурно-познавательный;1449;Музей истории профтехобразования Иркутской области при ГТУ-1;Иркутск;0;1;Культура OpenTripMap.xlsx;museums,cultural,interesting_places,history_museums;1;52,301109;104,299812;0;Point;
Россия, Иркутск, улица Чернышевского;Культурно-познавательный туризм;Культурно-познавательный;1422;Музей истории ИрГУПС;Иркутск;0;1;Культура OpenTripMap.xlsx;museums,cultural,interesting_places,history_museums;1;52,27071;104,261192;0;Point;
Россия, Иркутск, улица Ширямова;Культурно-познавательный туризм;Культурно-познавательный;1441;Иркутск;Иркутск;0;1;Культура OpenTripMap.xlsx;museums,cultural,interesting_places,history_museums;1;52,272743;104,355865;0;Point;
Россия, Иркутск, улица Карла Маркса;Культурно-познавательный туризм;Культурно-познавательный;1412;Отдел истории Иркутского областного краеведческого музея;Иркутск;0;1;Культура OpenTripMap.xlsx;museums,cultural,interesting_places,history_museums,local_museums;1;52,275749;104,27816;0;Point;
Россия, Иркутск, улица Карла Маркса;Культурно-познавательный туризм;Культурно-познавательный;1404;Отдел природы Иркутского областного краеведческого музея;Иркутск;0;1;Культура OpenTripMap.xlsx;museums,cultural,interesting_places,local_museums;1;52,282051;104,283691;0;Point;
Россия, Иркутск, улица Карла Маркса;Культурно-познавательный туризм;Культурно-познавательный;1410;Музейная студия;Иркутск;0;1;Культура OpenTripMap.xlsx;museums,cultural,interesting_places,local_museums,art_galleries;1;52,281788;104,284203;0;Point;
Россия, Иркутск, Советская улица;Культурно-познавательный туризм;Культурно-познавательный;1426;Музей боевой славы ИВАИИ;Иркутск;0;1;Культура OpenTripMap.xlsx;museums,cultural,interesting_places,military_museums;1;52,27766;104,338226;0;Point;
Россия, Иркутск, Красноказачья улица;Культурно-познавательный туризм;Культурно-познавательный;1443;Музей института повышения квалификации им. Антипина;Иркутск;0;1;Культура OpenTripMap.xlsx;museums,cultural,interesting_places,other_museums;1;52,281837;104,315163;0;Point;
Россия, Иркутск, улица Академика Образцова;Культурно-познавательный туризм;Культурно-познавательный;1436;Иркутск-Сортировочный;Иркутск;0;1;Культура OpenTripMap.xlsx;museums,cultural,interesting_places,other_museums;1;52,339672;104,206924;0;Point;
Россия, Иркутск, улица Лермонтова;Культурно-познавательный туризм;Культурно-познавательный;1391;Экспериментарий;Иркутск;0;1;Культура OpenTripMap.xlsx;museums,cultural,interesting_places,other_museums;1;52,248974;104,27211;0;Point;
Россия, Иркутск, улица Тимирязева;Культурно-познавательный туризм;Культурно-познавательный;1442;Иркутский музей пожарно-технического центра;Иркутск;0;1;Культура OpenTripMap.xlsx;museums,cultural,interesting_places,other_museums;1;52,284126;104,297928;0;Point;
Россия, Иркутск, Кайский лес;Культурно-познавательный туризм;Культурно-познавательный;1465;Кайская реликтовая роща;Иркутск;0;1;Культура OpenTripMap.xlsx;natural_monuments,urban_environment,gardens_and_parks,cultural,natural,interesting_places,nature_reserves;1;52,275928;104,236229;0;Point;
Россия, Иркутск, предместье Глазково;Культурно-познавательный туризм;Культурно-познавательный;1360;Иркутск-пассажирский;Иркутск;0;1;Культура OpenTripMap.xlsx;railway_stations,industrial_facilities,museums,cultural,interesting_places,history_museums;1;52,283134;104,259697;0;Point;
Россия, Иркутск, Кооперативный переулок;Культурно-познавательный туризм;Культурно-познавательный;1543;"Дворец спорта ""Юность""";Иркутск;0;1;Культура OpenTripMap.xlsx;sport,pools;1;52,288193;104,284103;0;Point;
Россия, Иркутск, улица Авиастроителей;Культурно-познавательный туризм;Культурно-познавательный;1535;"""Кристалл""";Иркутск;0;1;Культура OpenTripMap.xlsx;sport,pools;1;52,35104;104,226517;0;Point;
Россия, Иркутск, Байкальская улица;Культурно-познавательный туризм;Культурно-познавательный;1607;Байкал-Арена;Иркутск;0;1;Культура OpenTripMap.xlsx;sport,stadiums;1;52,255272;104,36322;0;Point;
Россия, Иркутск, Байкальская улица;Культурно-познавательный туризм;Культурно-познавательный;1552;бассейн Газпром;Иркутск;0;1;Культура OpenTripMap.xlsx;sport,stadiums;1;52,256611;104,350479;0;Point;
Россия, Иркутск, Кировский район;Культурно-познавательный туризм;Культурно-познавательный;1383;"Стадион ""Труд""";Иркутск;0;1;Культура OpenTripMap.xlsx;sport,stadiums;1;52,276318;104,282112;0;Point;
Россия, Иркутск, Кировский район;Культурно-познавательный туризм;Культурно-познавательный;1666;Стадион на Мопра;Иркутск;0;1;Культура OpenTripMap.xlsx;sport,stadiums;1;52,291302;104,293716;0;Point;
Россия, Иркутск, Октябрьский округ;Культурно-познавательный туризм;Культурно-познавательный;1550;Дерт-Парк велосипед;Иркутск;0;1;Культура OpenTripMap.xlsx;sport,stadiums;1;52,24242;104,373993;0;Point;
Россия, Иркутск, Октябрьский округ;Культурно-познавательный туризм;Культурно-познавательный;1529;Кроссовая трасса;Иркутск;0;1;Культура OpenTripMap.xlsx;sport,stadiums;1;52,241714;104,372116;0;Point;
Россия, Иркутск, Октябрьский округ;Культурно-познавательный туризм;Культурно-познавательный;1553;Стадион Авиатор;Иркутск;0;1;Культура OpenTripMap.xlsx;sport,stadiums;1;52,275085;104,352341;0;Point;
Россия, Иркутск, Октябрьский округ;Культурно-познавательный туризм;Культурно-познавательный;1549;Эндуро-Трасса;Иркутск;0;1;Культура OpenTripMap.xlsx;sport,stadiums;1;52,241474;104,36721;0;Point;
Россия, Иркутск, микрорайон Ново-Ленино;Культурно-познавательный туризм;Культурно-познавательный;1533;Локомотив;Иркутск;0;1;Культура OpenTripMap.xlsx;sport,stadiums;1;52,334145;104,210678;0;Point;
Россия, Иркутск, микрорайон Первомайский;Культурно-познавательный туризм;Культурно-познавательный;1528;поле;Иркутск;0;1;Культура OpenTripMap.xlsx;sport,stadiums;1;52,25264;104,238052;0;Point;
Россия, Иркутск, предместье Глазково;Культурно-познавательный туризм;Культурно-познавательный;1489;Байкал;Иркутск;0;1;Культура OpenTripMap.xlsx;sport,stadiums;1;52,288727;104,247879;0;Point;
Россия, Иркутск, предместье Глазково;Культурно-познавательный туризм;Культурно-познавательный;1488;Локомотив;Иркутск;0;1;Культура OpenTripMap.xlsx;sport,stadiums;1;52,289116;104,250702;0;Point;
Россия, Иркутск, предместье Рабочее;Культурно-познавательный туризм;Культурно-познавательный;1547;Стадион ДИНАМО;Иркутск;0;1;Культура OpenTripMap.xlsx;sport,stadiums;1;52,290409;104,31974;0;Point;
Россия, Иркутск, улица Лермонтова;Культурно-познавательный туризм;Культурно-познавательный;1537;Ледовый дворец;Иркутск;0;1;Культура OpenTripMap.xlsx;sport,stadiums;1;52,25251;104,266434;0;Point;
Россия, Иркутск, улица Сухэ-Батора;Культурно-познавательный туризм;Культурно-познавательный;1456;Органный зал Иркутской областной филармонии;Иркутск;0;1;Культура OpenTripMap.xlsx;theatres_and_entertainments,cultural,interesting_places,music_venues;1;52,290409;104,282516;0;Point;
Россия, Иркутск, предместье Глазково;Культурно-познавательный туризм;Культурно-познавательный;1486;парк Парижской Коммуны;Иркутск;0;1;Культура OpenTripMap.xlsx;urban_environment,gardens_and_parks,cultural,interesting_places;1;52,287739;104,250343;0;Point;
Россия, Иркутск, улица Карла Маркса;Культурно-познавательный туризм;Культурно-познавательный;1641;Интернационал;Иркутск;0;1;Культура OpenTripMap.xlsx;wall_painting,cultural,urban_environment,interesting_places;1;52,285854;104,289322;0;Point;
Россия, Иркутский район, Большереченское муниципальное образование, посёлок Тальцы;Культурно-познавательный туризм;Культурно-познавательный;1365;Иркутский архитектурно-этнографический музей «Тальцы»;Иркутский;0;1;Культура OpenTripMap.xlsx;cultural,museums,interesting_places,history_museums,local_museums,art_galleries;1;51,995285;104,666061;0;Point;
Россия, Иркутский район, Большереченское муниципальное образование;Культурно-познавательный туризм;Культурно-познавательный;1578;Лукоморье;Иркутский;0;1;Культура OpenTripMap.xlsx;cultural,museums,interesting_places,other_museums;1;51,984322;104,692757;0;Point;
Россия, Иркутский район, Листвянское муниципальное образование, рабочий посёлок Листвянка, улица Куликова;Культурно-познавательный туризм;Культурно-познавательный;1585;выставка авторетротехники;Иркутский;0;1;Культура OpenTripMap.xlsx;cultural,museums,interesting_places,other_museums;1;51,859577;104,86557;0;Point;
Россия, Иркутский район, Листвянское муниципальное образование, рабочий посёлок Листвянка, улица Чапаева;Культурно-познавательный туризм;Культурно-познавательный;1579;Музей Кумир;Иркутский;0;1;Культура OpenTripMap.xlsx;cultural,museums,interesting_places,other_museums;1;51,85638;104,875191;0;Point;
Россия, Иркутский район, Уриковское муниципальное образование;Культурно-познавательный туризм;Культурно-познавательный;1555;Мусора;Иркутский;0;1;Культура OpenTripMap.xlsx;cultural,museums,interesting_places,other_museums;1;52,382359;104,303001;0;Point;
Россия, Иркутский район, Листвянское муниципальное образование, рабочий посёлок Листвянка, улица Горького;Культурно-познавательный туризм;Культурно-познавательный;1590;Нерпинарий;Иркутский;0;1;Культура OpenTripMap.xlsx;cultural,museums,interesting_places,zoos;1;51,845379;104,875488;0;Point;
Россия, Иркутский район, Листвянское муниципальное образование, рабочий посёлок Листвянка, улица Островского;Культурно-познавательный туризм;Культурно-познавательный;1526;Шансон-приют;Иркутский;0;1;Культура OpenTripMap.xlsx;cultural,theatres_and_entertainments,interesting_places,other_theatres;1;51,863354;104,868904;0;Point;
Россия, Иркутский район, Листвянское муниципальное образование, рабочий посёлок Листвянка, улица Горького;Культурно-познавательный туризм;Культурно-познавательный;1647;Рыбак;Иркутский;0;1;Культура OpenTripMap.xlsx;cultural,urban_environment,interesting_places,installation;1;51,855412;104,860481;0;Point;
Россия, Иркутский район, Листвянское муниципальное образование;Культурно-познавательный туризм;Культурно-познавательный;1388;Musée du Baïkal;Иркутский;0;1;Культура OpenTripMap.xlsx;museums,cultural,interesting_places,other_museums;1;51,910587;104,881607;0;Point;
Россия, Иркутский район, Ушаковское муниципальное образование, село Пивовариха, Степная улица;Культурно-познавательный туризм;Культурно-познавательный;1556;37;Иркутский;0;1;Культура OpenTripMap.xlsx;sport,stadiums;1;52,27121;104,439491;0;Point;
Россия, Иркутский район, Хомутовское муниципальное образование;Культурно-познавательный туризм;Культурно-познавательный;1500;Рекорд (стадион, Иркутск);Иркутский;0;1;Культура OpenTripMap.xlsx;sport,stadiums;1;52,437222;104,334999;0;Point;
Россия, Иркутский район, посёлок Молодёжный;Культурно-познавательный туризм;Культурно-познавательный;1551;4/1;Иркутский;0;1;Культура OpenTripMap.xlsx;sport,stadiums;1;52,248852;104,408234;0;Point;
Россия, Иркутский район, Листвянское муниципальное образование, рабочий посёлок Листвянка, территория Горнолыжный комплекс Истлэнд;Культурно-познавательный туризм;Культурно-познавательный;1494;Nikola;Иркутский;0;1;Культура OpenTripMap.xlsx;winter_sports,skiing,sport;1;51,876354;104,842735;0;Point;
Россия, Иркутская область, Казачинско-Ленский район, Магистральнинское муниципальное образование, рабочий посёлок Магистральный;Культурно-познавательный туризм;Культурно-познавательный;1406;Казачинско-Ленский районный краеведческий музей;Казачинско-Ленский;0;1;Культура OpenTripMap.xlsx;museums,cultural,interesting_places,local_museums;1;56,169781;107,438789;0;Point;
Россия, Иркутская область, Катангский район, село Ербогачён, улица Шишкова;Культурно-познавательный туризм;Культурно-познавательный;1398;Литературно-краеведческий музей;Катангский;0;1;Культура OpenTripMap.xlsx;museums,cultural,interesting_places,local_museums;1;61,275417;108,004387;0;Point;
Россия, Иркутская область, рабочий посёлок Качуг;Культурно-познавательный туризм;Культурно-познавательный;1609;Дом культуры;Качугский;0;1;Культура OpenTripMap.xlsx;cultural,museums,interesting_places,other_museums;1;53,962891;105,880272;0;Point;
Россия, Иркутская область, рабочий посёлок Качуг;Культурно-познавательный туризм;Культурно-познавательный;1669;Орёл;Качугский;0;1;Культура OpenTripMap.xlsx;cultural,urban_environment,interesting_places,sculptures;1;53,980877;105,860924;0;Point;
Россия, Иркутская область, Качугский район, Ангинское муниципальное образование, село Анга, Совхозная улица;Культурно-познавательный туризм;Культурно-познавательный;1408;Культурно-просветительский центр имени святителя Иннокентия;Качугский;0;1;Культура OpenTripMap.xlsx;museums,cultural,interesting_places,local_museums;1;53,983433;106,186104;0;Point;
Россия, Иркутская область, Киренск, Советская улица;Культурно-познавательный туризм;Культурно-познавательный;1403;МКУК «ИКМ»;Киренский;0;1;Культура OpenTripMap.xlsx;children_museums,museums,cultural,interesting_places;1;57,775864;108,115128;0;Point;
Россия, Иркутская область, Киренск, микрорайон Мельничный;Культурно-познавательный туризм;Культурно-познавательный;1575;Стадион;Киренский;0;1;Культура OpenTripMap.xlsx;sport,stadiums;1;57,789635;108,107796;0;Point;
Россия, Иркутская область, Куйтунский район, Ленинское муниципальное образование, посёлок Игнино;Культурно-познавательный туризм;Культурно-познавательный;1421;Игнинский художественный музей;Куйтунский;0;1;Культура OpenTripMap.xlsx;museums,cultural,interesting_places,art_galleries;1;54,088257;101,753937;0;Point;
Россия, Иркутская область, Железногорск-Илимский;Культурно-познавательный туризм;Культурно-познавательный;1611;Дельфин;Нижнеилимский;0;1;Культура OpenTripMap.xlsx;sport,pools;1;56,583584;104,118866;0;Point;
Россия, Иркутская область, Железногорск-Илимский;Культурно-познавательный туризм;Культурно-познавательный;1571;Стадион;Нижнеилимский;0;1;Культура OpenTripMap.xlsx;sport,stadiums;1;56,571735;104,125473;0;Point;
Россия, Иркутская область, Железногорск-Илимский;Культурно-познавательный туризм;Культурно-познавательный;1496;Гора Восточная;Нижнеилимский;0;1;Культура OpenTripMap.xlsx;winter_sports,skiing,sport;1;56,594479;104,128609;0;Point;
Россия, Иркутская область, Нижнеудинский район, Шумское муниципальное образование, рабочий посёлок Шумский, Советская улица;Культурно-познавательный туризм;Культурно-познавательный;1603;Заброшенный Дом культуры;Нижнеудинский;0;1;Культура OpenTripMap.xlsx;cultural,cinemas,theatres_and_entertainments,interesting_places;1;54,834435;99,130486;0;Point;
Россия, Иркутская область, Нижнеудинск, улица Ленина;Культурно-познавательный туризм;Культурно-познавательный;1446;Нижнеудинский краеведческий музей;Нижнеудинский;0;1;Культура OpenTripMap.xlsx;museums,cultural,interesting_places,local_museums;1;54,905411;99,031204;0;Point;
Россия, Иркутская область, Ольхонский район, Шара-Тоготское муниципальное образование, село Сахюрта, Центральная улица;Культурно-познавательный туризм;Культурно-познавательный;1562;Музей рыболовного промысла;Ольхонский;0;1;Культура OpenTripMap.xlsx;cultural,museums,interesting_places,other_museums;1;53,016636;106,885056;0;Point;
Россия, Иркутская область, Ольхонский район, посёлок Хужир, Кирпичная улица;Культурно-познавательный туризм;Культурно-познавательный;1563;"Картинная галлерея в ""Мастерской Ощепковых""";Ольхонский;0;1;Культура OpenTripMap.xlsx;cultural,urban_environment,interesting_places,installation;1;53,198112;107,338417;0;Point;
Россия, Иркутская область, Ольхонский район, Еланцынское муниципальное образование;Культурно-познавательный туризм;Культурно-познавательный;1372;Прибайкальский национальный парк;Ольхонский;0;1;Культура OpenTripMap.xlsx;urban_environment,gardens_and_parks,cultural,natural,interesting_places,nature_reserves,national_parks;1;52,788937;106,473007;0;Point;
Россия, Иркутская область, Саянск, Олимпийский микрорайон;Культурно-познавательный туризм;Культурно-познавательный;1650;Городской фонтан;Саянск;0;1;Культура OpenTripMap.xlsx;fountains,cultural,urban_environment,interesting_places;1;54,112034;102,168861;0;Point;
Россия, Иркутская область, Саянск, микрорайон Строителей;Культурно-познавательный туризм;Культурно-познавательный;1397;Музей истории;Саянск;0;1;Культура OpenTripMap.xlsx;museums,cultural,children_museums,interesting_places,history_museums,local_museums;1;54,114281;102,174217;0;Point;
Россия, Иркутская область, Саянск, микрорайон Юбилейный;Культурно-познавательный туризм;Культурно-познавательный;1444;Саянская картинная галерея;Саянск;0;1;Культура OpenTripMap.xlsx;museums,cultural,interesting_places,art_galleries;1;54,102554;102,157089;0;Point;
Россия, Иркутская область, Слюдянский район, Байкальское муниципальное образование, Байкальск, микрорайон Южный;Культурно-познавательный туризм;Культурно-познавательный;1630;Юбилейный;Слюдянский;0;1;Культура OpenTripMap.xlsx;cultural,cinemas,theatres_and_entertainments,interesting_places;1;51,508312;104,141174;0;Point;
Россия, Иркутская область, Слюдянка, Железнодорожная улица;Культурно-познавательный туризм;Культурно-познавательный;1582;Музей истории ВСЖД;Слюдянский;0;1;Культура OpenTripMap.xlsx;cultural,museums,interesting_places,other_museums;1;51,654751;103,726517;0;Point;
Россия, Иркутская область, Слюдянка, улица Бабушкина;Культурно-познавательный туризм;Культурно-познавательный;1581;Музей древностей Байкала;Слюдянский;0;1;Культура OpenTripMap.xlsx;cultural,museums,interesting_places,other_museums;1;51,6534;103,726952;0;Point;
Россия, Иркутская область, Слюдянский район, Портбайкальское муниципальное образование;Культурно-познавательный туризм;Культурно-познавательный;1583;Выставка-экспозиция КБЖД;Слюдянский;0;1;Культура OpenTripMap.xlsx;cultural,museums,interesting_places,other_museums;1;51,870178;104,809067;0;Point;
Россия, Иркутская область, Слюдянка, улица Ленина;Культурно-познавательный туризм;Культурно-познавательный;1593;Дом культуры «Перевал»;Слюдянский;0;1;Культура OpenTripMap.xlsx;cultural,theatres_and_entertainments,interesting_places,other_theatres;1;51,671722;103,685242;0;Point;
Россия, Иркутская область, Слюдянка, улица Парижской Коммуны;Культурно-познавательный туризм;Культурно-познавательный;1592;Дворец культуры железнодорожников;Слюдянский;0;1;Культура OpenTripMap.xlsx;cultural,theatres_and_entertainments,interesting_places,other_theatres;1;51,656429;103,719742;0;Point;
Россия, Иркутская область, Слюдянский район, Култукское муниципальное образование;Культурно-познавательный туризм;Культурно-познавательный;1673;галерея № 14 (Недостроенная);Слюдянский;0;1;Культура OpenTripMap.xlsx;cultural,urban_environment,interesting_places,squares;1;51,729897;103,825569;0;Point;
Россия, Иркутская область, Слюдянка;Культурно-познавательный туризм;Культурно-познавательный;1506;Локомотив;Слюдянский;0;1;Культура OpenTripMap.xlsx;sport,stadiums;1;51,652317;103,719635;0;Point;
Россия, Иркутская область, Слюдянский район, Байкальское муниципальное образование, Байкальск, микрорайон Красный Ключ, Горнолыжный курорт Гора Соболиная;Культурно-познавательный туризм;Культурно-познавательный;1492;Baykal’sk;Слюдянский;0;1;Культура OpenTripMap.xlsx;winter_sports,skiing,sport;1;51,500656;104,117355;0;Point;
Россия, Иркутская область, Тайшетский район, Бирюсинское городское поселение, Бирюсинск, Первомайская улица;Культурно-познавательный туризм;Культурно-познавательный;1631;"ЦКиД ""НАДЕЖДА""";Тайшетский;0;1;Культура OpenTripMap.xlsx;cultural,cinemas,theatres_and_entertainments,interesting_places;1;55,96093;97,824425;0;Point;
Россия, Иркутская область, Тайшет;Культурно-познавательный туризм;Культурно-познавательный;1649;Вокзальный;Тайшетский;0;1;Культура OpenTripMap.xlsx;fountains,cultural,urban_environment,interesting_places;1;55,940182;98,002495;0;Point;
Россия, Иркутская область, Тайшетский район, Бирюсинское городское поселение, Бирюсинск;Культурно-познавательный туризм;Культурно-познавательный;1502;Бассейн;Тайшетский;0;1;Культура OpenTripMap.xlsx;sport,pools;1;55,962639;97,816574;0;Point;
Россия, Иркутская область, Тайшет;Культурно-познавательный туризм;Культурно-познавательный;1503;Стадион Локомотив;Тайшетский;0;1;Культура OpenTripMap.xlsx;sport,stadiums;1;55,928661;98,010719;0;Point;
Россия, Иркутская область, Тулун, микрорайон Угольщиков;Культурно-познавательный туризм;Культурно-познавательный;1632;Фестиваль;Тулун;0;1;Культура OpenTripMap.xlsx;cultural,cinemas,theatres_and_entertainments,interesting_places;1;54,531696;100,607254;0;Point;
Россия, Иркутская область, Тулун;Культурно-познавательный туризм;Культурно-познавательный;1642;Тулун;Тулун;0;1;Культура OpenTripMap.xlsx;cultural,urban_environment,interesting_places,installation;1;54,575459;100,528069;0;Point;
Россия, Иркутская область, Тулун, улица Ленина;Культурно-познавательный туризм;Культурно-познавательный;1457;Виртуальный концертный зал;Тулун;0;1;Культура OpenTripMap.xlsx;theatres_and_entertainments,cultural,interesting_places,music_venues;1;54,557808;100,578766;0;Point;
Россия, Иркутская область, Тулунский район, Писаревское муниципальное образование, посёлок Центральные Мастерские;Культурно-познавательный туризм;Культурно-познавательный;1504;Урожай;Тулунский;0;1;Культура OpenTripMap.xlsx;sport,stadiums;1;54,596912;100,523384;0;Point;
Россия, Иркутская область, Усольский район, Железнодорожное муниципальное образование;Культурно-познавательный туризм;Культурно-познавательный;1652;Усольский район;Усольский;0;1;Культура OpenTripMap.xlsx;cultural,urban_environment,interesting_places,sculptures;1;52,559937;103,854065;0;Point;
Россия, Иркутская область, Усольский район, Белореченское городское муниципальное образование, село Мальта;Культурно-познавательный туризм;Культурно-познавательный;1519;Школьный стадион;Усольский;0;1;Культура OpenTripMap.xlsx;sport,stadiums;1;52,833401;103,51902;0;Point;
Россия, Иркутская область, Усть-Илимск, проспект Мира;Культурно-познавательный туризм;Культурно-познавательный;1640;Супермакс;Усть-Илимский;0;1;Культура OpenTripMap.xlsx;cultural,cinemas,theatres_and_entertainments,interesting_places;1;57,954266;102,739006;0;Point;
Россия, Иркутская область, Усть-Илимск, проспект Мира;Культурно-познавательный туризм;Культурно-познавательный;1469;Усть-Илимский театр драмы и комедии;Усть-Илимский;0;1;Культура OpenTripMap.xlsx;cultural,theatres_and_entertainments,interesting_places,other_theatres;1;57,94669;102,734978;0;Point;
Россия, Иркутская область, Усть-Илимск, улица Ленина;Культурно-познавательный туризм;Культурно-познавательный;1610;Олимпиец;Усть-Илимский;0;1;Культура OpenTripMap.xlsx;sport,pools;1;57,987938;102,673424;0;Point;
Россия, Иркутская область, Усть-Илимск, квартал Старый Город;Культурно-познавательный туризм;Культурно-познавательный;1570;стадион Юбилейный;Усть-Илимский;0;1;Культура OpenTripMap.xlsx;sport,stadiums;1;57,989887;102,669067;0;Point;
Россия, Иркутская область, Усть-Кут, улица Калинина;Культурно-познавательный туризм;Культурно-познавательный;1573;фонтан;Усть-Кутский;0;1;Культура OpenTripMap.xlsx;fountains,cultural,urban_environment,interesting_places;1;56,780018;105,746536;0;Point;
Россия, Иркутская область, Усть-Кут, Школьный переулок;Культурно-познавательный туризм;Культурно-познавательный;1450;Усть-Кутский музей истории школы № 9;Усть-Кутский;0;1;Культура OpenTripMap.xlsx;museums,cultural,interesting_places,history_museums;1;56,781425;105,755508;0;Point;
Россия, Иркутская область, Усть-Кут, улица Речников;Культурно-познавательный туризм;Культурно-познавательный;1572;Нептун;Усть-Кутский;0;1;Культура OpenTripMap.xlsx;sport,pools;1;56,794319;105,776207;0;Point;
Россия, Иркутская область, Усть-Кутский район, Верхнемарковское муниципальное образование, вахтовый посёлок Яракта;Культурно-познавательный туризм;Культурно-познавательный;1574;Спортзал;Усть-Кутский;0;1;Культура OpenTripMap.xlsx;sport,stadiums;1;57,988136;106,791916;0;Point;
Россия, Иркутская область, Черемхово, улица Дударского;Культурно-познавательный туризм;Культурно-познавательный;1629;ДК им Горького;Черемховский;0;1;Культура OpenTripMap.xlsx;cultural,theatres_and_entertainments,interesting_places,other_theatres;1;53,116802;103,153603;0;Point;
Россия, Иркутская область, Черемхово, микрорайон Ленинский;Культурно-познавательный туризм;Культурно-познавательный;1517;Бассейн 70 лет Победы;Черемховский;0;1;Культура OpenTripMap.xlsx;sport,pools;1;53,137493;103,086327;0;Point;
Россия, Иркутская область, Черемхово, микрорайон Новороссийский;Культурно-познавательный туризм;Культурно-познавательный;1516;Шахтер;Черемховский;0;1;Культура OpenTripMap.xlsx;sport,stadiums;1;53,138897;103,07634;0;Point;
Россия, Иркутская область, рабочий посёлок Чунский, улица Комарова;Культурно-познавательный туризм;Культурно-познавательный;1580;Краеведческий музей;Чунский;0;1;Культура OpenTripMap.xlsx;cultural,museums,interesting_places,other_museums;1;56,088928;99,661308;0;Point;
Россия, Иркутская область, рабочий посёлок Чунский, улица Ленина;Культурно-познавательный туризм;Культурно-познавательный;1483;ЛиК;Чунский;0;1;Культура OpenTripMap.xlsx;cultural,theatres_and_entertainments,interesting_places,other_theatres;1;56,0853;99,652718;0;Point;
Россия, Иркутская область, рабочий посёлок Чунский;Культурно-познавательный туризм;Культурно-познавательный;1505;Юность;Чунский;0;1;Культура OpenTripMap.xlsx;sport,stadiums;1;56,087776;99,659866;0;Point;
Россия, Иркутская область, рабочий посёлок Чунский, улица Ленина;Культурно-познавательный туризм;Культурно-познавательный;1459;МБУК «Центр театрального творчества «ЛиК»;Чунский;0;1;Культура OpenTripMap.xlsx;theatres_and_entertainments,cultural,interesting_places,other_theatres;1;56,085209;99,652855;0;Point;
Россия, Иркутская область, Шелехов;Культурно-познавательный туризм;Культурно-познавательный;1396;Выставочный зал;Шелеховский;0;1;Культура OpenTripMap.xlsx;museums,cultural,interesting_places,art_galleries;1;52,20993;104,092148;0;Point;
Россия, Иркутская область, Шелехов, Центральный проспект;Культурно-познавательный туризм;Культурно-познавательный;1605;Лазурный;Шелеховский;0;1;Культура OpenTripMap.xlsx;sport,pools;1;52,209736;104,077438;0;Point;
Россия, Иркутская область, Шелехов;Культурно-познавательный туризм;Культурно-познавательный;1373;"Стадион ""Строитель""";Шелеховский;0;1;Культура OpenTripMap.xlsx;sport,stadiums;1;52,215923;104,093437;0;Point;
Россия, Иркутская область, Шелехов, Городской парк;Культурно-познавательный туризм;Культурно-познавательный;1530;"Стадион ""Металлург""";Шелеховский;0;1;Культура OpenTripMap.xlsx;sport,stadiums;1;52,212177;104,07769;0;Point;
Россия, Иркутская область, Шелеховский район, Олхинское муниципальное образование, деревня Олха, территория Горнолыжный Комплекс Олха;Культурно-познавательный туризм;Культурно-познавательный;1495;Olkha;Шелеховский;0;1;Культура OpenTripMap.xlsx;winter_sports,skiing,sport;1;52,150688;104,095833;0;Point;
Россия, Иркутская область, Шелеховский район, Подкаменское муниципальное образование;Культурно-познавательный туризм;Культурно-познавательный;1493;Rassokha;Шелеховский;0;1;Культура OpenTripMap.xlsx;winter_sports,skiing,sport;1;51,972183;104,123886;0;Point;
Россия, Иркутская область, Эхирит-Булагатский район, посёлок Усть-Ордынский, улица Ленина;Культурно-познавательный туризм;Культурно-познавательный;1402;Национальный Усть-Ордынского Бурятского округа;Эхирит-Булагатский;0;1;Культура OpenTripMap.xlsx;national_museums,museums,cultural,automobile_museums,interesting_places,museums_of_science_and_technology;1;52,803593;104,755951;0;Point;
Россия, Иркутская область, Усолье-Сибирское, проспект Красных Партизан;Культурно-познавательный туризм;Культурно-познавательный;1509;Ровесник;не обнаружено;0;1;Культура OpenTripMap.xlsx;cultural,cinemas,theatres_and_entertainments,interesting_places;1;52,730831;103,656197;0;Point;
Россия, Иркутская область, Усолье-Сибирское, микрорайон Центральный;Культурно-познавательный туризм;Культурно-познавательный;1520;Белореченское;не обнаружено;0;1;Культура OpenTripMap.xlsx;cultural,urban_environment,interesting_places,sculptures;1;52,794464;103,576202;0;Point;
Россия, Иркутская область, Усолье-Сибирское, Комсомольский проспект;Культурно-познавательный туризм;Культурно-познавательный;1604;Нептун;не обнаружено;0;1;Культура OpenTripMap.xlsx;sport,pools;1;52,736656;103,662025;0;Point;
Россия, Иркутская область, Усолье-Сибирское, Фестивальный проезд;Культурно-познавательный туризм;Культурно-познавательный;1524;Чайка;не обнаружено;0;1;Культура OpenTripMap.xlsx;sport,pools;1;52,758335;103,642769;0;Point;
Россия, Иркутская область, Усолье-Сибирское, микрорайон Центральный;Культурно-познавательный туризм;Культурно-познавательный;1521;Машиностроитель;не обнаружено;0;1;Культура OpenTripMap.xlsx;sport,stadiums;1;52,745995;103,659386;0;Point;
Россия, Иркутская область, Усолье-Сибирское, микрорайон Центральный;Культурно-познавательный туризм;Культурно-познавательный;1522;Химик;не обнаружено;0;1;Культура OpenTripMap.xlsx;sport,stadiums;1;52,738071;103,662491;0;Point;
Россия, Иркутская область, Ангарск;Культурно-познавательный туризм;Культурно-познавательный;1715;Воинам-интернационалистам;Ангарский;0;1;Монументы OpenTripMap.xlsx;historic,monuments_and_memorials,interesting_places,monuments;1;52,537361;103,872238;0;Point;
Россия, Иркутская область, Ангарск;Культурно-познавательный туризм;Культурно-познавательный;1857;СУ-27;Ангарский;0;1;Монументы OpenTripMap.xlsx;historic,monuments_and_memorials,interesting_places,monuments;1;52,512733;103,861717;0;Point;
Россия, Иркутская область, Ангарск;Культурно-познавательный туризм;Культурно-познавательный;1714;святым Петру и Февронии Муромским;Ангарский;0;1;Монументы OpenTripMap.xlsx;historic,monuments_and_memorials,interesting_places,monuments;1;52,526997;103,870468;0;Point;
Россия, Иркутская область, Ангарск, Московский тракт;Культурно-познавательный туризм;Культурно-познавательный;1685;Памятник политкаторжанам в Ангарске;Ангарский;0;1;Монументы OpenTripMap.xlsx;historic,monuments_and_memorials,interesting_places,monuments;1;52,542274;103,910248;0;Point;
Россия, Иркутская область, Ангарск, Набережная улица;Культурно-познавательный туризм;Культурно-познавательный;1718;Памятник декабристам;Ангарский;0;1;Монументы OpenTripMap.xlsx;historic,monuments_and_memorials,interesting_places,monuments;1;52,552208;103,875305;0;Point;
Россия, Иркутская область, Ангарск, парк Победы;Культурно-познавательный туризм;Культурно-познавательный;1858;павших;Ангарский;0;1;Монументы OpenTripMap.xlsx;historic,monuments_and_memorials,interesting_places,monuments;1;52,512741;103,863808;0;Point;
Россия, Иркутская область, Ангарск, сквер Почётных Граждан;Культурно-познавательный туризм;Культурно-познавательный;1717;Крылья;Ангарский;0;1;Монументы OpenTripMap.xlsx;historic,monuments_and_memorials,interesting_places,monuments;1;52,551922;103,875389;0;Point;
Россия, Иркутская область, Ангарск, улица Чайковского;Культурно-познавательный туризм;Культурно-познавательный;1719;Первостроителям;Ангарский;0;1;Монументы OpenTripMap.xlsx;historic,monuments_and_memorials,interesting_places,monuments;1;52,532986;103,888916;0;Point;
Россия, Иркутская область, село Баяндай;Культурно-познавательный туризм;Культурно-познавательный;1788;"Стелла ""Баяндай""";Баяндаевский;0;1;Монументы OpenTripMap.xlsx;historic,monuments_and_memorials,interesting_places,monuments;1;53,041542;105,509689;0;Point;
Россия, Иркутская область, Бодайбинский район, Артёмовское муниципальное образование;Культурно-познавательный туризм;Культурно-познавательный;1837;Братская могила;Бодайбинский;0;1;Монументы OpenTripMap.xlsx;historic,monuments_and_memorials,burial_places,interesting_places,war_graves,monuments;1;58,172184;114,575966;0;Point;
Россия, Иркутская область, Бодайбинский район, Артёмовское муниципальное образование;Культурно-познавательный туризм;Культурно-познавательный;1836;Жертвам Ленского расстрела 1912 года;Бодайбинский;0;1;Монументы OpenTripMap.xlsx;historic,monuments_and_memorials,interesting_places,monuments;1;58,185318;114,583794;0;Point;
Россия, Иркутская область, Бодайбинский район, Кропоткинское муниципальное образование;Культурно-познавательный туризм;Культурно-познавательный;1838;Мемориал светлого будущего;Бодайбинский;0;1;Монументы OpenTripMap.xlsx;historic,monuments_and_memorials,interesting_places,monuments;1;58,542042;115,32476;0;Point;
Россия, Иркутская область, Бодайбинский район, Мамаканское муниципальное образование, рабочий посёлок Мамакан, улица Гидростроителей;Культурно-познавательный туризм;Культурно-познавательный;1826;Памятник Ленину;Бодайбинский;0;1;Монументы OpenTripMap.xlsx;historic,monuments_and_memorials,interesting_places,monuments;1;57,812191;114,029221;0;Point;
Россия, Иркутская область, Бодайбинское муниципальное образование;Культурно-познавательный туризм;Культурно-познавательный;1825;Стелла границы Иркутской области;Бодайбинский;0;1;Монументы OpenTripMap.xlsx;historic,monuments_and_memorials,interesting_places,monuments;1;56,703201;114,649033;0;Point;
Россия, Иркутская область, Бодайбо;Культурно-познавательный туризм;Культурно-познавательный;1829;Памятник мосту;Бодайбинский;0;1;Монументы OpenTripMap.xlsx;historic,monuments_and_memorials,interesting_places,monuments;1;57,839298;114,177254;0;Point;
Россия, Иркутская область, Бодайбо, Сибирская улица;Культурно-познавательный туризм;Культурно-познавательный;1883;Бодайбо;Бодайбинский;0;1;Монументы OpenTripMap.xlsx;historic,monuments_and_memorials,interesting_places,monuments;1;57,853008;114,169701;0;Point;
Россия, Иркутская область, Бодайбо, улица Розы Люксембург;Культурно-познавательный туризм;Культурно-познавательный;1834;Памятник Березнеровцам;Бодайбинский;0;1;Монументы OpenTripMap.xlsx;historic,monuments_and_memorials,interesting_places,monuments;1;57,849991;114,203812;0;Point;
Россия, Иркутская область, Бодайбо, улица Стояновича;Культурно-познавательный туризм;Культурно-познавательный;1831;Место начала Бодайбо;Бодайбинский;0;1;Монументы OpenTripMap.xlsx;historic,monuments_and_memorials,interesting_places,monuments;1;57,844135;114,194931;0;Point;
Россия, Иркутская область, Бодайбо, улица Стояновича;Культурно-познавательный туризм;Культурно-познавательный;1830;Памятник основанию г. Бодайбо;Бодайбинский;0;1;Монументы OpenTripMap.xlsx;historic,monuments_and_memorials,interesting_places,monuments;1;57,84383;114,194275;0;Point;
Россия, Иркутская область, Бодайбо, улица Урицкого;Культурно-познавательный туризм;Культурно-познавательный;1835;Памятник Бодайбинской железной дороге, паровоз ГР №352;Бодайбинский;0;1;Монументы OpenTripMap.xlsx;historic,monuments_and_memorials,interesting_places,monuments;1;57,85471;114,214333;0;Point;
Россия, Иркутская область, Бодайбо, улица Урицкого;Культурно-познавательный туризм;Культурно-познавательный;1827;Памятник воинам Бодайбинцам;Бодайбинский;0;1;Монументы OpenTripMap.xlsx;historic,monuments_and_memorials,interesting_places,monuments;1;57,848518;114,201195;0;Point;
Россия, Иркутская область, Братск;Культурно-познавательный туризм;Культурно-познавательный;1798;Мемориал Славы;Братск;0;1;Монументы OpenTripMap.xlsx;historic,monuments_and_memorials,interesting_places,monuments;1;56,153954;101,648186;0;Point;
Россия, Иркутская область, Братск, Депутатская улица;Культурно-познавательный туризм;Культурно-познавательный;1795;Памятник Ленину;Братск;0;1;Монументы OpenTripMap.xlsx;historic,monuments_and_memorials,interesting_places,monuments;1;56,151043;101,629608;0;Point;
Россия, Иркутская область, Братск, жилой район Осиновка;Культурно-познавательный туризм;Культурно-познавательный;1812;Транспортным строителям Восточной Сибири;Братск;0;1;Монументы OpenTripMap.xlsx;historic,monuments_and_memorials,interesting_places,monuments;1;56,276901;101,894028;0;Point;
Россия, Иркутская область, Братск, жилой район Осиновка, улица Ангарстроя;Культурно-познавательный туризм;Культурно-познавательный;1811;Рельса;Братск;0;1;Монументы OpenTripMap.xlsx;historic,monuments_and_memorials,interesting_places,monuments;1;56,275288;101,894783;0;Point;
Россия, Иркутская область, Братск, жилой район Падун;Культурно-познавательный туризм;Культурно-познавательный;1808;Обелиск славы Ленинскому комсомолу;Братск;0;1;Монументы OpenTripMap.xlsx;historic,monuments_and_memorials,interesting_places,monuments;1;56,288914;101,754631;0;Point;
Россия, Иркутская область, Братск, жилой район Центральный;Культурно-познавательный туризм;Культурно-познавательный;1875;Мемориальный комплекс;Братск;0;1;Монументы OpenTripMap.xlsx;historic,monuments_and_memorials,interesting_places,monuments;1;56,155579;101,648003;0;Point;
Россия, Иркутская область, Братск, жилой район Энергетик;Культурно-познавательный туризм;Культурно-познавательный;1809;Памятник С.Б. Погодаеву;Братск;0;1;Монументы OpenTripMap.xlsx;historic,monuments_and_memorials,interesting_places,monuments;1;56,304955;101,759178;0;Point;
Россия, Иркутская область, Братск, жилой район Энергетик;Культурно-познавательный туризм;Культурно-познавательный;1878;Памятник воинам-интернационалистам;Братск;0;1;Монументы OpenTripMap.xlsx;historic,monuments_and_memorials,interesting_places,monuments;1;56,311764;101,740128;0;Point;
Россия, Иркутская область, Братск, улица Воинов-Интернационалистов;Культурно-познавательный туризм;Культурно-познавательный;1877;Рыков Пётр Яковлевич;Братск;0;1;Монументы OpenTripMap.xlsx;historic,monuments_and_memorials,interesting_places,monuments;1;56,312813;101,727699;0;Point;
Россия, Иркутская область, Братск, улица Кирова;Культурно-познавательный туризм;Культурно-познавательный;1797;Пушкин;Братск;0;1;Монументы OpenTripMap.xlsx;historic,monuments_and_memorials,interesting_places,monuments;1;56,153347;101,628754;0;Point;
Россия, Иркутская область, Братск, улица Маршала Жукова;Культурно-познавательный туризм;Культурно-познавательный;1796;Памятник маршалу Г.К. Жукову;Братск;0;1;Монументы OpenTripMap.xlsx;historic,monuments_and_memorials,interesting_places,monuments;1;56,149002;101,644196;0;Point;
Россия, Иркутская область, Братск, улица Мира;Культурно-познавательный туризм;Культурно-познавательный;1794;Кофейный Джин;Братск;0;1;Монументы OpenTripMap.xlsx;historic,monuments_and_memorials,interesting_places,monuments;1;56,152855;101,61969;0;Point;
Россия, Иркутская область, муниципальное образование Братск, Падунский район;Культурно-познавательный туризм;Культурно-познавательный;1810;Памятник строителям Братской ГЭС;Братск;0;1;Монументы OpenTripMap.xlsx;historic,monuments_and_memorials,interesting_places,monuments;1;56,29541;101,769897;0;Point;
Россия, Иркутская область, Братский район, Вихоревское муниципальное образование, Вихоревка;Культурно-познавательный туризм;Культурно-познавательный;1892;Паровоз;Братский;0;1;Монументы OpenTripMap.xlsx;historic,monuments_and_memorials,interesting_places,monuments;1;56,117954;101,170998;0;Point;
Россия, Иркутская область, Братский район, Кобляковское муниципальное образование, территория Аэропорт;Культурно-познавательный туризм;Культурно-познавательный;1879;Як-40;Братский;0;1;Монументы OpenTripMap.xlsx;historic,monuments_and_memorials,interesting_places,monuments;1;56,364513;101,702637;0;Point;
Россия, Иркутская область, Братский район, Покоснинское муниципальное образование, село Покосное;Культурно-познавательный туризм;Культурно-познавательный;1705;Памятник павшим в Великой Отечественной войне;Братский;0;1;Монументы OpenTripMap.xlsx;historic,monuments_and_memorials,interesting_places,monuments;1;55,522331;101,047653;0;Point;
Россия, Иркутская область, Братский район, Прибрежнинское муниципальное образование, посёлок Прибрежный, улица Мира;Культурно-познавательный туризм;Культурно-познавательный;1856;Стелла;Братский;0;1;Монументы OpenTripMap.xlsx;historic,monuments_and_memorials,interesting_places,monuments;1;55,209156;100,69529;0;Point;
Россия, Иркутская область, рабочий посёлок Жигалово, Советская улица;Культурно-познавательный туризм;Культурно-познавательный;1799;Памятник В.И.Ленину;Жигаловский;0;1;Монументы OpenTripMap.xlsx;historic,monuments_and_memorials,interesting_places,monuments;1;54,812687;105,151779;0;Point;
Россия, Иркутская область, Заларинский район, Бажирское муниципальное образование;Культурно-познавательный туризм;Культурно-познавательный;1790;Стелла;Заларинский;0;1;Монументы OpenTripMap.xlsx;historic,monuments_and_memorials,interesting_places,monuments;1;53,629566;102,567566;0;Point;
Россия, Иркутская область, Заларинский район, Веренское муниципальное образование, село Веренка;Культурно-познавательный туризм;Культурно-познавательный;1899;Павшим воинам;Заларинский;0;1;Монументы OpenTripMap.xlsx;historic,monuments_and_memorials,interesting_places,monuments;1;53,691242;102,217247;0;Point;
Россия, Иркутская область, Зима, улица Кирова;Культурно-познавательный туризм;Культурно-познавательный;1791;Паровоз;Зима;0;1;Монументы OpenTripMap.xlsx;historic,monuments_and_memorials,interesting_places,monuments;1;53,925407;102,053116;0;Point;
Россия, Иркутская область, Зима, улица Орджоникидзе;Культурно-познавательный туризм;Культурно-познавательный;1855;Мемориальный комплекс Славы;Зима;0;1;Монументы OpenTripMap.xlsx;historic,monuments_and_memorials,interesting_places,monuments;1;53,929474;102,062309;0;Point;
Россия, Иркутская область, Зиминский район, Филипповское муниципальное образование;Культурно-познавательный туризм;Культурно-познавательный;1792;Памятник красногвардейцу;Зиминский;0;1;Монументы OpenTripMap.xlsx;historic,monuments_and_memorials,interesting_places,monuments;1;53,951027;102,202736;0;Point;
Россия, Иркутск, Депутатская улица;Культурно-познавательный туризм;Культурно-познавательный;1677;"Танк ""Иркутский комсомолец""";Иркутск;0;1;Монументы OpenTripMap.xlsx;historic,monuments_and_memorials,interesting_places,monuments;1;52,279087;104,31752;0;Point;
Россия, Иркутск, Кировский район;Культурно-познавательный туризм;Культурно-познавательный;1746;М. Горькому;Иркутск;0;1;Монументы OpenTripMap.xlsx;historic,monuments_and_memorials,interesting_places,monuments;1;52,282681;104,281387;0;Point;
Россия, Иркутск, Кировский район;Культурно-познавательный туризм;Культурно-познавательный;1757;Памятник В.И. Ленину;Иркутск;0;1;Монументы OpenTripMap.xlsx;historic,monuments_and_memorials,interesting_places,monuments;1;52,287086;104,284805;0;Point;
Россия, Иркутск, Кировский район;Культурно-познавательный туризм;Культурно-познавательный;1753;Памятник врачам и медсестрам, погибшим в годы Великой Отечественной Войны (ВОВ);Иркутск;0;1;Монументы OpenTripMap.xlsx;historic,monuments_and_memorials,interesting_places,monuments;1;52,27422;104,282494;0;Point;
Россия, Иркутск, Кировский район;Культурно-познавательный туризм;Культурно-познавательный;1745;Слоник;Иркутск;0;1;Монументы OpenTripMap.xlsx;historic,monuments_and_memorials,interesting_places,monuments;1;52,279316;104,279175;0;Point;
Россия, Иркутск, Кировский район;Культурно-познавательный туризм;Культурно-познавательный;1744;Черепашка;Иркутск;0;1;Монументы OpenTripMap.xlsx;historic,monuments_and_memorials,interesting_places,monuments;1;52,279316;104,279045;0;Point;
Россия, Иркутск, Красноармейская улица;Культурно-познавательный туризм;Культурно-познавательный;1754;Пожарным и спасателям;Иркутск;0;1;Монументы OpenTripMap.xlsx;historic,monuments_and_memorials,interesting_places,monuments;1;52,278099;104,285736;0;Point;
Россия, Иркутск, Ленинский округ;Культурно-познавательный туризм;Культурно-познавательный;1779;Краев Сашенька 13.05.1988-10.05.1996;Иркутск;0;1;Монументы OpenTripMap.xlsx;historic,monuments_and_memorials,interesting_places,monuments;1;52,397945;104,140266;0;Point;
Россия, Иркутск, Ленинский округ;Культурно-познавательный туризм;Культурно-познавательный;1897;Тюльпан;Иркутск;0;1;Монументы OpenTripMap.xlsx;historic,monuments_and_memorials,interesting_places,monuments;1;52,329952;104,233109;0;Point;
Россия, Иркутск, Ленинский округ;Культурно-познавательный туризм;Культурно-познавательный;1739;Як-28;Иркутск;0;1;Монументы OpenTripMap.xlsx;historic,monuments_and_memorials,interesting_places,monuments;1;52,355335;104,210114;0;Point;
Россия, Иркутск, Лисихинское кладбище;Культурно-познавательный туризм;Культурно-познавательный;1766;Воинам, умершим от ран в госпиталях Иркутска 1941—1945;Иркутск;0;1;Монументы OpenTripMap.xlsx;historic,monuments_and_memorials,interesting_places,monuments;1;52,26244;104,338478;0;Point;
Россия, Иркутск, Новоленинское кладбище;Культурно-познавательный туризм;Культурно-познавательный;1737;мама;Иркутск;0;1;Монументы OpenTripMap.xlsx;historic,monuments_and_memorials,interesting_places,monuments;1;52,32785;104,168709;0;Point;
Россия, Иркутск, Пролетарская улица;Культурно-познавательный туризм;Культурно-познавательный;1758;Памятник Леониду Гайдаю;Иркутск;0;1;Монументы OpenTripMap.xlsx;historic,monuments_and_memorials,interesting_places,monuments;1;52,286865;104,287239;0;Point;
Россия, Иркутск, Радищевское кладбище;Культурно-познавательный туризм;Культурно-познавательный;1775;Радищевское кладбище;Иркутск;0;1;Монументы OpenTripMap.xlsx;historic,monuments_and_memorials,interesting_places,monuments;1;52,32021;104,331825;0;Point;
Россия, Иркутск, Советская улица;Культурно-познавательный туризм;Культурно-познавательный;1764;Святому праведному Иоанну Кронштадскому;Иркутск;0;1;Монументы OpenTripMap.xlsx;historic,monuments_and_memorials,interesting_places,monuments;1;52,279701;104,321327;0;Point;
Россия, Иркутск, Татарское кладбище;Культурно-познавательный туризм;Культурно-познавательный;1752;Старое мусульманское кладбище;Иркутск;0;1;Монументы OpenTripMap.xlsx;historic,monuments_and_memorials,interesting_places,monuments;1;52,258919;104,318161;0;Point;
Россия, Иркутск, бульвар Гагарина;Культурно-познавательный туризм;Культурно-познавательный;1742;Памятник Солдатам Правопорядка;Иркутск;0;1;Монументы OpenTripMap.xlsx;historic,monuments_and_memorials,interesting_places,monuments;1;52,283089;104,270844;0;Point;
Россия, Иркутск, бульвар Гагарина;Культурно-познавательный туризм;Культурно-познавательный;1682;Ю. А. Гагарину;Иркутск;0;1;Монументы OpenTripMap.xlsx;historic,monuments_and_memorials,interesting_places,monuments;1;52,277275;104,276466;0;Point;
Россия, Иркутск, городок ИВАТУ;Культурно-познавательный туризм;Культурно-познавательный;1770;Ан-24Т;Иркутск;0;1;Монументы OpenTripMap.xlsx;historic,monuments_and_memorials,interesting_places,monuments;1;52,270153;104,348595;0;Point;
Россия, Иркутск, городок ИВАТУ;Культурно-познавательный туризм;Культурно-познавательный;1767;Ил-76ПП;Иркутск;0;1;Монументы OpenTripMap.xlsx;historic,monuments_and_memorials,interesting_places,monuments;1;52,269085;104,347427;0;Point;
Россия, Иркутск, городок ИВАТУ;Культурно-познавательный туризм;Культурно-познавательный;1851;Ми-24Д;Иркутск;0;1;Монументы OpenTripMap.xlsx;historic,monuments_and_memorials,interesting_places,monuments;1;52,271084;104,34803;0;Point;
Россия, Иркутск, городок ИВАТУ;Культурно-познавательный туризм;Культурно-познавательный;1769;Ми-8;Иркутск;0;1;Монументы OpenTripMap.xlsx;historic,monuments_and_memorials,interesting_places,monuments;1;52,271206;104,347832;0;Point;
Россия, Иркутск, городок ИВАТУ;Культурно-познавательный туризм;Культурно-познавательный;1771;МиГ-29;Иркутск;0;1;Монументы OpenTripMap.xlsx;historic,monuments_and_memorials,interesting_places,monuments;1;52,270489;104,34877;0;Point;
Россия, Иркутск, городок ИВАТУ;Культурно-познавательный туризм;Культурно-познавательный;1773;Миг-21бис;Иркутск;0;1;Монументы OpenTripMap.xlsx;historic,monuments_and_memorials,interesting_places,monuments;1;52,276497;104,34108;0;Point;
Россия, Иркутск, городок ИВАТУ;Культурно-познавательный туризм;Культурно-познавательный;1852;Су-24;Иркутск;0;1;Монументы OpenTripMap.xlsx;historic,monuments_and_memorials,interesting_places,monuments;1;52,270905;104,348335;0;Point;
Россия, Иркутск, городок ИВАТУ;Культурно-познавательный туризм;Культурно-познавательный;1768;Су-27;Иркутск;0;1;Монументы OpenTripMap.xlsx;historic,monuments_and_memorials,interesting_places,monuments;1;52,27042;104,348045;0;Point;
Россия, Иркутск, городок ИВАТУ;Культурно-познавательный туризм;Культурно-познавательный;1868;Ту-22А;Иркутск;0;1;Монументы OpenTripMap.xlsx;historic,monuments_and_memorials,interesting_places,monuments;1;52,270821;104,348572;0;Point;
Россия, Иркутск, городок ИВАТУ;Культурно-познавательный туризм;Культурно-познавательный;1841;Ту-22М0;Иркутск;0;1;Монументы OpenTripMap.xlsx;historic,monuments_and_memorials,interesting_places,monuments;1;52,270638;104,34877;0;Point;
Россия, Иркутск, городок ИВАТУ;Культурно-познавательный туризм;Культурно-познавательный;1772;Ту-22М3;Иркутск;0;1;Монументы OpenTripMap.xlsx;historic,monuments_and_memorials,interesting_places,monuments;1;52,270466;104,34903;0;Point;
Россия, Иркутск, микрорайон Зелёный;Культурно-познавательный туризм;Культурно-познавательный;1776;"БМ-13 ""Катюша""";Иркутск;0;1;Монументы OpenTripMap.xlsx;historic,monuments_and_memorials,interesting_places,monuments;1;52,327522;104,371132;0;Point;
Россия, Иркутск, микрорайон Ново-Ленино;Культурно-познавательный туризм;Культурно-познавательный;1738;Часы;Иркутск;0;1;Монументы OpenTripMap.xlsx;historic,monuments_and_memorials,interesting_places,monuments;1;52,3367;104,205482;0;Point;
Россия, Иркутск, площадь Декабристов;Культурно-познавательный туризм;Культурно-познавательный;1762;Иркутянам, погибшим при исполнении воинского долга;Иркутск;0;1;Монументы OpenTripMap.xlsx;historic,monuments_and_memorials,interesting_places,monuments;1;52,282093;104,31292;0;Point;
Россия, Иркутск, предместье Радищева;Культурно-познавательный туризм;Культурно-познавательный;1774;Крест;Иркутск;0;1;Монументы OpenTripMap.xlsx;historic,monuments_and_memorials,interesting_places,monuments;1;52,313206;104,332916;0;Point;
Россия, Иркутск, сквер Гидростроителей;Культурно-познавательный туризм;Культурно-познавательный;1740;Памятник Ленину;Иркутск;0;1;Монументы OpenTripMap.xlsx;historic,monuments_and_memorials,interesting_places,monuments;1;52,233143;104,31765;0;Point;
Россия, Иркутск, сквер Иркутск-Сити;Культурно-познавательный туризм;Культурно-познавательный;1761;Памятник работникам завода им. Куйбышева;Иркутск;0;1;Монументы OpenTripMap.xlsx;historic,monuments_and_memorials,interesting_places,monuments;1;52,291626;104,303169;0;Point;
Россия, Иркутск, сквер имени Сигеки Мори;Культурно-познавательный туризм;Культурно-познавательный;1687;мемориальная доска Сигеки Мори;Иркутск;0;1;Монументы OpenTripMap.xlsx;historic,monuments_and_memorials,interesting_places,monuments;1;52,282604;104,283501;0;Point;
Россия, Иркутск, сквер у Вечного Огня;Культурно-познавательный туризм;Культурно-познавательный;1750;Вечный огонь;Иркутск;0;1;Монументы OpenTripMap.xlsx;historic,monuments_and_memorials,interesting_places,monuments;1;52,291008;104,280258;0;Point;
Россия, Иркутск, сквер у Вечного Огня;Культурно-познавательный туризм;Культурно-познавательный;1751;Памятник генералу армии Белобородову А.П.;Иркутск;0;1;Монументы OpenTripMap.xlsx;historic,monuments_and_memorials,interesting_places,monuments;1;52,29174;104,280029;0;Point;
Россия, Иркутск, улица Дзержинского;Культурно-познавательный туризм;Культурно-познавательный;1756;Пожарная машина;Иркутск;0;1;Монументы OpenTripMap.xlsx;historic,monuments_and_memorials,interesting_places,monuments;1;52,278683;104,286674;0;Point;
Россия, Иркутск, улица Желябова;Культурно-познавательный туризм;Культурно-познавательный;1866;"Скульптура ""Муза""";Иркутск;0;1;Монументы OpenTripMap.xlsx;historic,monuments_and_memorials,interesting_places,monuments;1;52,288708;104,287437;0;Point;
Россия, Иркутск, улица Карла Маркса;Культурно-познавательный туризм;Культурно-познавательный;1686;Бюст М.М. Рубинштейну;Иркутск;0;1;Монументы OpenTripMap.xlsx;historic,monuments_and_memorials,interesting_places,monuments;1;52,276726;104,278168;0;Point;
Россия, Иркутск, улица Карла Маркса;Культурно-познавательный туризм;Культурно-познавательный;1860;Здесь учился выдающийся русский драматург А. Вампилов;Иркутск;0;1;Монументы OpenTripMap.xlsx;historic,monuments_and_memorials,interesting_places,monuments;1;52,276543;104,277916;0;Point;
Россия, Иркутск, улица Карла Маркса;Культурно-познавательный туризм;Культурно-познавательный;1849;Мемориальный комплекс на месте братской могилы красногвардейцев и революционных солдат;Иркутск;0;1;Монументы OpenTripMap.xlsx;historic,monuments_and_memorials,interesting_places,monuments;1;52,276302;104,277695;0;Point;
Россия, Иркутск, улица Красного Восстания;Культурно-познавательный туризм;Культурно-познавательный;1865;Никитин Алексей Иванович;Иркутск;0;1;Монументы OpenTripMap.xlsx;historic,monuments_and_memorials,interesting_places,monuments;1;52,274284;104,283379;0;Point;
Россия, Иркутск, улица Лапина;Культурно-познавательный туризм;Культурно-познавательный;1755;усадьба Когана;Иркутск;0;1;Монументы OpenTripMap.xlsx;historic,monuments_and_memorials,interesting_places,monuments;1;52,277485;104,287941;0;Point;
Россия, Иркутск, улица Маяковского;Культурно-познавательный туризм;Культурно-познавательный;1741;Свердловский район;Иркутск;0;1;Монументы OpenTripMap.xlsx;historic,monuments_and_memorials,interesting_places,monuments;1;52,287296;104,254784;0;Point;
Россия, Иркутск, улица Нижняя Набережная;Культурно-познавательный туризм;Культурно-познавательный;1850;Памятник геодезистам изыскателям;Иркутск;0;1;Монументы OpenTripMap.xlsx;historic,monuments_and_memorials,interesting_places,monuments;1;52,294044;104,287537;0;Point;
Россия, Иркутск, улица Октябрьской Революции;Культурно-познавательный туризм;Культурно-познавательный;1690;Памятник Пушкину;Иркутск;0;1;Монументы OpenTripMap.xlsx;historic,monuments_and_memorials,interesting_places,monuments;1;52,289833;104,30368;0;Point;
Россия, Иркутск, улица Плеханова;Культурно-познавательный туризм;Культурно-познавательный;1763;Крест на месте захоронения казаков;Иркутск;0;1;Монументы OpenTripMap.xlsx;historic,monuments_and_memorials,interesting_places,monuments;1;52,282436;104,312767;0;Point;
Россия, Иркутск, улица Свердлова;Культурно-познавательный туризм;Культурно-познавательный;1867;В. И.Ленину;Иркутск;0;1;Монументы OpenTripMap.xlsx;historic,monuments_and_memorials,interesting_places,monuments;1;52,285851;104,289047;0;Point;
Россия, Иркутск, улица Сухэ-Батора;Культурно-познавательный туризм;Культурно-познавательный;1862;Мемориальная доска;Иркутск;0;1;Монументы OpenTripMap.xlsx;historic,monuments_and_memorials,interesting_places,monuments;1;52,28569;104,280861;0;Point;
Россия, Иркутск, улица Сухэ-Батора;Культурно-познавательный туризм;Культурно-познавательный;1749;Михаил Сперанский;Иркутск;0;1;Монументы OpenTripMap.xlsx;historic,monuments_and_memorials,interesting_places,monuments;1;52,289009;104,281944;0;Point;
Россия, Иркутск, улица Сухэ-Батора;Культурно-познавательный туризм;Культурно-познавательный;1864;Памятник основателям г. Иркутска;Иркутск;0;1;Монументы OpenTripMap.xlsx;historic,monuments_and_memorials,interesting_places,monuments;1;52,291126;104,281799;0;Point;
Россия, Иркутск, улица Сухэ-Батора;Культурно-познавательный туризм;Культурно-познавательный;1680;Ю. А. Ножикову;Иркутск;0;1;Монументы OpenTripMap.xlsx;historic,monuments_and_memorials,interesting_places,monuments;1;52,284111;104,284248;0;Point;
Россия, Иркутск, улица Чкалова;Культурно-познавательный туризм;Культурно-познавательный;1747;Якорь Адмиральский;Иркутск;0;1;Монументы OpenTripMap.xlsx;historic,monuments_and_memorials,interesting_places,monuments;1;52,288517;104,273628;0;Point;
Россия, муниципальное образование Иркутск, аэропорт Иркутск;Культурно-познавательный туризм;Культурно-познавательный;1872;Ан-2;Иркутск;0;1;Монументы OpenTripMap.xlsx;historic,monuments_and_memorials,interesting_places,monuments;1;52,265064;104,364365;0;Point;
Россия, муниципальное образование Иркутск, аэропорт Иркутск;Культурно-познавательный туризм;Культурно-познавательный;1871;Ан-24Б;Иркутск;0;1;Монументы OpenTripMap.xlsx;historic,monuments_and_memorials,interesting_places,monuments;1;52,264114;104,364105;0;Point;
Россия, муниципальное образование Иркутск, аэропорт Иркутск;Культурно-познавательный туризм;Культурно-познавательный;1869;Ил-76Т;Иркутск;0;1;Монументы OpenTripMap.xlsx;historic,monuments_and_memorials,interesting_places,monuments;1;52,263531;104,363976;0;Point;
Россия, муниципальное образование Иркутск, аэропорт Иркутск;Культурно-познавательный туризм;Культурно-познавательный;1873;Ми-8;Иркутск;0;1;Монументы OpenTripMap.xlsx;historic,monuments_and_memorials,interesting_places,monuments;1;52,264267;104,365707;0;Point;
Россия, муниципальное образование Иркутск, аэропорт Иркутск;Культурно-познавательный туризм;Культурно-познавательный;1853;Ту-154Б1 RA-85031;Иркутск;0;1;Монументы OpenTripMap.xlsx;historic,monuments_and_memorials,interesting_places,monuments;1;52,263798;104,363518;0;Point;
Россия, муниципальное образование Иркутск, аэропорт Иркутск;Культурно-познавательный туризм;Культурно-познавательный;1870;Ту-154Б1 RA-85038;Иркутск;0;1;Монументы OpenTripMap.xlsx;historic,monuments_and_memorials,interesting_places,monuments;1;52,264141;104,363319;0;Point;
Россия, Иркутск, Площадь у памятника Александру III;Культурно-познавательный туризм;Культурно-познавательный;1676;Памятник императору Александру III;Иркутск;0;1;Монументы OpenTripMap.xlsx;historic,monuments_and_memorials,urban_environment,cultural,interesting_places,sculptures,monuments;1;52,275486;104,277206;0;Point;
Россия, Иркутская область, Байкальский тракт;Культурно-познавательный туризм;Культурно-познавательный;1840;памятник Александру Вампилову;Иркутский;0;1;Монументы OpenTripMap.xlsx;historic,monuments_and_memorials,interesting_places,monuments;1;51,869137;104,829231;0;Point;
Россия, Иркутский район, Большая Байкальская тропа;Культурно-познавательный туризм;Культурно-познавательный;1729;Дементьев;Иркутский;0;1;Монументы OpenTripMap.xlsx;historic,monuments_and_memorials,interesting_places,monuments;1;51,870792;104,978539;0;Point;
Россия, Иркутский район, Листвянское муниципальное образование, рабочий посёлок Листвянка, улица Горького;Культурно-познавательный туризм;Культурно-познавательный;1839;Памятник участникам ВОВ;Иркутский;0;1;Монументы OpenTripMap.xlsx;historic,monuments_and_memorials,interesting_places,monuments;1;51,85004;104,869232;0;Point;
Россия, Иркутский район, Оёкское муниципальное образование;Культурно-познавательный туризм;Культурно-познавательный;1854;Оёк;Иркутский;0;1;Монументы OpenTripMap.xlsx;historic,monuments_and_memorials,interesting_places,monuments;1;52,557983;104,4459;0;Point;
Россия, Иркутский район, Усть-Кудинское муниципальное образование;Культурно-познавательный туризм;Культурно-познавательный;1781;ИСТОРИКО-ЛАНДШАФТНЫЙ ПАМЯТНИК РЕСПУБЛИКАНСКОГО ЗНАЧЕНИЯ;Иркутский;0;1;Монументы OpenTripMap.xlsx;historic,monuments_and_memorials,interesting_places,monuments;1;52,43119;104,114403;0;Point;
Россия, Иркутский район, Ушаковское муниципальное образование;Культурно-познавательный туризм;Культурно-познавательный;1778;Мемориальное кладбище «Пивовариха»;Иркутский;0;1;Монументы OpenTripMap.xlsx;historic,monuments_and_memorials,interesting_places,monuments;1;52,257874;104,432182;0;Point;
Россия, Иркутский район, Ушаковское муниципальное образование, село Пивовариха, Трактовая улица;Культурно-познавательный туризм;Культурно-познавательный;1777;Мемориал памяти Сталинских репрессий;Иркутский;0;1;Монументы OpenTripMap.xlsx;historic,monuments_and_memorials,interesting_places,monuments;1;52,272976;104,450676;0;Point;
Россия, Иркутский район, Хомутовское муниципальное образование, деревня Куда, Кудинская улица;Культурно-познавательный туризм;Культурно-познавательный;1782;Медведь;Иркутский;0;1;Монументы OpenTripMap.xlsx;historic,monuments_and_memorials,interesting_places,monuments;1;52,426987;104,374138;0;Point;
Россия, Иркутский район, село Мамоны;Культурно-познавательный туризм;Культурно-познавательный;1688;Жертвам авиакатастрофы рейса BKL130 Иркутск - Москва;Иркутский;0;1;Монументы OpenTripMap.xlsx;historic,monuments_and_memorials,interesting_places,monuments;1;52,307117;104,167625;0;Point;
Россия, Иркутская область, Казачинско-Ленский район, Ключевское муниципальное образование, деревня Ключи, Пролетарская улица;Культурно-познавательный туризм;Культурно-познавательный;1804;Воинам землякам;Казачинско-Ленский;0;1;Монументы OpenTripMap.xlsx;historic,monuments_and_memorials,interesting_places,monuments;1;56,193462;107,485565;0;Point;
Россия, Иркутская область, Казачинско-Ленский район, Магистральнинское муниципальное образование, рабочий посёлок Магистральный, парк Памяти неизвестного солдата;Культурно-познавательный туризм;Культурно-познавательный;1900;Вечный огонь;Казачинско-Ленский;0;1;Монументы OpenTripMap.xlsx;historic,monuments_and_memorials,interesting_places,monuments;1;56,17844;107,453667;0;Point;
Россия, Иркутская область, Катангский район, село Ербогачён;Культурно-познавательный туризм;Культурно-познавательный;1824;Русскому землепроходцу Пантелею Пянде, открывателю Восточной Сибири;Катангский;0;1;Монументы OpenTripMap.xlsx;historic,monuments_and_memorials,interesting_places,monuments;1;61,277882;108,004623;0;Point;
Россия, Иркутская область, рабочий посёлок Качуг;Культурно-познавательный туризм;Культурно-познавательный;1800;Бюст Ленина;Качугский;0;1;Монументы OpenTripMap.xlsx;historic,monuments_and_memorials,interesting_places,monuments;1;53,963467;105,880707;0;Point;
Россия, Иркутская область, рабочий посёлок Качуг;Культурно-познавательный туризм;Культурно-познавательный;1801;Бюст Ленина;Качугский;0;1;Монументы OpenTripMap.xlsx;historic,monuments_and_memorials,interesting_places,monuments;1;53,967442;105,878372;0;Point;
Россия, Иркутская область, Киренск, микрорайон Центральный;Культурно-познавательный туризм;Культурно-познавательный;1822;Погибшим в Великую Отечественную Войну;Киренский;0;1;Монументы OpenTripMap.xlsx;historic,monuments_and_memorials,interesting_places,monuments;1;57,776428;108,110527;0;Point;
Россия, Иркутская область, Киренск, улица Каландарашвили;Культурно-познавательный туризм;Культурно-познавательный;1821;Ерофею Хабарову и всем первопроходцам земли Киренской;Киренский;0;1;Монументы OpenTripMap.xlsx;historic,monuments_and_memorials,interesting_places,monuments;1;57,776875;108,110062;0;Point;
Россия, Иркутская область, Киренск, улица Каландарашвили;Культурно-познавательный туризм;Культурно-познавательный;1823;Памятный камень на месте строительства острога в 1631 г.;Киренский;0;1;Монументы OpenTripMap.xlsx;historic,monuments_and_memorials,interesting_places,monuments;1;57,777557;108,110054;0;Point;
Россия, Иркутская область, Железногорск-Илимский;Культурно-познавательный туризм;Культурно-познавательный;1881;М.К. Янгель;Нижнеилимский;0;1;Монументы OpenTripMap.xlsx;historic,monuments_and_memorials,interesting_places,monuments;1;56,585121;104,114883;0;Point;
Россия, Иркутская область, Железногорск-Илимский;Культурно-познавательный туризм;Культурно-познавательный;1817;Памятник Илимским партизанам;Нижнеилимский;0;1;Монументы OpenTripMap.xlsx;historic,monuments_and_memorials,interesting_places,monuments;1;56,578182;104,125755;0;Point;
Россия, Иркутская область, Железногорск-Илимский, промышленная площадка Коршуновский ГОК;Культурно-познавательный туризм;Культурно-познавательный;1902;Стелла КГОК;Нижнеилимский;0;1;Монументы OpenTripMap.xlsx;historic,monuments_and_memorials,interesting_places,monuments;1;56,558224;104,13549;0;Point;
Россия, Иркутская область, Нижнеудинск;Культурно-познавательный туризм;Культурно-познавательный;1698;Ленин;Нижнеудинский;0;1;Монументы OpenTripMap.xlsx;historic,monuments_and_memorials,interesting_places,monuments;1;54,90836;99,03569;0;Point;
Россия, Иркутская область, Нижнеудинск;Культурно-познавательный туризм;Культурно-познавательный;1700;Паровоз;Нижнеудинский;0;1;Монументы OpenTripMap.xlsx;historic,monuments_and_memorials,interesting_places,monuments;1;54,893909;99,029747;0;Point;
Россия, Иркутская область, Нижнеудинск, Советская улица;Культурно-познавательный туризм;Культурно-познавательный;1891;памятник молодому нижнеудинцу;Нижнеудинский;0;1;Монументы OpenTripMap.xlsx;historic,monuments_and_memorials,interesting_places,monuments;1;54,913616;99,038269;0;Point;
Россия, Иркутская область, Нижнеудинск, квартал Междуречье;Культурно-познавательный туризм;Культурно-познавательный;1701;Скорбящая мать;Нижнеудинский;0;1;Монументы OpenTripMap.xlsx;historic,monuments_and_memorials,interesting_places,monuments;1;54,914787;99,036125;0;Point;
Россия, Иркутская область, Нижнеудинск, район Заречье;Культурно-познавательный туризм;Культурно-познавательный;1848;Р.Я. Шнеерсон;Нижнеудинский;0;1;Монументы OpenTripMap.xlsx;historic,monuments_and_memorials,interesting_places,monuments;1;54,920307;99,065964;0;Point;
Россия, Иркутская область, Нижнеудинск, улица Циолковского;Культурно-познавательный туризм;Культурно-познавательный;1846;Участникам ВОВ;Нижнеудинский;0;1;Монументы OpenTripMap.xlsx;historic,monuments_and_memorials,interesting_places,monuments;1;54,896271;99,064644;0;Point;
Россия, Иркутская область, Нижнеудинский район, аэропорт Нижнеудинск;Культурно-познавательный туризм;Культурно-познавательный;1702;Л-410;Нижнеудинский;0;1;Монументы OpenTripMap.xlsx;historic,monuments_and_memorials,interesting_places,monuments;1;54,895844;99,063599;0;Point;
Россия, Иркутская область, Нижнеудинский район, аэропорт Нижнеудинск;Культурно-познавательный туризм;Культурно-познавательный;1703;МИ;Нижнеудинский;0;1;Монументы OpenTripMap.xlsx;historic,monuments_and_memorials,interesting_places,monuments;1;54,895878;99,063904;0;Point;
Россия, Иркутская область, Нижнеудинское муниципальное образование;Культурно-познавательный туризм;Культурно-познавательный;1847;Поклонный крест;Нижнеудинский;0;1;Монументы OpenTripMap.xlsx;historic,monuments_and_memorials,interesting_places,monuments;1;54,908028;99,065666;0;Point;
Россия, Иркутская область, Ольхонский район, Еланцынское муниципальное образование;Культурно-познавательный туризм;Культурно-познавательный;1789;Орёл;Ольхонский;0;1;Монументы OpenTripMap.xlsx;historic,monuments_and_memorials,interesting_places,monuments;1;52,836063;106,508827;0;Point;
Россия, Иркутская область, Ольхонский район, Хужирское муниципальное образование, остров Ольхон;Культурно-познавательный туризм;Культурно-познавательный;1876;Остатки корабля;Ольхонский;0;1;Монументы OpenTripMap.xlsx;historic,monuments_and_memorials,interesting_places,monuments;1;53,182838;107,289703;0;Point;
Россия, Иркутская область, Ольхонский район, Шара-Тоготское муниципальное образование;Культурно-познавательный туризм;Культурно-познавательный;1802;Шигаев Роберт Николаевич;Ольхонский;0;1;Монументы OpenTripMap.xlsx;historic,monuments_and_memorials,interesting_places,monuments;1;53,020023;106,900536;0;Point;
Россия, Иркутская область, Ольхонский район, посёлок Хужир;Культурно-познавательный туризм;Культурно-познавательный;1803;Памятник Героям Великой Отечественной Войны;Ольхонский;0;1;Монументы OpenTripMap.xlsx;historic,monuments_and_memorials,interesting_places,monuments;1;53,193157;107,347542;0;Point;
Россия, Иркутская область, Саянск, микрорайон Юбилейный;Культурно-познавательный туризм;Культурно-познавательный;1793;Монумент первостроителям;Саянск;0;1;Монументы OpenTripMap.xlsx;historic,monuments_and_memorials,interesting_places,monuments;1;54,110271;102,159775;0;Point;
Россия, Иркутская область, Слюдянка;Культурно-познавательный туризм;Культурно-познавательный;1893;Шлем;Слюдянский;0;1;Монументы OpenTripMap.xlsx;historic,monuments_and_memorials,interesting_places,monuments;1;51,657303;103,720863;0;Point;
Россия, Иркутская область, Слюдянка, парк Перевал;Культурно-познавательный туризм;Культурно-познавательный;1707;Погибшим в Великой Отечественной войне;Слюдянский;0;1;Монументы OpenTripMap.xlsx;historic,monuments_and_memorials,interesting_places,monuments;1;51,670235;103,687958;0;Point;
Россия, Иркутская область, Слюдянка, улица Тонконога;Культурно-познавательный туризм;Культурно-познавательный;1709;Хилков;Слюдянский;0;1;Монументы OpenTripMap.xlsx;historic,monuments_and_memorials,interesting_places,monuments;1;51,658669;103,72403;0;Point;
Россия, Иркутская область, Слюдянский район, Байкальское муниципальное образование, особая экономическая зона туристско-рекреационного типа Ворота Байкала;Культурно-познавательный туризм;Культурно-познавательный;1726;Нерпа;Слюдянский;0;1;Монументы OpenTripMap.xlsx;historic,monuments_and_memorials,interesting_places,monuments;1;51,528629;104,147736;0;Point;
Россия, Иркутская область, Слюдянский район, Байкальское муниципальное образование, особая экономическая зона туристско-рекреационного типа Ворота Байкала;Культурно-познавательный туризм;Культурно-познавательный;1727;Ухо Байкала;Слюдянский;0;1;Монументы OpenTripMap.xlsx;historic,monuments_and_memorials,interesting_places,monuments;1;51,528717;104,147713;0;Point;
Россия, Иркутская область, Слюдянский район, Маритуйское муниципальное образование;Культурно-познавательный туризм;Культурно-познавательный;1728;Памятник паровозу Еа-3070;Слюдянский;0;1;Монументы OpenTripMap.xlsx;historic,monuments_and_memorials,interesting_places,monuments;1;51,798748;104,35276;0;Point;
Россия, Иркутская область, Слюдянский район, рабочий посёлок Култук;Культурно-познавательный туризм;Культурно-познавательный;1712;Кругобайкальская железная дорога;Слюдянский;0;1;Монументы OpenTripMap.xlsx;historic,monuments_and_memorials,interesting_places,monuments;1;51,729465;103,726463;0;Point;
Россия, Иркутская область, Слюдянский район, рабочий посёлок Култук, Школьная улица;Культурно-познавательный туризм;Культурно-познавательный;1711;Павшим братьям за право и свободу чешско-словацкого народа 14.7.1918-21.2.1920;Слюдянский;0;1;Монументы OpenTripMap.xlsx;historic,monuments_and_memorials,interesting_places,monuments;1;51,726921;103,706596;0;Point;
Россия, Иркутская область, Слюдянский район, река Култучная;Культурно-познавательный туризм;Культурно-познавательный;1710;Киселев Евгений Викторович 12.12.1978-03.08.1990;Слюдянский;0;1;Монументы OpenTripMap.xlsx;historic,monuments_and_memorials,interesting_places,monuments;1;51,722977;103,665977;0;Point;
Россия, Иркутская область, Слюдянское муниципальное образование;Культурно-познавательный туризм;Культурно-познавательный;1706;Раисе Кириллиной;Слюдянский;0;1;Монументы OpenTripMap.xlsx;historic,monuments_and_memorials,interesting_places,monuments;1;51,516342;103,612885;0;Point;
Россия, Иркутская область, Тайшет;Культурно-познавательный туризм;Культурно-познавательный;1843;Пушка;Тайшетский;0;1;Монументы OpenTripMap.xlsx;historic,monuments_and_memorials,interesting_places,monuments;1;55,934647;97,993874;0;Point;
Россия, Иркутская область, Тайшет, Северовокзальная улица;Культурно-познавательный туризм;Культурно-познавательный;1691;Ленину В.И.;Тайшетский;0;1;Монументы OpenTripMap.xlsx;historic,monuments_and_memorials,interesting_places,monuments;1;55,938957;98,001671;0;Point;
Россия, Иркутская область, Тайшет, Северовокзальная улица;Культурно-познавательный туризм;Культурно-познавательный;1695;Паровоз;Тайшетский;0;1;Монументы OpenTripMap.xlsx;historic,monuments_and_memorials,interesting_places,monuments;1;55,938835;98,002861;0;Point;
Россия, Иркутская область, Тайшет, Юбилейная площадь;Культурно-познавательный туризм;Культурно-познавательный;1697;Стэлла;Тайшетский;0;1;Монументы OpenTripMap.xlsx;historic,monuments_and_memorials,interesting_places,monuments;1;55,941826;98,022186;0;Point;
Россия, Иркутская область, Тайшет, Юбилейная площадь;Культурно-познавательный туризм;Культурно-познавательный;1696;Танк Т-34;Тайшетский;0;1;Монументы OpenTripMap.xlsx;historic,monuments_and_memorials,interesting_places,monuments;1;55,941158;98,021545;0;Point;
Россия, Иркутская область, Тайшет, улица Ленина;Культурно-познавательный туризм;Культурно-познавательный;1694;Памятник В.И. Ленину;Тайшетский;0;1;Монументы OpenTripMap.xlsx;historic,monuments_and_memorials,interesting_places,monuments;1;55,936104;97,991783;0;Point;
Россия, Иркутская область, Тайшетский район, Берёзовское муниципальное образование;Культурно-познавательный туризм;Культурно-познавательный;1692;кладбище;Тайшетский;0;1;Монументы OpenTripMap.xlsx;historic,monuments_and_memorials,interesting_places,monuments;1;55,852673;98,028381;0;Point;
Россия, Иркутская область, Тайшетский район, Берёзовское муниципальное образование, село Березовка;Культурно-познавательный туризм;Культурно-познавательный;1693;воинам освободителям 1941-1945;Тайшетский;0;1;Монументы OpenTripMap.xlsx;historic,monuments_and_memorials,interesting_places,monuments;1;55,860653;98,027168;0;Point;
Россия, Иркутская область, Тайшетский район, Шиткинское муниципальное образование, рабочий посёлок Шиткино, улица Кирова;Культурно-познавательный туризм;Культурно-познавательный;1806;Борцам павшим за власть Советов 1919-1930 гг.;Тайшетский;0;1;Монументы OpenTripMap.xlsx;historic,monuments_and_memorials,interesting_places,monuments;1;56,366837;98,358498;0;Point;
Россия, Иркутская область, Тайшетский район, Шиткинское муниципальное образование, рабочий посёлок Шиткино, улица Ленина;Культурно-познавательный туризм;Культурно-познавательный;1805;Шиткинцам от односельчан 1941-1945;Тайшетский;0;1;Монументы OpenTripMap.xlsx;historic,monuments_and_memorials,interesting_places,monuments;1;56,366714;98,357986;0;Point;
Россия, Иркутская область, Тулун, улица Ленина;Культурно-познавательный туризм;Культурно-познавательный;1699;В. И. Ленину;Тулун;0;1;Монументы OpenTripMap.xlsx;historic,monuments_and_memorials,interesting_places,monuments;1;54,562149;100,579338;0;Point;
Россия, Иркутская область, Усольский район, Тельминское муниципальное образование, рабочий посёлок Тельма;Культурно-познавательный туризм;Культурно-познавательный;1895;Памятник воинам-землякам, погибшим в Великой Отечественной войне 1941г.-1945г.;Усольский;0;1;Монументы OpenTripMap.xlsx;historic,monuments_and_memorials,interesting_places,monuments;1;52,697121;103,714584;0;Point;
Россия, Иркутская область, Усольский район, Тельминское муниципальное образование;Культурно-познавательный туризм;Культурно-познавательный;1894;1831 км;Усольский;0;1;Монументы OpenTripMap.xlsx;milestones,historic,monuments_and_memorials,interesting_places;1;52,574188;103,817764;0;Point;
Россия, Иркутская область, Усть-Илимск, квартал Новый Город;Культурно-познавательный туризм;Культурно-познавательный;1816;Ритуальные услуги;Усть-Илимский;0;1;Монументы OpenTripMap.xlsx;historic,monuments_and_memorials,interesting_places,monuments;1;57,942463;102,758804;0;Point;
Россия, Иркутская область, Усть-Илимск, квартал Старый Город;Культурно-познавательный туризм;Культурно-познавательный;1814;Обелиск;Усть-Илимский;0;1;Монументы OpenTripMap.xlsx;historic,monuments_and_memorials,interesting_places,monuments;1;57,994011;102,653709;0;Point;
Россия, Иркутская область, Усть-Илимск, парк Победы;Культурно-познавательный туризм;Культурно-познавательный;1880;Три звезды;Усть-Илимский;0;1;Монументы OpenTripMap.xlsx;historic,monuments_and_memorials,interesting_places,monuments;1;57,953224;102,7286;0;Point;
Россия, Иркутская область, Усть-Илимск, улица Романтиков;Культурно-познавательный туризм;Культурно-познавательный;1815;Комсомолу;Усть-Илимский;0;1;Монументы OpenTripMap.xlsx;historic,monuments_and_memorials,interesting_places,monuments;1;57,993221;102,654358;0;Point;
Россия, Иркутская область, Усть-Илимский район, Седановское муниципальное образование, посёлок Седаново, Солнечная улица;Культурно-познавательный туризм;Культурно-познавательный;1813;Вечная слава героям;Усть-Илимский;0;1;Монументы OpenTripMap.xlsx;historic,monuments_and_memorials,interesting_places,monuments;1;56,983871;101,309631;0;Point;
Россия, Иркутская область, Усть-Кут, микрорайон Лена;Культурно-познавательный туризм;Культурно-познавательный;1818;Memorial to the Homefront in WWII;Усть-Кутский;0;1;Монументы OpenTripMap.xlsx;historic,monuments_and_memorials,interesting_places,monuments;1;56,778564;105,744942;0;Point;
Россия, Иркутская область, Усть-Кут, парк имени Даниила Зверева;Культурно-познавательный туризм;Культурно-познавательный;1819;Памятник звереву;Усть-Кутский;0;1;Монументы OpenTripMap.xlsx;historic,monuments_and_memorials,interesting_places,monuments;1;56,792686;105,781418;0;Point;
Россия, Иркутская область, Усть-Кут, улица Кирова;Культурно-познавательный туризм;Культурно-познавательный;1882;Основателю Усть-Кута Ивану Галкину;Усть-Кутский;0;1;Монументы OpenTripMap.xlsx;historic,monuments_and_memorials,interesting_places,monuments;1;56,781216;105,746162;0;Point;
Россия, Иркутская область, Усть-Кутский район, посёлок Ния;Культурно-познавательный туризм;Культурно-познавательный;1820;стелла;Усть-Кутский;0;1;Монументы OpenTripMap.xlsx;historic,monuments_and_memorials,interesting_places,monuments;1;56,557697;106,805122;0;Point;
Россия, Иркутская область, Черемхово, Привокзальная площадь;Культурно-познавательный туризм;Культурно-познавательный;1722;Паровоз;Черемховский;0;1;Монументы OpenTripMap.xlsx;historic,monuments_and_memorials,interesting_places,monuments;1;53,148041;103,084686;0;Point;
Россия, Иркутская область, рабочий посёлок Чунский, улица Крупской;Культурно-познавательный туризм;Культурно-познавательный;1704;Мемориал МВД;Чунский;0;1;Монументы OpenTripMap.xlsx;historic,monuments_and_memorials,interesting_places,monuments;1;56,084888;99,648239;0;Point;
Россия, Иркутская область, Шелехов;Культурно-познавательный туризм;Культурно-познавательный;1896;Аист;Шелеховский;0;1;Монументы OpenTripMap.xlsx;historic,monuments_and_memorials,interesting_places,monuments;1;52,211769;104,087593;0;Point;
Россия, Иркутская область, Шелехов;Культурно-познавательный туризм;Культурно-познавательный;1734;В.И. Ленин;Шелеховский;0;1;Монументы OpenTripMap.xlsx;historic,monuments_and_memorials,interesting_places,monuments;1;52,210838;104,092758;0;Point;
Россия, Иркутская область, Шелехов;Культурно-познавательный туризм;Культурно-познавательный;1735;Штурвал;Шелеховский;0;1;Монументы OpenTripMap.xlsx;historic,monuments_and_memorials,interesting_places,monuments;1;52,212608;104,086792;0;Point;
Россия, Иркутская область, Шелехов, Городской парк;Культурно-познавательный туризм;Культурно-познавательный;1733;В. Ф. Маргелову;Шелеховский;0;1;Монументы OpenTripMap.xlsx;historic,monuments_and_memorials,interesting_places,monuments;1;52,210987;104,080444;0;Point;
Россия, Иркутская область, Шелехов, Городской парк;Культурно-познавательный туризм;Культурно-познавательный;1689;Памятник Шелихову;Шелеховский;0;1;Монументы OpenTripMap.xlsx;historic,monuments_and_memorials,interesting_places,monuments;1;52,210392;104,085297;0;Point;
Россия, Иркутская область, Шелехов, Городской парк;Культурно-познавательный туризм;Культурно-познавательный;1732;Памятник, войнам погибшим в Великой Отечественной войне;Шелеховский;0;1;Монументы OpenTripMap.xlsx;historic,monuments_and_memorials,interesting_places,monuments;1;52,210983;104,079735;0;Point;
Россия, Иркутская область, Шелехов, площадь Труда;Культурно-познавательный туризм;Культурно-познавательный;1736;Звезда, серп и молот;Шелеховский;0;1;Монументы OpenTripMap.xlsx;historic,monuments_and_memorials,interesting_places,monuments;1;52,207523;104,098763;0;Point;
Россия, Иркутская область, Шелеховский район, Олхинское муниципальное образование, деревня Олха, Майская улица;Культурно-познавательный туризм;Культурно-познавательный;1731;Погибiим в Великой отечественной войне;Шелеховский;0;1;Монументы OpenTripMap.xlsx;historic,monuments_and_memorials,interesting_places,monuments;1;52,161301;104,10952;0;Point;
Россия, Иркутская область, Шелеховский район, посёлок Большой Луг, Сосновый переулок;Культурно-познавательный туризм;Культурно-познавательный;1730;Павшим в Великой Отечественной Войне;Шелеховский;0;1;Монументы OpenTripMap.xlsx;historic,monuments_and_memorials,interesting_places,monuments;1;52,078842;104,086365;0;Point;
Россия, Иркутская область, Эхирит-Булагатский район, посёлок Усть-Ордынский;Культурно-познавательный туризм;Культурно-познавательный;1898;Ордена Усть-Ордынского;Эхирит-Булагатский;0;1;Монументы OpenTripMap.xlsx;historic,monuments_and_memorials,interesting_places,monuments;1;52,778297;104,731308;0;Point;
Россия, Иркутская область, Эхирит-Булагатский район, посёлок Усть-Ордынский;Культурно-познавательный туризм;Культурно-познавательный;1786;Танк;Эхирит-Булагатский;0;1;Монументы OpenTripMap.xlsx;historic,monuments_and_memorials,interesting_places,monuments;1;52,802055;104,756828;0;Point;
Россия, Иркутская область, Эхирит-Булагатский район, посёлок Усть-Ордынский, площадь Ленина;Культурно-познавательный туризм;Культурно-познавательный;1874;Памятник Ленину;Эхирит-Булагатский;0;1;Монументы OpenTripMap.xlsx;historic,monuments_and_memorials,interesting_places,monuments;1;52,805435;104,753777;0;Point;
Россия, Иркутская область, Эхирит-Булагатский район, посёлок Усть-Ордынский, улица Балтахинова;Культурно-познавательный туризм;Культурно-познавательный;1787;Мемориал ВОВ;Эхирит-Булагатский;0;1;Монументы OpenTripMap.xlsx;historic,monuments_and_memorials,interesting_places,monuments;1;52,804337;104,754639;0;Point;
Россия, Иркутская область, Эхирит-Булагатский район, посёлок Усть-Ордынский, улица Каландаришвили;Культурно-познавательный туризм;Культурно-познавательный;1785;Всадник;Эхирит-Булагатский;0;1;Монументы OpenTripMap.xlsx;historic,monuments_and_memorials,interesting_places,monuments;1;52,77261;104,72776;0;Point;
Россия, Иркутский район, Оёкское муниципальное образование;Культурно-познавательный туризм;Культурно-познавательный;1784;Стелла;Эхирит-Булагатский;0;1;Монументы OpenTripMap.xlsx;historic,monuments_and_memorials,interesting_places,monuments;1;52,666012;104,562637;0;Point;
Россия, Иркутская область, Усолье-Сибирское, микрорайон Центральный;Культурно-познавательный туризм;Культурно-познавательный;1723;Вечный огонь;не обнаружено;0;1;Монументы OpenTripMap.xlsx;historic,monuments_and_memorials,interesting_places,monuments;1;52,739445;103,660278;0;Point;
Россия, Иркутская область, Бодайбинский район, Мамаканское муниципальное образование;Природный туризм;Природный;2206;гора Мамакан;Бодайбинский;0;1;Природа OpenTripMap.xlsx;mountain_peaks,geological_formations,natural,interesting_places;1;57,807877;113,993797;0;Point;
Россия, Иркутская область, Бодайбинское муниципальное образование;Природный туризм;Природный;2069;Култушная;Бодайбинский;0;1;Природа OpenTripMap.xlsx;mountain_peaks,geological_formations,natural,interesting_places;1;57,054817;116,658386;0;Point;
Россия, Иркутская область, Бодайбинское муниципальное образование;Природный туризм;Природный;2203;Три Богатыря;Бодайбинский;0;1;Природа OpenTripMap.xlsx;mountain_peaks,geological_formations,natural,interesting_places;1;56,639465;113,68853;0;Point;
Россия, Иркутская область, Бодайбинское муниципальное образование;Природный туризм;Природный;2070;Читинец;Бодайбинский;0;1;Природа OpenTripMap.xlsx;mountain_peaks,geological_formations,natural,interesting_places;1;56,963795;117,566551;0;Point;
Россия, Иркутская область, Бодайбинское муниципальное образование;Природный туризм;Природный;2079;пик Неприступный;Бодайбинский;0;1;Природа OpenTripMap.xlsx;mountain_peaks,geological_formations,natural,interesting_places;1;56,990364;117,254944;0;Point;
Россия, Иркутская область, Бодайбинское муниципальное образование;Природный туризм;Природный;2204;пик Стартовый;Бодайбинский;0;1;Природа OpenTripMap.xlsx;mountain_peaks,geological_formations,natural,interesting_places;1;56,627918;113,978188;0;Point;
Россия, Иркутская область, Бодайбинское муниципальное образование;Природный туризм;Природный;2207;пик Сыгыкта;Бодайбинский;0;1;Природа OpenTripMap.xlsx;mountain_peaks,geological_formations,natural,interesting_places;1;56,904831;117,543709;0;Point;
Россия, Иркутская область, Бодайбинский район, Жуинское муниципальное образование, Патомский кратер;Природный туризм;Природный;1921;Патомский кратер;Бодайбинский;0;1;Природа OpenTripMap.xlsx;mountain_peaks,geological_formations,natural,interesting_places,volcanoes;1;59,284859;116,589272;0;Point;
Россия, Иркутская область, Бодайбинский район, Жуинское муниципальное образование;Природный туризм;Природный;2241;Маломурунский массив;Бодайбинский;0;1;Природа OpenTripMap.xlsx;mountain_peaks,interesting_places,natural,geological_formations;1;58,380001;119,062225;0;Point;
Россия, Иркутская область, Бодайбинский район, Жуинское муниципальное образование;Природный туризм;Природный;1915;Патомский кратер;Бодайбинский;0;1;Природа OpenTripMap.xlsx;mountain_peaks,natural_monuments,geological_formations,natural,interesting_places,nature_reserves,volcanoes;1;59,283516;116,59034;0;Point;
Россия, Иркутская область, Бодайбинское муниципальное образование, ледник Советских Географов;Природный туризм;Природный;2240;ледн.Советских Географов;Бодайбинский;0;1;Природа OpenTripMap.xlsx;natural,interesting_places,glaciers;1;56,876427;117,554596;0;Point;
Россия, Иркутская область, Бодайбинское муниципальное образование;Природный туризм;Природный;1910;Витимский заповедник;Бодайбинский;0;1;Природа OpenTripMap.xlsx;natural,interesting_places,nature_reserves,other_nature_conservation_areas;1;57,203121;117,029839;0;Point;
Россия, Иркутская область, межселенные территории Жигаловского муниципального района;Природный туризм;Природный;2212;Botovskaja cave;Жигаловский;0;1;Природа OpenTripMap.xlsx;geological_formations,natural,interesting_places,caves;1;55,268414;105,418678;0;Point;
Россия, Иркутская область, Зиминский район, Масляногорское муниципальное образование;Природный туризм;Природный;2084;1079.3;Зиминский;0;1;Природа OpenTripMap.xlsx;mountain_peaks,geological_formations,natural,interesting_places;1;53,366207;101,059929;0;Point;
Россия, Иркутская область, Зиминский район, Масляногорское муниципальное образование;Природный туризм;Природный;2083;1157.5;Зиминский;0;1;Природа OpenTripMap.xlsx;mountain_peaks,geological_formations,natural,interesting_places;1;53,37981;101,020432;0;Point;
Россия, Иркутская область, Зиминский район, Масляногорское муниципальное образование;Природный туризм;Природный;2085;1252.3;Зиминский;0;1;Природа OpenTripMap.xlsx;mountain_peaks,geological_formations,natural,interesting_places;1;53,385132;101,049782;0;Point;
Россия, Иркутская область, Зиминский район, Масляногорское муниципальное образование;Природный туризм;Природный;2081;1326.8;Зиминский;0;1;Природа OpenTripMap.xlsx;mountain_peaks,geological_formations,natural,interesting_places;1;53,347713;101,005554;0;Point;
Россия, Иркутская область, Зиминский район, Масляногорское муниципальное образование;Природный туризм;Природный;2082;Зиминский Харикен;Зиминский;0;1;Природа OpenTripMap.xlsx;mountain_peaks,geological_formations,natural,interesting_places;1;53,401203;100,954567;0;Point;
Россия, Иркутская область, Зиминский район, Масляногорское муниципальное образование;Природный туризм;Природный;2127;Карган-Ула;Зиминский;0;1;Природа OpenTripMap.xlsx;mountain_peaks,geological_formations,natural,interesting_places;1;53,469784;100,866379;0;Point;
Россия, Иркутская область, Зиминский район, Масляногорское муниципальное образование;Природный туризм;Природный;2086;г.Медвежья;Зиминский;0;1;Природа OpenTripMap.xlsx;mountain_peaks,geological_formations,natural,interesting_places;1;53,388599;101,067436;0;Point;
Россия, Иркутская область, Зиминский район, Покровское муниципальное образование;Природный туризм;Природный;2068;метеоритное озеро;Зиминский;0;1;Природа OpenTripMap.xlsx;rock_formations,geological_formations,natural,interesting_places;1;53,804665;102,080795;0;Point;
Россия, Иркутск, Свердловский округ;Природный туризм;Природный;2234;River Club Крылья;Иркутск;0;1;Природа OpenTripMap.xlsx;natural,interesting_places,beaches,other_beaches;1;52,250828;104,279594;0;Point;
Россия, Иркутск, Свердловский округ;Природный туризм;Природный;2218;Якоби;Иркутск;0;1;Природа OpenTripMap.xlsx;natural,interesting_places,beaches,other_beaches;1;52,228725;104,317635;0;Point;
Россия, Иркутск, Свердловский округ;Природный туризм;Природный;2220;пляж Ерши;Иркутск;0;1;Природа OpenTripMap.xlsx;natural,interesting_places,beaches,other_beaches;1;52,209293;104,348969;0;Point;
Россия, Иркутск, Свердловский округ;Природный туризм;Природный;2219;пляж Якоби;Иркутск;0;1;Природа OpenTripMap.xlsx;natural,interesting_places,beaches,other_beaches;1;52,227135;104,320587;0;Point;
Россия, Иркутск, Свердловский округ;Природный туризм;Природный;2072;пляж Якоби;Иркутск;0;1;Природа OpenTripMap.xlsx;natural,interesting_places,beaches,other_beaches;1;52,230003;104,31662;0;Point;
Россия, Иркутск, микрорайон Солнечный;Природный туризм;Природный;2221;пляж в солнечном;Иркутск;0;1;Природа OpenTripMap.xlsx;natural,interesting_places,beaches,other_beaches;1;52,251984;104,348122;0;Point;
Россия, Иркутск, остров Юность;Природный туризм;Природный;1904;пляж на острове Юность;Иркутск;0;1;Природа OpenTripMap.xlsx;natural,interesting_places,beaches,other_beaches;1;52,27174;104,278244;0;Point;
Россия, Иркутский район, Голоустненское муниципальное образование;Природный туризм;Природный;2210;Охотничья;Иркутский;0;1;Природа OpenTripMap.xlsx;geological_formations,natural,interesting_places,caves;1;52,138821;105,463425;0;Point;
Россия, Иркутский район, Голоустненское муниципальное образование, река Голоустная;Природный туризм;Природный;2211;Охотничья;Иркутский;0;1;Природа OpenTripMap.xlsx;geological_formations,natural,interesting_places,caves;1;52,43145;105,448975;0;Point;
Россия, Иркутский район, Листвянское муниципальное образование;Природный туризм;Природный;2189;Кадильная;Иркутский;0;1;Природа OpenTripMap.xlsx;mountain_peaks,geological_formations,natural,interesting_places;1;51,941433;105,225464;0;Point;
Россия, Иркутский район, Листвянское муниципальное образование;Природный туризм;Природный;2190;Сапун;Иркутский;0;1;Природа OpenTripMap.xlsx;mountain_peaks,geological_formations,natural,interesting_places;1;51,961983;105,137573;0;Point;
Россия, Иркутский район, Марковское муниципальное образование;Природный туризм;Природный;2187;г. Камни Шинихтинские;Иркутский;0;1;Природа OpenTripMap.xlsx;mountain_peaks,geological_formations,natural,interesting_places;1;51,96648;104,24794;0;Point;
Россия, Иркутский район, Марковское муниципальное образование;Природный туризм;Природный;2175;г. Камни-Шахтанские;Иркутский;0;1;Природа OpenTripMap.xlsx;mountain_peaks,geological_formations,natural,interesting_places;1;51,93269;104,168556;0;Point;
Россия, Иркутский район, Голоустненское муниципальное образование;Природный туризм;Природный;2065;Бухта Бабушка;Иркутский;0;1;Природа OpenTripMap.xlsx;natural,interesting_places,beaches,other_beaches;1;52,266407;105,7118;0;Point;
Россия, Иркутский район, Максимовское муниципальное образование;Природный туризм;Природный;2217;"""Кавказ""";Иркутский;0;1;Природа OpenTripMap.xlsx;natural,interesting_places,beaches,other_beaches;1;52,258377;104,092796;0;Point;
Россия, Иркутский район, Листвянское муниципальное образование, рабочий посёлок Листвянка, Дендропарк Байкальского музея;Природный туризм;Природный;2223;Дендрарий;Иркутский;0;1;Природа OpenTripMap.xlsx;natural,interesting_places,nature_reserves,other_nature_conservation_areas;1;51,867992;104,834908;0;Point;
Россия, Иркутский район, Листвянское муниципальное образование, рабочий посёлок Листвянка, территория Горнолыжный комплекс Истлэнд;Природный туризм;Природный;1922;Камень Черского;Иркутский;0;1;Природа OpenTripMap.xlsx;view_points,other,mountain_peaks,geological_formations,natural,interesting_places;1;51,877453;104,837234;0;Point;
Россия, Иркутская область, межселенные территории Казачинско-Ленского муниципального района;Природный туризм;Природный;2201;Зилинья;Казачинско-Ленский;0;1;Природа OpenTripMap.xlsx;mountain_peaks,geological_formations,natural,interesting_places;1;55,488712;108,638222;0;Point;
Россия, Иркутская область, межселенные территории Казачинско-Ленского муниципального района;Природный туризм;Природный;2198;Маркин;Казачинско-Ленский;0;1;Природа OpenTripMap.xlsx;mountain_peaks,geological_formations,natural,interesting_places;1;55,341396;108,572449;0;Point;
Россия, Иркутская область, межселенные территории Казачинско-Ленского муниципального района;Природный туризм;Природный;2200;Орночекан;Казачинско-Ленский;0;1;Природа OpenTripMap.xlsx;mountain_peaks,geological_formations,natural,interesting_places;1;55,359371;108,671219;0;Point;
Россия, Иркутская область, межселенные территории Казачинско-Ленского муниципального района;Природный туризм;Природный;2199;Перевальный;Казачинско-Ленский;0;1;Природа OpenTripMap.xlsx;mountain_peaks,geological_formations,natural,interesting_places;1;55,410904;108,575882;0;Point;
Россия, Иркутская область, межселенные территории Казачинско-Ленского муниципального района;Природный туризм;Природный;1920;гора Черского;Казачинско-Ленский;0;1;Природа OpenTripMap.xlsx;mountain_peaks,geological_formations,natural,interesting_places;1;55,059937;108,685104;0;Point;
Россия, Иркутская область, Качугский район, Большетарельское муниципальное образование;Природный туризм;Природный;1925;Трёхголовый Голец;Качугский;0;1;Природа OpenTripMap.xlsx;mountain_peaks,interesting_places,natural,geological_formations;1;53,354721;107,088608;0;Point;
Россия, Иркутская область, Качугский район, Залогское муниципальное образование;Природный туризм;Природный;1908;Байкало-Ленский заповедник;Качугский;0;1;Природа OpenTripMap.xlsx;natural,interesting_places,nature_reserves,other_nature_conservation_areas;1;54,279781;107,89389;0;Point;
Россия, Иркутская область, межселенные территории Киренского муниципального района;Природный туризм;Природный;1924;Ленские щёки;Киренский;0;1;Природа OpenTripMap.xlsx;canyons,interesting_places,natural,geological_formations;1;58,710556;110,895836;0;Point;
Россия, Иркутская область, Куйтунский район, Лермонтовское муниципальное образование;Природный туризм;Природный;2075;Золумайский бобровый заказник;Куйтунский;0;1;Природа OpenTripMap.xlsx;natural,interesting_places,nature_reserves,other_nature_conservation_areas;1;53,751705;100,838875;0;Point;
Россия, Иркутская область, Тулунский район, Кирейское муниципальное образование;Природный туризм;Природный;2073;Кирейски кордон;Куйтунский;0;1;Природа OpenTripMap.xlsx;natural,interesting_places,nature_reserves,other_nature_conservation_areas;1;53,784954;100,620094;0;Point;
Россия, Иркутская область, Железногорск-Илимский;Природный туризм;Природный;2077;Мемориал;Нижнеилимский;0;1;Природа OpenTripMap.xlsx;historic,monuments_and_memorials,interesting_places,natural,nature_reserves,other_nature_conservation_areas,monuments;1;56,58519;104,117851;0;Point;
Россия, Иркутская область, Нижнеилимский район, Шестаковское муниципальное образование;Природный туризм;Природный;2238;Петух;Нижнеилимский;0;1;Природа OpenTripMap.xlsx;mountain_peaks,geological_formations,natural,interesting_places;1;56,503944;103,955513;0;Point;
Россия, Иркутская область, Нижнеудинский район, Верхнегутарское муниципальное образование;Природный туризм;Природный;1923;Тофаларский заказник;Нижнеудинский;0;1;Природа OpenTripMap.xlsx;interesting_places,natural,nature_reserves,other_nature_conservation_areas;1;54,306999;95,990501;0;Point;
Россия, Иркутская область, Нижнеудинский район, Верхнегутарское муниципальное образование;Природный туризм;Природный;2099;Агульская Пила;Нижнеудинский;0;1;Природа OpenTripMap.xlsx;mountain_peaks,geological_formations,natural,interesting_places;1;54,001446;96,39064;0;Point;
Россия, Иркутская область, Нижнеудинский район, Верхнегутарское муниципальное образование;Природный туризм;Природный;2110;Ак-Даг;Нижнеудинский;0;1;Природа OpenTripMap.xlsx;mountain_peaks,geological_formations,natural,interesting_places;1;54,174427;96,292816;0;Point;
Россия, Иркутская область, Нижнеудинский район, Верхнегутарское муниципальное образование;Природный туризм;Природный;2106;Ары-Даг;Нижнеудинский;0;1;Природа OpenTripMap.xlsx;mountain_peaks,geological_formations,natural,interesting_places;1;53,926094;96,989441;0;Point;
Россия, Иркутская область, Нижнеудинский район, Верхнегутарское муниципальное образование;Природный туризм;Природный;2102;Большая;Нижнеудинский;0;1;Природа OpenTripMap.xlsx;mountain_peaks,geological_formations,natural,interesting_places;1;54,131329;96,595222;0;Point;
Россия, Иркутская область, Нижнеудинский район, Верхнегутарское муниципальное образование;Природный туризм;Природный;2112;Большая Речка;Нижнеудинский;0;1;Природа OpenTripMap.xlsx;mountain_peaks,geological_formations,natural,interesting_places;1;54,392769;96,108528;0;Point;
Россия, Иркутская область, Нижнеудинский район, Верхнегутарское муниципальное образование;Природный туризм;Природный;2091;Геологов;Нижнеудинский;0;1;Природа OpenTripMap.xlsx;mountain_peaks,geological_formations,natural,interesting_places;1;54,083565;96,274788;0;Point;
Россия, Иркутская область, Нижнеудинский район, Верхнегутарское муниципальное образование;Природный туризм;Природный;2059;Гутарский Голец;Нижнеудинский;0;1;Природа OpenTripMap.xlsx;mountain_peaks,geological_formations,natural,interesting_places;1;54,108215;96,851326;0;Point;
Россия, Иркутская область, Нижнеудинский район, Верхнегутарское муниципальное образование;Природный туризм;Природный;2114;Додинский голец;Нижнеудинский;0;1;Природа OpenTripMap.xlsx;mountain_peaks,geological_formations,natural,interesting_places;1;54,302307;96,420395;0;Point;
Россия, Иркутская область, Нижнеудинский район, Верхнегутарское муниципальное образование;Природный туризм;Природный;2088;Зуб;Нижнеудинский;0;1;Природа OpenTripMap.xlsx;mountain_peaks,geological_formations,natural,interesting_places;1;54,088848;95,99118;0;Point;
Россия, Иркутская область, Нижнеудинский район, Верхнегутарское муниципальное образование;Природный туризм;Природный;2119;Каменный Белок;Нижнеудинский;0;1;Природа OpenTripMap.xlsx;mountain_peaks,geological_formations,natural,interesting_places;1;54,330978;96,838928;0;Point;
Россия, Иркутская область, Нижнеудинский район, Верхнегутарское муниципальное образование;Природный туризм;Природный;2101;Корона;Нижнеудинский;0;1;Природа OpenTripMap.xlsx;mountain_peaks,geological_formations,natural,interesting_places;1;54,064053;96,460136;0;Point;
Россия, Иркутская область, Нижнеудинский район, Верхнегутарское муниципальное образование;Природный туризм;Природный;2107;Кыш-Даг;Нижнеудинский;0;1;Природа OpenTripMap.xlsx;mountain_peaks,geological_formations,natural,interesting_places;1;54,038803;96,700066;0;Point;
Россия, Иркутская область, Нижнеудинский район, Верхнегутарское муниципальное образование;Природный туризм;Природный;2100;Ледниковая;Нижнеудинский;0;1;Природа OpenTripMap.xlsx;mountain_peaks,geological_formations,natural,interesting_places;1;54,058292;96,38575;0;Point;
Россия, Иркутская область, Нижнеудинский район, Верхнегутарское муниципальное образование;Природный туризм;Природный;2122;Маяк;Нижнеудинский;0;1;Природа OpenTripMap.xlsx;mountain_peaks,geological_formations,natural,interesting_places;1;53,936497;97,073784;0;Point;
Россия, Иркутская область, Нижнеудинский район, Верхнегутарское муниципальное образование;Природный туризм;Природный;2109;Мысовая;Нижнеудинский;0;1;Природа OpenTripMap.xlsx;mountain_peaks,geological_formations,natural,interesting_places;1;54,167889;96,298508;0;Point;
Россия, Иркутская область, Нижнеудинский район, Верхнегутарское муниципальное образование;Природный туризм;Природный;2115;Одинокмй Белок;Нижнеудинский;0;1;Природа OpenTripMap.xlsx;mountain_peaks,geological_formations,natural,interesting_places;1;54,297146;96,594315;0;Point;
Россия, Иркутская область, Нижнеудинский район, Верхнегутарское муниципальное образование;Природный туризм;Природный;2111;Останцовая;Нижнеудинский;0;1;Природа OpenTripMap.xlsx;mountain_peaks,geological_formations,natural,interesting_places;1;54,295216;96,152428;0;Point;
Россия, Иркутская область, Нижнеудинский район, Верхнегутарское муниципальное образование;Природный туризм;Природный;2123;Перевальная;Нижнеудинский;0;1;Природа OpenTripMap.xlsx;mountain_peaks,geological_formations,natural,interesting_places;1;53,842079;97,350151;0;Point;
Россия, Иркутская область, Нижнеудинский район, Верхнегутарское муниципальное образование;Природный туризм;Природный;2108;Пирамида;Нижнеудинский;0;1;Природа OpenTripMap.xlsx;mountain_peaks,geological_formations,natural,interesting_places;1;54,284927;95,662727;0;Point;
Россия, Иркутская область, Нижнеудинский район, Верхнегутарское муниципальное образование;Природный туризм;Природный;2097;Плохая;Нижнеудинский;0;1;Природа OpenTripMap.xlsx;mountain_peaks,geological_formations,natural,interesting_places;1;53,956085;96,375687;0;Point;
Россия, Иркутская область, Нижнеудинский район, Верхнегутарское муниципальное образование;Природный туризм;Природный;2117;Пыхтун;Нижнеудинский;0;1;Природа OpenTripMap.xlsx;mountain_peaks,geological_formations,natural,interesting_places;1;54,279419;96,694275;0;Point;
Россия, Иркутская область, Нижнеудинский район, Верхнегутарское муниципальное образование;Природный туризм;Природный;2092;Рассыпная;Нижнеудинский;0;1;Природа OpenTripMap.xlsx;mountain_peaks,geological_formations,natural,interesting_places;1;53,673599;96,525223;0;Point;
Россия, Иркутская область, Нижнеудинский район, Верхнегутарское муниципальное образование;Природный туризм;Природный;2118;Сапун;Нижнеудинский;0;1;Природа OpenTripMap.xlsx;mountain_peaks,geological_formations,natural,interesting_places;1;54,237709;96,847519;0;Point;
Россия, Иркутская область, Нижнеудинский район, Верхнегутарское муниципальное образование;Природный туризм;Природный;2098;Сокол;Нижнеудинский;0;1;Природа OpenTripMap.xlsx;mountain_peaks,geological_formations,natural,interesting_places;1;53,823696;96,517189;0;Point;
Россия, Иркутская область, Нижнеудинский район, Верхнегутарское муниципальное образование;Природный туризм;Природный;2113;Сосновка;Нижнеудинский;0;1;Природа OpenTripMap.xlsx;mountain_peaks,geological_formations,natural,interesting_places;1;54,347668;96,303467;0;Point;
Россия, Иркутская область, Нижнеудинский район, Верхнегутарское муниципальное образование;Природный туризм;Природный;2116;Устье Инжигей;Нижнеудинский;0;1;Природа OpenTripMap.xlsx;mountain_peaks,geological_formations,natural,interesting_places;1;54,353256;96,658791;0;Point;
Россия, Иркутская область, Нижнеудинский район, Верхнегутарское муниципальное образование;Природный туризм;Природный;2105;Хмурая;Нижнеудинский;0;1;Природа OpenTripMap.xlsx;mountain_peaks,geological_formations,natural,interesting_places;1;53,884243;96,693909;0;Point;
Россия, Иркутская область, Нижнеудинский район, Верхнегутарское муниципальное образование;Природный туризм;Природный;2089;пик Кусургашева;Нижнеудинский;0;1;Природа OpenTripMap.xlsx;mountain_peaks,geological_formations,natural,interesting_places;1;54,081657;96,072891;0;Point;
Россия, Иркутская область, Нижнеудинский район, Верхнегутарское муниципальное образование;Природный туризм;Природный;2090;пик Фестивальный;Нижнеудинский;0;1;Природа OpenTripMap.xlsx;mountain_peaks,geological_formations,natural,interesting_places;1;54,079929;96,078377;0;Point;
Россия, Иркутская область, Нижнеудинский район, Катарбейское муниципальное образование;Природный туризм;Природный;2225;Маяк;Нижнеудинский;0;1;Природа OpenTripMap.xlsx;mountain_peaks,geological_formations,natural,interesting_places;1;54,358982;99,862106;0;Point;
Россия, Иркутская область, Нижнеудинский район, Нерхинское муниципальное образование;Природный туризм;Природный;2125;Улуг-Тайга;Нижнеудинский;0;1;Природа OpenTripMap.xlsx;mountain_peaks,geological_formations,natural,interesting_places;1;54,070545;97,956215;0;Point;
Россия, Иркутская область, Нижнеудинский район, Порогское муниципальное образование;Природный туризм;Природный;2128;Богатырь;Нижнеудинский;0;1;Природа OpenTripMap.xlsx;mountain_peaks,geological_formations,natural,interesting_places;1;54,494293;99,206551;0;Point;
Россия, Иркутская область, Нижнеудинский район, Тофаларское муниципальное образование;Природный туризм;Природный;2103;Приозерная;Нижнеудинский;0;1;Природа OpenTripMap.xlsx;mountain_peaks,geological_formations,natural,interesting_places;1;53,813351;96,792397;0;Point;
Россия, Иркутская область, Нижнеудинский район, Тофаларское муниципальное образование;Природный туризм;Природный;2094;Триангуляторов;Нижнеудинский;0;1;Природа OpenTripMap.xlsx;mountain_peaks,geological_formations,natural,interesting_places;1;53,76833;96,859459;0;Point;
Россия, Иркутская область, Нижнеудинский район, Тофаларское муниципальное образование;Природный туризм;Природный;2120;Чело-Монго;Нижнеудинский;0;1;Природа OpenTripMap.xlsx;mountain_peaks,geological_formations,natural,interesting_places;1;53,680779;97,107803;0;Point;
Россия, Иркутская область, Нижнеудинский район, Тофаларское муниципальное образование;Природный туризм;Природный;2124;Шайтан;Нижнеудинский;0;1;Природа OpenTripMap.xlsx;mountain_peaks,geological_formations,natural,interesting_places;1;53,581005;98,113991;0;Point;
Россия, Иркутская область, Нижнеудинский район, Тофаларское муниципальное образование;Природный туризм;Природный;2104;голец Лютый;Нижнеудинский;0;1;Природа OpenTripMap.xlsx;mountain_peaks,geological_formations,natural,interesting_places;1;53,849178;96,823883;0;Point;
Россия, Иркутская область, Нижнеудинский район, Тофаларское муниципальное образование;Природный туризм;Природный;2095;пик Поднебесный;Нижнеудинский;0;1;Природа OpenTripMap.xlsx;mountain_peaks,geological_formations,natural,interesting_places;1;53,747902;96,952133;0;Point;
Россия, Иркутская область, Нижнеудинский район, Тофаларское муниципальное образование;Природный туризм;Природный;2096;пик Скалистый;Нижнеудинский;0;1;Природа OpenTripMap.xlsx;mountain_peaks,geological_formations,natural,interesting_places;1;53,752117;96,962143;0;Point;
Россия, Иркутская область, Нижнеудинский район, Тофаларское муниципальное образование;Природный туризм;Природный;2121;пик Тофалария;Нижнеудинский;0;1;Природа OpenTripMap.xlsx;mountain_peaks,geological_formations,natural,interesting_places;1;53,640839;97,236191;0;Point;
Россия, Иркутская область, Нижнеудинский район, Тофаларское муниципальное образование, хребет Хан-Бургут;Природный туризм;Природный;2126;Алхадыр;Нижнеудинский;0;1;Природа OpenTripMap.xlsx;mountain_peaks,geological_formations,natural,interesting_places;1;53,557671;99,104149;0;Point;
Россия, Иркутская область, Нижнеудинское муниципальное образование;Природный туризм;Природный;2129;Вознесенка;Нижнеудинский;0;1;Природа OpenTripMap.xlsx;mountain_peaks,geological_formations,natural,interesting_places;1;54,910633;99,078896;0;Point;
Россия, Республика Тыва, Тоджинский кожуун;Природный туризм;Природный;2093;Трапеция;Нижнеудинский;0;1;Природа OpenTripMap.xlsx;mountain_peaks,geological_formations,natural,interesting_places;1;53,712784;96,913414;0;Point;
Россия, Иркутская область, Нижнеудинский район, Верхнегутарское муниципальное образование, ледник Кусургашева;Природный туризм;Природный;2239;Кусургашева;Нижнеудинский;0;1;Природа OpenTripMap.xlsx;natural,interesting_places,glaciers;1;54,083893;96,077751;0;Point;
Россия, Иркутская область, Нижнеудинский район, Верхнегутарское муниципальное образование;Природный туризм;Природный;2057;Тофаларский заказник;Нижнеудинский;0;1;Природа OpenTripMap.xlsx;natural,interesting_places,nature_reserves,other_nature_conservation_areas;1;54,327534;95,956718;0;Point;
Россия, Иркутская область, Нижнеудинский район, Уковское муниципальное образование, река Большой Ук;Природный туризм;Природный;2055;Уковский водопад;Нижнеудинский;0;1;Природа OpenTripMap.xlsx;rock_formations,natural_monuments,water,natural,interesting_places,waterfalls,geological_formations,nature_reserves;1;55,019573;98,973495;0;Point;
Россия, Иркутская область, Нижнеудинский район, Верхнегутарское муниципальное образование, река Гутара;Природный туризм;Природный;2060;гутарский водопад ( тропа через чёрное озеро);Нижнеудинский;0;1;Природа OpenTripMap.xlsx;water,natural,interesting_places,waterfalls;1;54,16164;96,765533;0;Point;
Россия, Иркутская область, Нижнеудинский район, Верхнегутарское муниципальное образование, река Сухой Иден;Природный туризм;Природный;2058;водопад Сухой Иден;Нижнеудинский;0;1;Природа OpenTripMap.xlsx;water,natural,interesting_places,waterfalls;1;54,099068;96,781174;0;Point;
Россия, Иркутская область, Ольхонский район, Еланцынское муниципальное образование;Природный туризм;Природный;2236;Бухта Ая;Ольхонский;0;1;Природа OpenTripMap.xlsx;accomodations,natural,interesting_places,beaches,other_hotels,other_beaches;1;52,787125;106,601387;0;Point;
Россия, Иркутская область, Ольхонский район, Хужирское муниципальное образование, озеро Шара-Нур;Природный туризм;Природный;1926;Шара-Нур;Ольхонский;0;1;Природа OpenTripMap.xlsx;interesting_places,natural,nature_reserves,other_nature_conservation_areas;1;53,104626;107,25502;0;Point;
Россия, Иркутская область, Ольхонский район, Бугульдейское муниципальное образование;Природный туризм;Природный;2192;Заслонка;Ольхонский;0;1;Природа OpenTripMap.xlsx;mountain_peaks,geological_formations,natural,interesting_places;1;52,600052;105,754219;0;Point;
Россия, Иркутская область, Ольхонский район, Бугульдейское муниципальное образование;Природный туризм;Природный;2193;Мишкина гора;Ольхонский;0;1;Природа OpenTripMap.xlsx;mountain_peaks,geological_formations,natural,interesting_places;1;52,542664;106,046875;0;Point;
Россия, Иркутская область, Ольхонский район, Еланцынское муниципальное образование;Природный туризм;Природный;2067;Берхе-Цаган;Ольхонский;0;1;Природа OpenTripMap.xlsx;mountain_peaks,geological_formations,natural,interesting_places;1;52,748528;106,566521;0;Point;
Россия, Иркутская область, Ольхонский район, Еланцынское муниципальное образование;Природный туризм;Природный;2066;Малая Тондора;Ольхонский;0;1;Природа OpenTripMap.xlsx;mountain_peaks,geological_formations,natural,interesting_places;1;52,7155;106,517426;0;Point;
Россия, Иркутская область, Ольхонский район, Еланцынское муниципальное образование;Природный туризм;Природный;2235;Тондора;Ольхонский;0;1;Природа OpenTripMap.xlsx;mountain_peaks,geological_formations,natural,interesting_places;1;52,781673;106,610909;0;Point;
Россия, Иркутская область, Ольхонский район, Еланцынское муниципальное образование;Природный туризм;Природный;2194;Шебета;Ольхонский;0;1;Природа OpenTripMap.xlsx;mountain_peaks,geological_formations,natural,interesting_places;1;52,772968;106,569954;0;Point;
Россия, Иркутская область, Ольхонский район, Онгурёнское муниципальное образование;Природный туризм;Природный;2237;Елбырь;Ольхонский;0;1;Природа OpenTripMap.xlsx;mountain_peaks,geological_formations,natural,interesting_places;1;54,228916;108,324638;0;Point;
Россия, Иркутская область, Ольхонский район, Онгурёнское муниципальное образование;Природный туризм;Природный;2196;Зундук;Ольхонский;0;1;Природа OpenTripMap.xlsx;mountain_peaks,geological_formations,natural,interesting_places;1;53,413166;107,447021;0;Point;
Россия, Иркутская область, Ольхонский район, Хужирское муниципальное образование, остров Ольхон;Природный туризм;Природный;2197;Раба;Ольхонский;0;1;Природа OpenTripMap.xlsx;mountain_peaks,geological_formations,natural,interesting_places;1;53,31324;107,738113;0;Point;
Россия, Иркутская область, Ольхонский район, Шара-Тоготское муниципальное образование;Природный туризм;Природный;2195;Сарминский голец;Ольхонский;0;1;Природа OpenTripMap.xlsx;mountain_peaks,geological_formations,natural,interesting_places;1;53,117161;106,694923;0;Point;
Россия, Иркутская область, Ольхонский район, Хужирское муниципальное образование, озеро Ханхой;Природный туризм;Природный;1911;озеро Ханхой;Ольхонский;0;1;Природа OpenTripMap.xlsx;natural,interesting_places,nature_reserves,other_nature_conservation_areas;1;53,152294;107,16803;0;Point;
Россия, озеро Байкал;Природный туризм;Природный;1903;озеро Байкал;Ольхонский;0;1;Природа OpenTripMap.xlsx;water,natural,interesting_places,other_lakes;1;53,672119;108,201027;0;Point;
Россия, Иркутская область, Слюдянский район, Быстринское муниципальное образование;Природный туризм;Природный;2224;Иркутный заказник;Слюдянский;0;1;Природа OpenTripMap.xlsx;interesting_places,natural,nature_reserves,nature_reserves_others;1;51,876469;103,308929;0;Point;
Россия, Иркутская область, Слюдянский район, Байкальское муниципальное образование;Природный туризм;Природный;2147;Бабха;Слюдянский;0;1;Природа OpenTripMap.xlsx;mountain_peaks,geological_formations,natural,interesting_places;1;51,44445;103,987427;0;Point;
Россия, Иркутская область, Слюдянский район, Байкальское муниципальное образование;Природный туризм;Природный;2130;Голец Ягельный (2204);Слюдянский;0;1;Природа OpenTripMap.xlsx;mountain_peaks,geological_formations,natural,interesting_places;1;51,151592;103,846161;0;Point;
Россия, Иркутская область, Слюдянский район, Байкальское муниципальное образование;Природный туризм;Природный;2168;Осиновский голец;Слюдянский;0;1;Природа OpenTripMap.xlsx;mountain_peaks,geological_formations,natural,interesting_places;1;51,414055;104,161057;0;Point;
Россия, Иркутская область, Слюдянский район, Байкальское муниципальное образование;Природный туризм;Природный;2148;пик Порожистый;Слюдянский;0;1;Природа OpenTripMap.xlsx;mountain_peaks,geological_formations,natural,interesting_places;1;51,433968;104,037682;0;Point;
Россия, Иркутская область, Слюдянский район, Байкальское муниципальное образование, особая экономическая зона туристско-рекреационного типа Ворота Байкала;Природный туризм;Природный;2169;Соболиная;Слюдянский;0;1;Природа OpenTripMap.xlsx;mountain_peaks,geological_formations,natural,interesting_places;1;51,490322;104,105576;0;Point;
Россия, Иркутская область, Слюдянский район, Быстринское муниципальное образование;Природный туризм;Природный;2154;Малая Быстрая;Слюдянский;0;1;Природа OpenTripMap.xlsx;mountain_peaks,geological_formations,natural,interesting_places;1;51,691769;103,412422;0;Point;
Россия, Иркутская область, Слюдянский район, Култукское муниципальное образование;Природный туризм;Природный;2157;Ангасольский Камень;Слюдянский;0;1;Природа OpenTripMap.xlsx;mountain_peaks,geological_formations,natural,interesting_places;1;51,79789;103,851173;0;Point;
Россия, Иркутская область, Слюдянский район, Култукское муниципальное образование;Природный туризм;Природный;2156;Камень Мойготы;Слюдянский;0;1;Природа OpenTripMap.xlsx;mountain_peaks,geological_formations,natural,interesting_places;1;51,811199;103,592377;0;Point;
Россия, Иркутская область, Слюдянский район, Култукское муниципальное образование;Природный туризм;Природный;2155;Култучная гора;Слюдянский;0;1;Природа OpenTripMap.xlsx;mountain_peaks,geological_formations,natural,interesting_places;1;51,763275;103,70443;0;Point;
Россия, Иркутская область, Слюдянский район, Новоснежнинское муниципальное образование;Природный туризм;Природный;2172;Шапка Мономаха;Слюдянский;0;1;Природа OpenTripMap.xlsx;mountain_peaks,geological_formations,natural,interesting_places;1;51,386425;104,645927;0;Point;
Россия, Иркутская область, Слюдянский район, Новоснежнинское муниципальное образование;Природный туризм;Природный;2170;г.Валунная;Слюдянский;0;1;Природа OpenTripMap.xlsx;mountain_peaks,geological_formations,natural,interesting_places;1;51,341152;104,569038;0;Point;
Россия, Иркутская область, Слюдянский район, Новоснежнинское муниципальное образование;Природный туризм;Природный;2171;пик Тальцинский;Слюдянский;0;1;Природа OpenTripMap.xlsx;mountain_peaks,geological_formations,natural,interesting_places;1;51,350487;104,589569;0;Point;
Россия, Иркутская область, Слюдянский район, Портбайкальское муниципальное образование;Природный туризм;Природный;2188;г. Пыхтун;Слюдянский;0;1;Природа OpenTripMap.xlsx;mountain_peaks,geological_formations,natural,interesting_places;1;51,885887;104,767937;0;Point;
Россия, Иркутская область, Слюдянский район, Утуликское муниципальное образование;Природный туризм;Природный;2150;Весёлая гора;Слюдянский;0;1;Природа OpenTripMap.xlsx;mountain_peaks,geological_formations,natural,interesting_places;1;51,599648;103,869102;0;Point;
Россия, Иркутская область, Слюдянский район, Утуликское муниципальное образование;Природный туризм;Природный;2153;Размывная гора;Слюдянский;0;1;Природа OpenTripMap.xlsx;mountain_peaks,geological_formations,natural,interesting_places;1;51,586567;103,892204;0;Point;
Россия, Иркутская область, Слюдянский район, Утуликское муниципальное образование;Природный туризм;Природный;2152;г. Зеленая;Слюдянский;0;1;Природа OpenTripMap.xlsx;mountain_peaks,geological_formations,natural,interesting_places;1;51,560017;103,89032;0;Point;
Россия, Иркутская область, Слюдянский район, Утуликское муниципальное образование;Природный туризм;Природный;2151;г. Золотая;Слюдянский;0;1;Природа OpenTripMap.xlsx;mountain_peaks,geological_formations,natural,interesting_places;1;51,534237;103,903954;0;Point;
Россия, Иркутская область, Слюдянский район, Утуликское муниципальное образование;Природный туризм;Природный;1919;г. Мангутай;Слюдянский;0;1;Природа OpenTripMap.xlsx;mountain_peaks,geological_formations,natural,interesting_places;1;51,508209;103,866821;0;Point;
Россия, Иркутская область, Слюдянский район, Утуликское муниципальное образование;Природный туризм;Природный;2146;г. Поперечная;Слюдянский;0;1;Природа OpenTripMap.xlsx;mountain_peaks,geological_formations,natural,interesting_places;1;51,497162;103,797974;0;Point;
Россия, Иркутская область, Слюдянский район, Утуликское муниципальное образование;Природный туризм;Природный;1918;г. Чекановского;Слюдянский;0;1;Природа OpenTripMap.xlsx;mountain_peaks,geological_formations,natural,interesting_places;1;51,480789;103,677879;0;Point;
Россия, Иркутская область, Слюдянский район, Утуликское муниципальное образование;Природный туризм;Природный;1909;пик Черского;Слюдянский;0;1;Природа OpenTripMap.xlsx;mountain_peaks,geological_formations,natural,interesting_places;1;51,515682;103,625969;0;Point;
Россия, Иркутская область, Слюдянское муниципальное образование;Природный туризм;Природный;2144;1-й Голец;Слюдянский;0;1;Природа OpenTripMap.xlsx;mountain_peaks,geological_formations,natural,interesting_places;1;51,51886;103,607773;0;Point;
Россия, Иркутская область, Слюдянское муниципальное образование;Природный туризм;Природный;2143;2-й Голец;Слюдянский;0;1;Природа OpenTripMap.xlsx;mountain_peaks,geological_formations,natural,interesting_places;1;51,513802;103,617851;0;Point;
Россия, Иркутская область, Слюдянское муниципальное образование;Природный туризм;Природный;2071;Вулканический купол;Слюдянский;0;1;Природа OpenTripMap.xlsx;mountain_peaks,geological_formations,natural,interesting_places;1;51,534389;103,580368;0;Point;
Россия, Иркутская область, Слюдянское муниципальное образование;Природный туризм;Природный;2133;Гора 10;Слюдянский;0;1;Природа OpenTripMap.xlsx;mountain_peaks,geological_formations,natural,interesting_places;1;51,47113;103,403;0;Point;
Россия, Иркутская область, Слюдянское муниципальное образование;Природный туризм;Природный;2132;Гора 11;Слюдянский;0;1;Природа OpenTripMap.xlsx;mountain_peaks,geological_formations,natural,interesting_places;1;51,47105;103,38974;0;Point;
Россия, Иркутская область, Слюдянское муниципальное образование;Природный туризм;Природный;2141;Гора 2;Слюдянский;0;1;Природа OpenTripMap.xlsx;mountain_peaks,geological_formations,natural,interesting_places;1;51,484257;103,563004;0;Point;
Россия, Иркутская область, Слюдянское муниципальное образование;Природный туризм;Природный;2140;Гора 3;Слюдянский;0;1;Природа OpenTripMap.xlsx;mountain_peaks,geological_formations,natural,interesting_places;1;51,477036;103,543915;0;Point;
Россия, Иркутская область, Слюдянское муниципальное образование;Природный туризм;Природный;2136;Гора 6;Слюдянский;0;1;Природа OpenTripMap.xlsx;mountain_peaks,geological_formations,natural,interesting_places;1;51,473015;103,503914;0;Point;
Россия, Иркутская область, Слюдянское муниципальное образование;Природный туризм;Природный;2135;Гора 8;Слюдянский;0;1;Природа OpenTripMap.xlsx;mountain_peaks,geological_formations,natural,interesting_places;1;51,465263;103,446625;0;Point;
Россия, Иркутская область, Слюдянское муниципальное образование;Природный туризм;Природный;2134;Гора 9А;Слюдянский;0;1;Природа OpenTripMap.xlsx;mountain_peaks,geological_formations,natural,interesting_places;1;51,466305;103,419022;0;Point;
Россия, Иркутская область, Слюдянское муниципальное образование;Природный туризм;Природный;2145;Копна;Слюдянский;0;1;Природа OpenTripMap.xlsx;mountain_peaks,geological_formations,natural,interesting_places;1;51,607693;103,647171;0;Point;
Россия, Иркутская область, Слюдянское муниципальное образование;Природный туризм;Природный;2226;Лысая гора;Слюдянский;0;1;Природа OpenTripMap.xlsx;mountain_peaks,geological_formations,natural,interesting_places;1;51,596153;103,740051;0;Point;
Россия, Иркутская область, Слюдянское муниципальное образование;Природный туризм;Природный;2138;Рассоха;Слюдянский;0;1;Природа OpenTripMap.xlsx;mountain_peaks,geological_formations,natural,interesting_places;1;51,491295;103,491692;0;Point;
Россия, Иркутская область, Слюдянское муниципальное образование;Природный туризм;Природный;2142;гора 1;Слюдянский;0;1;Природа OpenTripMap.xlsx;mountain_peaks,geological_formations,natural,interesting_places;1;51,490726;103,586845;0;Point;
Россия, Иркутская область, Слюдянское муниципальное образование;Природный туризм;Природный;2149;гора Чёрт;Слюдянский;0;1;Природа OpenTripMap.xlsx;mountain_peaks,geological_formations,natural,interesting_places;1;51,591698;103,720947;0;Point;
Россия, Иркутская область, Слюдянское муниципальное образование;Природный туризм;Природный;2131;пик Босан;Слюдянский;0;1;Природа OpenTripMap.xlsx;mountain_peaks,geological_formations,natural,interesting_places;1;51,443329;103,375313;0;Point;
Россия, Иркутская область, Слюдянский район, Утуликское муниципальное образование, озеро Сердце;Природный туризм;Природный;1912;Сердце;Слюдянский;0;1;Природа OpenTripMap.xlsx;natural,interesting_places,nature_reserves,other_nature_conservation_areas;1;51,509247;103,625427;0;Point;
Россия, Иркутская область, Слюдянский район, Култукское муниципальное образование;Природный туризм;Природный;2213;Скальник «Паруса»;Слюдянский;0;1;Природа OpenTripMap.xlsx;rock_formations,geological_formations,natural,interesting_places;1;51,740078;103,859337;0;Point;
Россия, Иркутская область, Слюдянский район, Култукское муниципальное образование, скала Откол;Природный туризм;Природный;2214;Скала «Откол»;Слюдянский;0;1;Природа OpenTripMap.xlsx;rock_formations,geological_formations,natural,interesting_places;1;51,732624;103,883942;0;Point;
Россия, Иркутская область, Слюдянский район, Новоснежнинское муниципальное образование, территория Тёплые Озёра;Природный туризм;Природный;2078;Верблюжья;Слюдянский;0;1;Природа OpenTripMap.xlsx;view_points,other,mountain_peaks,geological_formations,interesting_places,natural;1;51,391869;104,651039;0;Point;
Россия, Иркутская область, Слюдянский район, Байкальское муниципальное образование;Природный туризм;Природный;2216;Чарующий;Слюдянский;0;1;Природа OpenTripMap.xlsx;water,natural,interesting_places,waterfalls;1;51,333904;104,11882;0;Point;
Россия, Иркутская область, Слюдянское муниципальное образование;Природный туризм;Природный;2061;2 каскад;Слюдянский;0;1;Природа OpenTripMap.xlsx;water,natural,interesting_places,waterfalls;1;51,512402;103,586136;0;Point;
Россия, Иркутская область, Слюдянское муниципальное образование;Природный туризм;Природный;2062;3 каскад;Слюдянский;0;1;Природа OpenTripMap.xlsx;water,natural,interesting_places,waterfalls;1;51,508751;103,592651;0;Point;
Россия, Иркутская область, Слюдянское муниципальное образование;Природный туризм;Природный;2215;4 каскад;Слюдянский;0;1;Природа OpenTripMap.xlsx;water,natural,interesting_places,waterfalls;1;51,511154;103,597046;0;Point;
Россия, Иркутская область, Тулунский район, Кирейское муниципальное образование;Природный туризм;Природный;2074;Кирейский заповеднирк;Тулунский;0;1;Природа OpenTripMap.xlsx;natural,interesting_places,nature_reserves,other_nature_conservation_areas;1;53,815018;100,413239;0;Point;
Россия, Иркутская область, Усольский район, Раздольинское муниципальное образование;Природный туризм;Природный;2208;Козий двор;Усольский;0;1;Природа OpenTripMap.xlsx;geological_formations,natural,interesting_places,caves;1;52,443752;103,13353;0;Point;
Россия, Иркутская область, Усольский район, Тальянское муниципальное образование;Природный туризм;Природный;2229;Красный Камень;Усольский;0;1;Природа OpenTripMap.xlsx;mountain_peaks,geological_formations,natural,interesting_places;1;52,050503;103,479713;0;Point;
Россия, Иркутская область, Усольский район, Тальянское муниципальное образование;Природный туризм;Природный;2167;Куйтунские Столбы;Усольский;0;1;Природа OpenTripMap.xlsx;mountain_peaks,geological_formations,natural,interesting_places;1;52,129467;103,586899;0;Point;
Россия, Иркутская область, Усольский район, Тальянское муниципальное образование;Природный туризм;Природный;2230;г.Русакова;Усольский;0;1;Природа OpenTripMap.xlsx;mountain_peaks,geological_formations,natural,interesting_places;1;52,104538;103,590858;0;Point;
Россия, Иркутская область, Усть-Илимск, квартал Новый Город;Природный туризм;Природный;2222;городской пляж;Усть-Илимский;0;1;Природа OpenTripMap.xlsx;natural,interesting_places,beaches,other_beaches;1;57,956779;102,71154;0;Point;
Россия, Иркутская область, Усть-Кутский район, Ручейское муниципальное образование;Природный туризм;Природный;2202;г.Соколы;Усть-Кутский;0;1;Природа OpenTripMap.xlsx;mountain_peaks,geological_formations,natural,interesting_places;1;56,850712;104,950249;0;Point;
Россия, Иркутская область, Черемховский район, Новостроевское муниципальное образование;Природный туризм;Природный;2056;Шпиль;Черемховский;0;1;Природа OpenTripMap.xlsx;mountain_peaks,geological_formations,natural,interesting_places;1;52,796371;101,185555;0;Point;
Россия, Иркутская область, Шелеховский район, Большелугское муниципальное образование;Природный туризм;Природный;2064;Волглая;Шелеховский;0;1;Природа OpenTripMap.xlsx;geological_formations,natural,interesting_places,caves;1;52,070877;104,071449;0;Point;
Россия, Иркутская область, Шелеховский район, Большелугское муниципальное образование;Природный туризм;Природный;2209;Радостная;Шелеховский;0;1;Природа OpenTripMap.xlsx;geological_formations,natural,interesting_places,caves;1;52,057579;104,10347;0;Point;
Россия, Иркутская область, Шелеховский район, Большелугское муниципальное образование;Природный туризм;Природный;2184;Верблюд;Шелеховский;0;1;Природа OpenTripMap.xlsx;mountain_peaks,geological_formations,natural,interesting_places;1;51,975014;104,142075;0;Point;
Россия, Иркутская область, Шелеховский район, Большелугское муниципальное образование;Природный туризм;Природный;2185;Смоленский;Шелеховский;0;1;Природа OpenTripMap.xlsx;mountain_peaks,geological_formations,natural,interesting_places;1;52,008022;104,127403;0;Point;
Россия, Иркутская область, Шелеховский район, Большелугское муниципальное образование;Природный туризм;Природный;2186;Старая Крепость;Шелеховский;0;1;Природа OpenTripMap.xlsx;mountain_peaks,geological_formations,natural,interesting_places;1;51,993099;104,140442;0;Point;
Россия, Иркутская область, Шелеховский район, Большелугское муниципальное образование;Природный туризм;Природный;2233;Ханчинский утёс;Шелеховский;0;1;Природа OpenTripMap.xlsx;mountain_peaks,geological_formations,natural,interesting_places;1;52,041546;104,086494;0;Point;
Россия, Иркутская область, Шелеховский район, Большелугское муниципальное образование;Природный туризм;Природный;2063;ск. Малая Старуха;Шелеховский;0;1;Природа OpenTripMap.xlsx;mountain_peaks,geological_formations,natural,interesting_places;1;51,999321;104,077599;0;Point;
Россия, Иркутская область, Шелеховский район, Подкаменское муниципальное образование;Природный туризм;Природный;2163;Белая Церковь;Шелеховский;0;1;Природа OpenTripMap.xlsx;mountain_peaks,geological_formations,natural,interesting_places;1;51,933208;104,000015;0;Point;
Россия, Иркутская область, Шелеховский район, Подкаменское муниципальное образование;Природный туризм;Природный;2228;Ворона;Шелеховский;0;1;Природа OpenTripMap.xlsx;mountain_peaks,geological_formations,natural,interesting_places;1;51,94315;103,931152;0;Point;
Россия, Иркутская область, Шелеховский район, Подкаменское муниципальное образование;Природный туризм;Природный;2176;Городище;Шелеховский;0;1;Природа OpenTripMap.xlsx;mountain_peaks,geological_formations,natural,interesting_places;1;51,956078;104,102783;0;Point;
Россия, Иркутская область, Шелеховский район, Подкаменское муниципальное образование;Природный туризм;Природный;2183;Зеркала;Шелеховский;0;1;Природа OpenTripMap.xlsx;mountain_peaks,geological_formations,natural,interesting_places;1;51,970242;104,134499;0;Point;
Россия, Иркутская область, Шелеховский район, Подкаменское муниципальное образование;Природный туризм;Природный;2080;Камень Шахтай;Шелеховский;0;1;Природа OpenTripMap.xlsx;mountain_peaks,geological_formations,natural,interesting_places;1;51,942104;103,958015;0;Point;
Россия, Иркутская область, Шелеховский район, Подкаменское муниципальное образование;Природный туризм;Природный;2162;Клеопатра;Шелеховский;0;1;Природа OpenTripMap.xlsx;mountain_peaks,geological_formations,natural,interesting_places;1;51,961983;103,835976;0;Point;
Россия, Иркутская область, Шелеховский район, Подкаменское муниципальное образование;Природный туризм;Природный;2173;Крепость;Шелеховский;0;1;Природа OpenTripMap.xlsx;mountain_peaks,geological_formations,natural,interesting_places;1;51,941505;104,134773;0;Point;
Россия, Иркутская область, Шелеховский район, Подкаменское муниципальное образование;Природный туризм;Природный;2227;Кудлины Камни;Шелеховский;0;1;Природа OpenTripMap.xlsx;mountain_peaks,geological_formations,natural,interesting_places;1;51,867119;103,892471;0;Point;
Россия, Иркутская область, Шелеховский район, Подкаменское муниципальное образование;Природный туризм;Природный;2180;Медвежата;Шелеховский;0;1;Природа OpenTripMap.xlsx;mountain_peaks,geological_formations,natural,interesting_places;1;51,96172;104,141228;0;Point;
Россия, Иркутская область, Шелеховский район, Подкаменское муниципальное образование;Природный туризм;Природный;2160;Подкаменная;Шелеховский;0;1;Природа OpenTripMap.xlsx;mountain_peaks,geological_formations,natural,interesting_places;1;51,957619;103,818611;0;Point;
Россия, Иркутская область, Шелеховский район, Подкаменское муниципальное образование;Природный туризм;Природный;2161;Фараон;Шелеховский;0;1;Природа OpenTripMap.xlsx;mountain_peaks,geological_formations,natural,interesting_places;1;51,959145;103,837578;0;Point;
Россия, Иркутская область, Шелеховский район, Подкаменское муниципальное образование;Природный туризм;Природный;2232;Черепаха;Шелеховский;0;1;Природа OpenTripMap.xlsx;mountain_peaks,geological_formations,natural,interesting_places;1;51,956535;104,090012;0;Point;
Россия, Иркутская область, Шелеховский район, Подкаменское муниципальное образование;Природный туризм;Природный;2174;Шарнир;Шелеховский;0;1;Природа OpenTripMap.xlsx;mountain_peaks,geological_formations,natural,interesting_places;1;51,942379;104,135307;0;Point;
Россия, Иркутская область, Шелеховский район, Подкаменское муниципальное образование;Природный туризм;Природный;2158;г. Барыня;Шелеховский;0;1;Природа OpenTripMap.xlsx;mountain_peaks,geological_formations,natural,interesting_places;1;51,914467;103,726883;0;Point;
Россия, Иркутская область, Шелеховский район, Подкаменское муниципальное образование;Природный туризм;Природный;2179;ск. Ангарский;Шелеховский;0;1;Природа OpenTripMap.xlsx;mountain_peaks,geological_formations,natural,interesting_places;1;51,974335;104,098755;0;Point;
Россия, Иркутская область, Шелеховский район, Подкаменское муниципальное образование;Природный туризм;Природный;2181;ск. Олхинские столбы;Шелеховский;0;1;Природа OpenTripMap.xlsx;mountain_peaks,geological_formations,natural,interesting_places;1;51,965343;104,112587;0;Point;
Россия, Иркутская область, Шелеховский район, Подкаменское муниципальное образование;Природный туризм;Природный;2178;ск. Политехнический;Шелеховский;0;1;Природа OpenTripMap.xlsx;mountain_peaks,geological_formations,natural,interesting_places;1;51,971817;104,096916;0;Point;
Россия, Иркутская область, Шелеховский район, Подкаменское муниципальное образование;Природный туризм;Природный;2231;ск. Сибиряк;Шелеховский;0;1;Природа OpenTripMap.xlsx;mountain_peaks,geological_formations,natural,interesting_places;1;51,962429;104,080627;0;Point;
Россия, Иркутская область, Шелеховский район, Подкаменское муниципальное образование;Природный туризм;Природный;2182;ск. У дороги;Шелеховский;0;1;Природа OpenTripMap.xlsx;mountain_peaks,geological_formations,natural,interesting_places;1;51,971088;104,10968;0;Point;
Россия, Иркутская область, Шелеховский район, Подкаменское муниципальное образование;Природный туризм;Природный;2177;ск. У сказки;Шелеховский;0;1;Природа OpenTripMap.xlsx;mountain_peaks,geological_formations,natural,interesting_places;1;51,963398;104,098213;0;Point;
Россия, Иркутская область, Шелеховский район, Подкаменское муниципальное образование;Природный туризм;Природный;2164;скальник Обзорный;Шелеховский;0;1;Природа OpenTripMap.xlsx;mountain_peaks,geological_formations,natural,interesting_places;1;51,945076;103,918762;0;Point;
Россия, Иркутская область, Шелеховский район, Шаманское муниципальное образование;Природный туризм;Природный;2159;г. Выгузова;Шелеховский;0;1;Природа OpenTripMap.xlsx;mountain_peaks,geological_formations,natural,interesting_places;1;52,015141;103,741127;0;Point;
Россия, Иркутская область, Шелеховский район, Шаманское муниципальное образование;Природный туризм;Природный;2165;г.Куйтун;Шелеховский;0;1;Природа OpenTripMap.xlsx;mountain_peaks,geological_formations,natural,interesting_places;1;52,061951;103,684143;0;Point;
Россия, Иркутская область, Шелеховский район, Шаманское муниципальное образование;Природный туризм;Природный;2166;г.Шульминские Камни;Шелеховский;0;1;Природа OpenTripMap.xlsx;mountain_peaks,geological_formations,natural,interesting_places;1;52,067631;103,693756;0;Point;
Россия, Иркутская область, Шелеховский район, Подкаменское муниципальное образование;Природный туризм;Природный;2054;Комплекс скал «Старуха»;Шелеховский;0;1;Природа OpenTripMap.xlsx;mountain_peaks,rock_formations,natural_monuments,geological_formations,natural,interesting_places,nature_reserves;1;51,946674;104,135002;0;Point;
Россия, Иркутская область, Шелеховский район, Подкаменское муниципальное образование;Природный туризм;Природный;2053;Скальный останец Витязь;Шелеховский;0;1;Природа OpenTripMap.xlsx;mountain_peaks,rock_formations,natural_monuments,geological_formations,natural,interesting_places,nature_reserves;1;51,97477;104,104713;0;Point;
Россия, Иркутская область, Шелеховский район, Подкаменское муниципальное образование, Скальник Идол;Природный туризм;Природный;2052;Комплекс скал «Идол»;Шелеховский;0;1;Природа OpenTripMap.xlsx;mountain_peaks,rock_formations,natural_monuments,geological_formations,natural,interesting_places,nature_reserves;1;51,959908;104,087975;0;Point;
Россия, Иркутская область, Шелеховский район, Подкаменское муниципальное образование, скала Царские Ворота;Природный туризм;Природный;2051;Останец Царские Ворота;Шелеховский;0;1;Природа OpenTripMap.xlsx;rock_formations,natural_monuments,natural,interesting_places,canyons,geological_formations,nature_reserves;1;51,825092;103,576164;0;Point;
Россия, Иркутская область, Эхирит-Булагатский район, муниципальное образование Гаханское;Природный туризм;Природный;2191;Булен;Эхирит-Булагатский;0;1;Природа OpenTripMap.xlsx;mountain_peaks,geological_formations,natural,interesting_places;1;52,885452;104,817543;0;Point;
Россия, Иркутская область, Эхирит-Булагатский район;Природный туризм;Природный;2076;Заказник «Красный Яр»;Эхирит-Булагатский;0;1;Природа OpenTripMap.xlsx;natural,interesting_places,nature_reserves,other_nature_conservation_areas;1;52,522987;105,060211;0;Point;
Россия, Иркутская область, Бодайбинское муниципальное образование;Природный туризм;Природный;2205;пик Финальный;не обнаружено;0;1;Природа OpenTripMap.xlsx;mountain_peaks,geological_formations,natural,interesting_places;1;56,647968;114,109718;0;Point;
Россия, Иркутская область, Нижнеудинский район, Верхнегутарское муниципальное образование;Природный туризм;Природный;2087;Медвежья;не обнаружено;0;1;Природа OpenTripMap.xlsx;mountain_peaks,geological_formations,natural,interesting_places;1;53,960323;96,128616;0;Point;
Россия, Республика Бурятия, Тункинский район;Природный туризм;Природный;2139;Гора 4;не обнаружено;0;1;Природа OpenTripMap.xlsx;mountain_peaks,geological_formations,natural,interesting_places;1;51,470917;103,538162;0;Point;
Россия, Республика Бурятия, Тункинский район;Природный туризм;Природный;2137;Гора 5;не обнаружено;0;1;Природа OpenTripMap.xlsx;mountain_peaks,geological_formations,natural,interesting_places;1;51,46759;103,519875;0;Point;
Россия, Иркутская область, Ангарск;Природный туризм;Природный;2538;Государственный природный заказник «Тофаларский»;не обнаружено;0;1;Унифицированный_туристский_паспорт_Иркутской_области_2019_Заповедники.xlsx;Не определен;1;;;0;;
Россия, Иркутская область, Ангарск;Природный туризм;Природный;2536;Государственный природный заповедник «Байкало-Ленский»;не обнаружено;0;1;Унифицированный_туристский_паспорт_Иркутской_области_2019_Заповедники.xlsx;Не определен;1;;;0;;
Россия, Иркутская область, Ангарск, площадь Ленина;Природный туризм;Природный;2535;Государственный природный заповедник «Витимский»;не обнаружено;0;1;Унифицированный_туристский_паспорт_Иркутской_области_2019_Заповедники.xlsx;Не определен;1;;;0;;
Россия, Иркутская область, Ангарск, площадь Ленина;Природный туризм;Природный;2534;Прибайкальский национальный парк;не обнаружено;0;1;Унифицированный_туристский_паспорт_Иркутской_области_2019_Заповедники.xlsx;Не определен;1;;;0;;
Россия, Иркутская область, Ангарск, улица Трудовых Резервов;Природный туризм;Природный;2537;Государственный природный биологический заказник «Красный Яр»;не обнаружено;0;1;Унифицированный_туристский_паспорт_Иркутской_области_2019_Заповедники.xlsx;Не определен;1;;;0;;
Россия, Иркутская область, Аларский район, муниципальное образование Кутулик;Религиозный туризм;Религиозный;2276;Дацан;Аларский;0;1;Религия OpenTripMap.xlsx;religion,buddhist_temples,monasteries,interesting_places;1;53,361187;102,791046;0;Point;
Россия, Иркутская область, Аларский район, посёлок Кутулик, Советская улица;Религиозный туризм;Религиозный;2292;Церковь Иоанна Предтечи;Аларский;0;1;Религия OpenTripMap.xlsx;religion,churches,interesting_places,other_churches;1;53,352211;102,785011;0;Point;
Россия, Иркутская область, Ангарск;Религиозный туризм;Религиозный;2289;Приход Святого Иосифа;Ангарский;0;1;Религия OpenTripMap.xlsx;religion,other_temples,interesting_places;1;52,544083;103,893845;0;Point;
Россия, Иркутская область, Ангарск;Религиозный туризм;Религиозный;2284;Храм Успения Божей Матери;Ангарский;0;1;Религия OpenTripMap.xlsx;religion,other_temples,interesting_places;1;52,484673;103,840019;0;Point;
Россия, Иркутская область, Ангарск;Религиозный туризм;Религиозный;2287;Храм святителя Николая Чудотворца;Ангарский;0;1;Религия OpenTripMap.xlsx;religion,other_temples,interesting_places;1;52,555588;103,874763;0;Point;
Россия, Иркутская область, Ангарск;Религиозный туризм;Религиозный;2329;Церковь Благословение;Ангарский;0;1;Религия OpenTripMap.xlsx;religion,other_temples,interesting_places;1;52,50362;103,869606;0;Point;
Россия, Иркутская область, Ангарск, парк Победы;Религиозный туризм;Религиозный;2285;Спасская часовня;Ангарский;0;1;Религия OpenTripMap.xlsx;religion,other_temples,interesting_places;1;52,512138;103,864021;0;Point;
Россия, Иркутская область, Ангарск, улица Кирова;Религиозный туризм;Религиозный;2288;Благословение;Ангарский;0;1;Религия OpenTripMap.xlsx;religion,other_temples,interesting_places;1;52,550274;103,88488;0;Point;
Россия, Иркутская область, Ангарск, улица Серова;Религиозный туризм;Религиозный;2286;Церковь Байкальская;Ангарский;0;1;Религия OpenTripMap.xlsx;religion,other_temples,interesting_places;1;52,518108;103,886223;0;Point;
Россия, Иркутская область, Ангарск, улица Чкалова;Религиозный туризм;Религиозный;2290;Зал царства Свидетелей Иеговы;Ангарский;0;1;Религия OpenTripMap.xlsx;religion,other_temples,interesting_places;1;52,561253;103,887581;0;Point;
Россия, Иркутская область, Бодайбинский район, Кропоткинское муниципальное образование;Религиозный туризм;Религиозный;2328;Церковь Святой Варвары;Бодайбинский;0;1;Религия OpenTripMap.xlsx;religion,churches,interesting_places,eastern_orthodox_churches;1;58,749313;115,536064;0;Point;
Россия, Иркутская область, Бодайбо;Религиозный туризм;Религиозный;2363;На камушке;Бодайбинский;0;1;Религия OpenTripMap.xlsx;religion,other_temples,interesting_places;1;57,848911;114,200302;0;Point;
Россия, Иркутская область, Боханский район, муниципальное образование Шаралдай, деревня Вершина, Советская улица;Религиозный туризм;Религиозный;2313;Костёл;Боханский;0;1;Религия OpenTripMap.xlsx;religion,churches,interesting_places,catholic_churches;1;53,244179;104,415009;0;Point;
Россия, Иркутская область, Братск, улица Энгельса;Религиозный туризм;Религиозный;2361;Церковь Благодать во Христе;Братск;0;1;Религия OpenTripMap.xlsx;religion,churches,interesting_places,other_churches;1;56,14027;101,642967;0;Point;
Россия, Иркутская область, Братск, Енисейская улица;Религиозный туризм;Религиозный;2323;Православный храм;Братск;0;1;Религия OpenTripMap.xlsx;religion,other_temples,interesting_places;1;56,284103;101,872826;0;Point;
Россия, Иркутская область, Братск, жилой район Сухой, Еловая улица;Религиозный туризм;Религиозный;2324;Дом молитвы;Братск;0;1;Религия OpenTripMap.xlsx;religion,other_temples,interesting_places;1;56,260532;101,958717;0;Point;
Россия, Иркутская область, Братск, улица Красной Звезды;Религиозный туризм;Религиозный;2360;Церковь Евангельских-Христиан Баптистов;Братск;0;1;Религия OpenTripMap.xlsx;religion,other_temples,interesting_places;1;56,161449;101,597008;0;Point;
Россия, Иркутская область, Братский район, Вихоревское муниципальное образование, Вихоревка, Звёздная улица;Религиозный туризм;Религиозный;2281;Церковь Святого Евангелия;Братский;0;1;Религия OpenTripMap.xlsx;religion,other_temples,interesting_places;1;56,128799;101,160385;0;Point;
Россия, Иркутская область, Братский район, Покоснинское муниципальное образование, село Покосное, Клубная улица;Религиозный туризм;Религиозный;2280;Храм в честь Иверской иконы Божией Матери;Братский;0;1;Религия OpenTripMap.xlsx;religion,other_temples,interesting_places;1;55,523796;101,060768;0;Point;
Россия, Иркутская область, рабочий посёлок Залари, улица Дзержинского;Религиозный туризм;Религиозный;2336;Церковь Благословение;Заларинский;0;1;Религия OpenTripMap.xlsx;religion,other_temples,interesting_places;1;53,569653;102,509216;0;Point;
Россия, Иркутская область, Зима, улица Осипенко;Религиозный туризм;Религиозный;2314;Церковь Благословение;Зима;0;1;Религия OpenTripMap.xlsx;religion,other_temples,interesting_places;1;53,91478;102,029243;0;Point;
Россия, Иркутск, Кировский район;Религиозный туризм;Религиозный;2355;Харлампиевский Михайло-Архангельский храм;Иркутск;0;1;Религия OpenTripMap.xlsx;religion,churches,interesting_places,eastern_orthodox_churches;1;52,281357;104,277283;0;Point;
Россия, Иркутск, Октябрьский округ;Религиозный туризм;Религиозный;2277;Александринская церковь;Иркутск;0;1;Религия OpenTripMap.xlsx;religion,churches,interesting_places,eastern_orthodox_churches;1;52,271896;104,310715;0;Point;
Россия, Иркутск, Ангарская улица;Религиозный туризм;Религиозный;2248;Знаменская церковь;Иркутск;0;1;Религия OpenTripMap.xlsx;religion,churches,interesting_places,other_churches;1;52,300701;104,294708;0;Point;
Россия, Иркутск, Иркутские кварталы;Религиозный туризм;Религиозный;2356;Часовня Георгия Победоносца;Иркутск;0;1;Религия OpenTripMap.xlsx;religion,churches,interesting_places,other_churches;1;52,282719;104,292;0;Point;
Россия, Иркутск, Кировский район;Религиозный туризм;Религиозный;2254;Харлампиевская церковь;Иркутск;0;1;Религия OpenTripMap.xlsx;religion,churches,interesting_places,other_churches;1;52,281448;104,277397;0;Point;
Россия, Иркутск, площадь Графа Сперанского;Религиозный туризм;Религиозный;2304;Часовня памятник на месте разрушенного Казанского собора;Иркутск;0;1;Религия OpenTripMap.xlsx;religion,churches,interesting_places,other_churches;1;52,289658;104,281067;0;Point;
Россия, Иркутск, площадь Декабристов;Религиозный туризм;Религиозный;2271;Успенская церковь;Иркутск;0;1;Религия OpenTripMap.xlsx;religion,churches,interesting_places,other_churches;1;52,282253;104,31308;0;Point;
Россия, Иркутск, посёлок Жилкино;Религиозный туризм;Религиозный;2275;Успенская церковь;Иркутск;0;1;Религия OpenTripMap.xlsx;religion,churches,interesting_places,other_churches;1;52,327499;104,267998;0;Point;
Россия, Иркутск, улица Академика Образцова;Религиозный туризм;Религиозный;2247;Михайло-Архангельская церковь;Иркутск;0;1;Религия OpenTripMap.xlsx;religion,churches,interesting_places,other_churches;1;52,332073;104,216698;0;Point;
Россия, Иркутск, улица Ленина;Религиозный туризм;Религиозный;2267;Казанский собор;Иркутск;0;1;Религия OpenTripMap.xlsx;religion,churches,interesting_places,other_churches;1;52,290169;104,280502;0;Point;
Россия, Иркутск, улица Сухэ-Батора;Религиозный туризм;Религиозный;2242;Спасская церковь;Иркутск;0;1;Религия OpenTripMap.xlsx;religion,churches,museums,cultural,interesting_places,eastern_orthodox_churches,art_galleries;1;52,291122;104,281319;0;Point;
Россия, Иркутск, посёлок Жилкино;Религиозный туризм;Религиозный;2260;Вознесенский монастырь;Иркутск;0;1;Религия OpenTripMap.xlsx;religion,monasteries,interesting_places;1;52,327499;104,267998;0;Point;
Россия, Иркутск, Ангарская улица;Религиозный туризм;Религиозный;2273;Иркутская епархия;Иркутск;0;1;Религия OpenTripMap.xlsx;religion,other_temples,interesting_places;1;52,3008;104,294998;0;Point;
Россия, Иркутск, Ереванская улица;Религиозный туризм;Религиозный;2300;Церковь Святой Троицы;Иркутск;0;1;Религия OpenTripMap.xlsx;religion,other_temples,interesting_places;1;52,279518;104,225929;0;Point;
Россия, Иркутск, Ленинградская улица;Религиозный туризм;Религиозный;2302;Церковь Христиан Адвентистов Седьмого Дня, Община №2;Иркутск;0;1;Религия OpenTripMap.xlsx;religion,other_temples,interesting_places;1;52,345959;104,214554;0;Point;
Россия, Иркутск, бульвар Рябикова;Религиозный туризм;Религиозный;2350;Церковь двенадцати апостолов;Иркутск;0;1;Религия OpenTripMap.xlsx;religion,other_temples,interesting_places;1;52,262505;104,210175;0;Point;
Россия, Иркутск, улица Бабушкина;Религиозный туризм;Религиозный;2368;Новоапостольская церковь;Иркутск;0;1;Религия OpenTripMap.xlsx;religion,other_temples,interesting_places;1;52,28857;104,296005;0;Point;
Россия, Иркутск, улица Грибоедова;Религиозный туризм;Религиозный;2270;Епархия Святого Иосифа в Иркутске;Иркутск;0;1;Религия OpenTripMap.xlsx;religion,other_temples,interesting_places;1;52,262779;104,257271;0;Point;
Россия, Иркутск, улица Карла Либкнехта;Религиозный туризм;Религиозный;2333;Irkutsk Cathedral Mosque;Иркутск;0;1;Религия OpenTripMap.xlsx;religion,other_temples,interesting_places;1;52,281437;104,305954;0;Point;
Россия, Иркутск, улица Красный Путь;Религиозный туризм;Религиозный;2301;Церковь Эммануил;Иркутск;0;1;Религия OpenTripMap.xlsx;religion,other_temples,interesting_places;1;52,344246;104,21209;0;Point;
Россия, Иркутск, улица Рабочего Штаба;Религиозный туризм;Религиозный;2262;Покровская церковь;Иркутск;0;1;Религия OpenTripMap.xlsx;religion,other_temples,interesting_places;1;52,306713;104,297249;0;Point;
Россия, Иркутский район, Уриковское муниципальное образование, село Урик, улица Братьев Ченских;Религиозный туризм;Религиозный;2310;Спасская церковь;Иркутский;0;1;Религия OpenTripMap.xlsx;religion,churches,interesting_places,eastern_orthodox_churches;1;52,458015;104,248543;0;Point;
Россия, Иркутский район, деревня Карлук, улица Гагарина;Религиозный туризм;Религиозный;2308;Церковь иконы Богоматери Неупиваемая чаша;Иркутский;0;1;Религия OpenTripMap.xlsx;religion,churches,interesting_places,eastern_orthodox_churches;1;52,416344;104,306595;0;Point;
Россия, Иркутский район, Большереченское муниципальное образование;Религиозный туризм;Религиозный;2332;Обоо;Иркутский;0;1;Религия OpenTripMap.xlsx;religion,other_temples,interesting_places;1;52,002762;104,667671;0;Point;
Россия, Иркутский район, Большереченское муниципальное образование, посёлок Тальцы;Религиозный туризм;Религиозный;2347;Казанская часовня;Иркутский;0;1;Религия OpenTripMap.xlsx;religion,other_temples,interesting_places;1;51,995811;104,664131;0;Point;
Россия, Иркутский район, Голоустненское муниципальное образование, посёлок Большое Голоустное, Байкальская улица;Религиозный туризм;Религиозный;2349;Свято-Никольская церковь;Иркутский;0;1;Религия OpenTripMap.xlsx;religion,other_temples,interesting_places;1;52,027588;105,400177;0;Point;
Россия, Иркутский район, Листвянское муниципальное образование, рабочий посёлок Листвянка, улица Куликова;Религиозный туризм;Религиозный;2367;Храм во имя святителя Николая;Иркутский;0;1;Религия OpenTripMap.xlsx;religion,other_temples,interesting_places;1;51,860615;104,866722;0;Point;
Россия, Иркутский район, Уриковское муниципальное образование, село Урик, улица Братьев Ченских;Религиозный туризм;Религиозный;2309;Храм Образа Спаса Нерукотворного;Иркутский;0;1;Религия OpenTripMap.xlsx;religion,other_temples,interesting_places;1;52,458027;104,248505;0;Point;
Россия, Иркутский район, Ушаковское муниципальное образование, село Пивовариха, Степная улица;Религиозный туризм;Религиозный;2307;Церковь Покрова Пресвятой Богородицы;Иркутский;0;1;Религия OpenTripMap.xlsx;religion,other_temples,interesting_places;1;52,271839;104,438515;0;Point;
Россия, Иркутский район, Хомутовское муниципальное образование, деревня Куда, улица Ленина;Религиозный туризм;Религиозный;2358;Свято-Троицкий храм;Иркутский;0;1;Религия OpenTripMap.xlsx;religion,other_temples,interesting_places;1;52,443516;104,399628;0;Point;
Россия, Иркутский район, посёлок Молодёжный, Подгорная улица;Религиозный туризм;Религиозный;2306;Свято-Георгиевский храм;Иркутский;0;1;Религия OpenTripMap.xlsx;religion,other_temples,interesting_places;1;52,243462;104,421265;0;Point;
Россия, Иркутский район, село Мамоны, микрорайон Южный, Сиреневая улица;Религиозный туризм;Религиозный;2351;Церковь Христа Спасителя;Иркутский;0;1;Религия OpenTripMap.xlsx;religion,other_temples,interesting_places;1;52,345291;104,143158;0;Point;
Россия, Иркутская область, Киренск, Центральный ПКиО;Религиозный туризм;Религиозный;2269;Усть-Киренский Троицкий монастырь;Киренский;0;1;Религия OpenTripMap.xlsx;religion,monasteries,interesting_places;1;57,774139;108,118568;0;Point;
Россия, Иркутская область, рабочий посёлок Куйтун, Вокзальная улица;Религиозный туризм;Религиозный;2317;Церковь Благословение;Куйтунский;0;1;Религия OpenTripMap.xlsx;religion,other_temples,interesting_places;1;54,325153;101,500099;0;Point;
Россия, Иркутская область, Нижнеилимский район, Новоигирминское муниципальное образование, рабочий посёлок Новая Игирма, микрорайон Химки;Религиозный туризм;Религиозный;2372;Храм Преподобного Серафима Саровского;Нижнеилимский;0;1;Религия OpenTripMap.xlsx;religion,other_temples,interesting_places;1;57,148872;103,925331;0;Point;
Россия, Иркутская область, Нижнеудинск;Религиозный туризм;Религиозный;2279;Свято-Никольский храм;Нижнеудинский;0;1;Религия OpenTripMap.xlsx;religion,other_temples,interesting_places;1;54,896683;99,026207;0;Point;
Россия, Иркутская область, Нукутский район, посёлок Новонукутский;Религиозный туризм;Религиозный;2318;Унгинский дацан;Нукутский;0;1;Религия OpenTripMap.xlsx;religion,buddhist_temples,interesting_places;1;53,709454;102,691742;0;Point;
Россия, Иркутская область, Ольхонский район, Шара-Тоготское муниципальное образование, остров Огой;Религиозный туризм;Религиозный;2371;Буддийская ступа;Ольхонский;0;1;Религия OpenTripMap.xlsx;religion,buddhist_temples,interesting_places;1;53,12891;106,997856;0;Point;
Россия, Иркутская область, Ольхонский район, село Еланцы, улица Ленина;Религиозный туризм;Религиозный;2359;Храм Рождества Христова;Ольхонский;0;1;Религия OpenTripMap.xlsx;religion,churches,interesting_places,other_churches;1;52,795654;106,402443;0;Point;
Россия, Иркутская область, Ольхонский район, посёлок Хужир;Религиозный туризм;Религиозный;2322;Кладбище;Ольхонский;0;1;Религия OpenTripMap.xlsx;religion,other_temples,interesting_places;1;53,190365;107,362877;0;Point;
Россия, Иркутская область, Ольхонский район, посёлок Хужир, Горный переулок;Религиозный туризм;Религиозный;2321;Храм Держаной иконы Божьей Матери;Ольхонский;0;1;Религия OpenTripMap.xlsx;religion,other_temples,interesting_places;1;53,195244;107,334267;0;Point;
Россия, Иркутская область, Саянск, микрорайон Благовещенский;Религиозный туризм;Религиозный;2315;Церковь Благословение;Саянск;0;1;Религия OpenTripMap.xlsx;religion,other_temples,interesting_places;1;54,101383;102,17926;0;Point;
Россия, Иркутская область, Саянск, микрорайон Благовещенский;Религиозный туризм;Религиозный;2316;кафедральный храм в честь Благовещения Пресвятой Богородицы;Саянск;0;1;Религия OpenTripMap.xlsx;religion,other_temples,interesting_places;1;54,106007;102,181175;0;Point;
Россия, Иркутская область, Слюдянка;Религиозный туризм;Религиозный;2245;Никольская церковь;Слюдянский;0;1;Религия OpenTripMap.xlsx;religion,churches,interesting_places,eastern_orthodox_churches;1;51,659538;103,725861;0;Point;
Россия, Иркутская область, Слюдянский район, Портбайкальское муниципальное образование;Религиозный туризм;Религиозный;2348;Преображенская церковь;Слюдянский;0;1;Религия OpenTripMap.xlsx;religion,churches,interesting_places,eastern_orthodox_churches;1;51,874081;104,798027;0;Point;
Россия, Иркутская область, Слюдянский район, Байкальское муниципальное образование, Байкальск, Байкальская улица;Религиозный туризм;Религиозный;2331;Благая весть;Слюдянский;0;1;Религия OpenTripMap.xlsx;religion,other_temples,interesting_places;1;51,523186;104,138931;0;Point;
Россия, Иркутская область, Слюдянский район, Байкальское муниципальное образование, Байкальск, микрорайон Южный;Религиозный туризм;Религиозный;2330;Храм Святой троицы;Слюдянский;0;1;Религия OpenTripMap.xlsx;religion,other_temples,interesting_places;1;51,51091;104,145615;0;Point;
Россия, Иркутская область, Слюдянский район, Култукское муниципальное образование, посёлок Ангасольская;Религиозный туризм;Религиозный;2282;Часовня Николая Чудотворца;Слюдянский;0;1;Религия OpenTripMap.xlsx;religion,other_temples,interesting_places;1;51,731743;103,830299;0;Point;
Россия, Иркутская область, Слюдянский район, Новоснежнинское муниципальное образование, территория Тёплые Озёра;Религиозный туризм;Религиозный;2296;Часовня Святого пророка царя Соломона;Слюдянский;0;1;Религия OpenTripMap.xlsx;religion,other_temples,interesting_places;1;51,393475;104,6437;0;Point;
Россия, Иркутская область, Тулун, микрорайон Угольщиков;Религиозный туризм;Религиозный;2342;Часовня в честь иконы Божией Матери «Всех скорбящих Радость»;Тулун;0;1;Религия OpenTripMap.xlsx;religion,churches,interesting_places,other_churches;1;54,530838;100,597519;0;Point;
Россия, Иркутская область, Тулун;Религиозный туризм;Религиозный;2341;Церковь Покрова Пресвятой Богородицы;Тулун;0;1;Религия OpenTripMap.xlsx;religion,other_temples,interesting_places;1;54,557747;100,573784;0;Point;
Россия, Иркутская область, Тулунский район, Кирейское муниципальное образование;Религиозный туризм;Религиозный;2278;Скит Мойган;Тулунский;0;1;Религия OpenTripMap.xlsx;religion,other_temples,interesting_places;1;53,270443;100,580925;0;Point;
Россия, Иркутская область, Усольский район, Белореченское городское муниципальное образование, село Мальта;Религиозный туризм;Религиозный;2293;Минеральный источник;Усольский;0;1;Религия OpenTripMap.xlsx;religion,other_temples,interesting_places;1;52,828434;103,532951;0;Point;
Россия, Иркутская область, Усть-Илимск, квартал Старый Город;Религиозный туризм;Религиозный;2362;Зал царства свидетелей Иеговы;Усть-Илимский;0;1;Религия OpenTripMap.xlsx;religion,other_temples,interesting_places;1;57,995556;102,657417;0;Point;
Россия, Иркутская область, Усть-Илимск, квартал Старый Город;Религиозный туризм;Религиозный;2339;Центр Реабилитации;Усть-Илимский;0;1;Религия OpenTripMap.xlsx;religion,other_temples,interesting_places;1;57,988995;102,67765;0;Point;
Россия, Иркутская область, Усть-Илимск, улица Карла Маркса;Религиозный туризм;Религиозный;2338;Храм в честь Всех святых;Усть-Илимский;0;1;Религия OpenTripMap.xlsx;religion,other_temples,interesting_places;1;57,958534;102,727081;0;Point;
Россия, Иркутская область, Усть-Илимск, улица Энтузиастов;Религиозный туризм;Религиозный;2325;Свято-Софийский храм;Усть-Илимский;0;1;Религия OpenTripMap.xlsx;religion,other_temples,interesting_places;1;57,9533;102,769119;0;Point;
Россия, Иркутская область, Усть-Кут, улица Седова;Религиозный туризм;Религиозный;2326;Успенская церковь;Усть-Кутский;0;1;Религия OpenTripMap.xlsx;religion,other_temples,interesting_places;1;56,777557;105,702904;0;Point;
Россия, Иркутская область, Усть-Кутский район, посёлок Верхнемарково;Религиозный туризм;Религиозный;2327;Церковь;Усть-Кутский;0;1;Религия OpenTripMap.xlsx;religion,other_temples,interesting_places;1;57,324284;107,026375;0;Point;
Россия, Иркутская область, посёлок Усть-Уда, Приморская улица;Религиозный туризм;Религиозный;2319;храм Богоявления;Усть-Удинский;0;1;Религия OpenTripMap.xlsx;religion,other_temples,interesting_places;1;54,177513;103,018089;0;Point;
Россия, Иркутская область, Черемховский район, Онотское муниципальное образование, село Онот, Профсоюзная улица;Религиозный туризм;Религиозный;2283;Храм во имя Святителя Иннокентия епископа Иркутского;Черемховский;0;1;Религия OpenTripMap.xlsx;religion,churches,interesting_places,eastern_orthodox_churches;1;52,735332;102,047325;0;Point;
Россия, Иркутская область, Свирск, улица Ленина;Религиозный туризм;Религиозный;2291;Церковь Благовещения Пресвятой Богородицы;Черемховский;0;1;Религия OpenTripMap.xlsx;religion,other_temples,interesting_places;1;53,078583;103,34655;0;Point;
Россия, Иркутская область, Черемхово, Торговая улица;Религиозный туризм;Религиозный;2345;Церковь;Черемховский;0;1;Религия OpenTripMap.xlsx;religion,other_temples,interesting_places;1;53,150692;103,063705;0;Point;
Россия, Иркутская область, Черемхово, улица Димитрова;Религиозный туризм;Религиозный;2366;Молитвенный дом;Черемховский;0;1;Религия OpenTripMap.xlsx;religion,other_temples,interesting_places;1;53,15451;103,061279;0;Point;
Россия, Иркутская область, Черемхово, улица Красной Звезды;Религиозный туризм;Религиозный;2364;Городская мечеть;Черемховский;0;1;Религия OpenTripMap.xlsx;religion,other_temples,interesting_places;1;53,149147;103,077194;0;Point;
Россия, Иркутская область, Шелеховский район, Олхинское муниципальное образование, деревня Олха, Сибирская улица;Религиозный туризм;Религиозный;2297;Дом молитвы;Шелеховский;0;1;Религия OpenTripMap.xlsx;religion,churches,interesting_places,other_churches;1;52,151409;104,074173;0;Point;
Россия, Иркутская область, Шелеховский район, Олхинское муниципальное образование, деревня Олха, Советская улица;Религиозный туризм;Религиозный;2299;Свято-Никольский храм;Шелеховский;0;1;Религия OpenTripMap.xlsx;religion,churches,interesting_places,other_churches;1;52,162189;104,108444;0;Point;
Россия, Иркутская область, Шелеховский район, посёлок Большой Луг, Школьная улица;Религиозный туризм;Религиозный;2298;Святителя Иннокентия;Шелеховский;0;1;Религия OpenTripMap.xlsx;religion,other_temples,interesting_places;1;52,088825;104,094177;0;Point;
Россия, Иркутская область, Эхирит-Булагатский район, посёлок Усть-Ордынский, улица Балдынова;Религиозный туризм;Религиозный;2311;Тубдэн Даржалин;Эхирит-Булагатский;0;1;Религия OpenTripMap.xlsx;religion,buddhist_temples,interesting_places;1;52,790382;104,745728;0;Point;
Россия, Иркутская область, Эхирит-Булагатский район, посёлок Усть-Ордынский, улица Балтахинова;Религиозный туризм;Религиозный;2370;Церковь Пресвятой Троицы;Эхирит-Булагатский;0;1;Религия OpenTripMap.xlsx;religion,churches,interesting_places,eastern_orthodox_churches;1;52,805252;104,755569;0;Point;
Россия, Иркутская область, Эхирит-Булагатский район, посёлок Усть-Ордынский, улица Каландаришвили;Религиозный туризм;Религиозный;2312;Центр шаманизма;Эхирит-Булагатский;0;1;Религия OpenTripMap.xlsx;religion,other_temples,interesting_places;1;52,802517;104,758743;0;Point;
Россия, Иркутская область, Усолье-Сибирское, Комсомольский проспект;Религиозный туризм;Религиозный;2340;Зал Царства Свидетелей Иеговы;не обнаружено;0;1;Религия OpenTripMap.xlsx;religion,churches,interesting_places,other_churches;1;52,758846;103,631844;0;Point;
Россия, Иркутская область, Усолье-Сибирское, микрорайон Старый город;Религиозный туризм;Религиозный;2295;Мечеть;не обнаружено;0;1;Религия OpenTripMap.xlsx;religion,other_temples,interesting_places;1;52,764561;103,64727;0;Point;
Россия, Иркутская область, Усолье-Сибирское, микрорайон Старый город;Религиозный туризм;Религиозный;2346;Церковь;не обнаружено;0;1;Религия OpenTripMap.xlsx;religion,other_temples,interesting_places;1;52,759037;103,658691;0;Point;
Россия, Иркутская область, Усолье-Сибирское, проспект Красных Партизан;Религиозный туризм;Религиозный;2343;Церковь Николая Чудотворца;не обнаружено;0;1;Религия OpenTripMap.xlsx;religion,other_temples,interesting_places;1;52,730141;103,654663;0;Point;
Россия, Иркутская область, Усолье-Сибирское, улица Энергетиков;Религиозный туризм;Религиозный;2294;Кармелитский женский монастырь Пресвятой Троицы;не обнаружено;0;1;Религия OpenTripMap.xlsx;religion,other_temples,interesting_places;1;52,748386;103,620049;0;Point;
Россия, Иркутская область, Аларский район, посёлок Кутулик, Советская улица;Культурно-познавательный туризм;Культурно-познавательный;1310;Мемориальный дом-музей М.Н. Ербанова;Аларский;1;1;coords_total_museums_1.csv;Не определен;1;53,341195;102,798254;0;Point;
Россия, Иркутская область, Братск, Комсомольская улица;Культурно-познавательный туризм;Культурно-познавательный;1317;Архитектурно- этнографический музей «Ангарская деревня О.Леонова»;Братск;1;1;coords_total_museums_1.csv;Не определен;1;56,159824;101,616209;0;Point;
Россия, Иркутская область, Братск, Комсомольская улица;Культурно-познавательный туризм;Культурно-познавательный;1320;Художественный выставочный зал;Братск;1;1;coords_total_museums_1.csv;Не определен;1;56,167343;101,619035;0;Point;
Россия, Иркутск, улица Богдана Хмельницкого;Культурно-познавательный туризм;Культурно-познавательный;1308;Мемориальный музей Александра Вампилова;Иркутск;1;1;coords_total_museums_1.csv;Не определен;1;52,283183;104,288103;0;Point;
Россия, Иркутск, улица Карла Маркса;Культурно-познавательный туризм;Культурно-познавательный;1338;Иркутский областной краеведческий музей – Музейная студия;Иркутск;1;1;coords_total_museums_1.csv;Не определен;1;52,27574;104,278115;0;Point;
Россия, Иркутск, улица Ленина;Культурно-познавательный туризм;Культурно-познавательный;1334;ГБУК Иркутский областной художественный музей им. В.П. Сукачёва – Филиал «Усадьба В.П. Сукачёва»;Иркутск;1;1;coords_total_museums_1.csv;Не определен;1;52,283958;104,281599;0;Point;
Россия, Иркутск, улица Франк-Каменецкого;Культурно-познавательный туризм;Культурно-познавательный;1327;Музей истории города Иркутска им. А.М.Сибирякова»  – Отдел истории;Иркутск;1;1;coords_total_museums_1.csv;Не определен;1;52,290348;104,29625;0;Point;
Россия, Иркутск, улица Франк-Каменецкого;Культурно-познавательный туризм;Культурно-познавательный;1329;Музей истории города Иркутска им. А.М.Сибирякова» –   Филиал «Солдаты Отечества»;Иркутск;1;1;coords_total_museums_1.csv;Не определен;1;52,290715;104,296381;0;Point;
Россия, Иркутская область, Саянск, микрорайон Юбилейный;Культурно-познавательный туризм;Культурно-познавательный;1313;Саянская Картинная галерея;Саянск;1;1;coords_total_museums_1.csv;Не определен;1;54,102018;102,155745;0;Point;
Россия, Иркутский район, Усть-Балейское муниципальное образование;Культурно-познавательный туризм;Культурно-познавательный;1356;Обнажение у с. Усть-Балей;Иркутский;1;1;Археология OpenTripMap.xlsx;natural_monuments,historic,archaeology,natural,interesting_places,nature_reserves,other_archaeological_sites;1;52,625;103,983002;0;Point;
Россия, Иркутская область, Усольский район, Раздольинское муниципальное образование;Культурно-познавательный туризм;Культурно-познавательный;1355;Смоленщина и устье р. Олха;Усольский;1;1;Археология OpenTripMap.xlsx;natural_monuments,historic,archaeology,natural,interesting_places,nature_reserves,other_archaeological_sites;1;52,257999;103,157997;0;Point;
Россия, Иркутская область, Ангарск;Культурно-познавательный туризм;Культурно-познавательный;1380;Музей Часов;Ангарский;1;1;Культура OpenTripMap.xlsx;cultural,museums,interesting_places,museums_of_science_and_technology,other_technology_museums;1;52,542278;103,889732;0;Point;
Россия, Иркутская область, Ангарский городской округ, село Савватеевка, Клубная улица;Культурно-познавательный туризм;Культурно-познавательный;1616;"""Лукоморье"" - музей деревянной скульптуры под открытым небом";Ангарский;1;1;Культура OpenTripMap.xlsx;cultural,museums,interesting_places,other_museums;1;52,32914;103,634506;0;Point;
Россия, Иркутская область, Ангарский городской округ, село Савватеевка, Клубная улица;Культурно-познавательный туризм;Культурно-познавательный;1508;"""Лукоморье"" - деревянные скульптуры";Ангарский;1;1;Культура OpenTripMap.xlsx;cultural,urban_environment,interesting_places,installation;1;52,328545;103,631325;0;Point;
Россия, Иркутская область, Ангарск;Культурно-познавательный туризм;Культурно-познавательный;1513;В.С.Высоцкому;Ангарский;1;1;Культура OpenTripMap.xlsx;historic,monuments_and_memorials,cultural,urban_environment,interesting_places,sculptures,monuments;1;52,525242;103,86467;0;Point;
Россия, Иркутская область, Братск, жилой район Падун, улица Гидростроителей;Культурно-познавательный туризм;Культурно-познавательный;1480;Музей БратскГЭСстроя;Братск;1;1;Культура OpenTripMap.xlsx;cultural,museums,interesting_places,history_museums;1;56,291286;101,726219;0;Point;
Россия, Иркутская область, Братск, жилой район Энергетик;Культурно-познавательный туризм;Культурно-познавательный;1664;Памятник И. И. Наймушину;Братск;1;1;Культура OpenTripMap.xlsx;historic,monuments_and_memorials,cultural,urban_environment,interesting_places,sculptures,monuments;1;56,296593;101,766296;0;Point;
Россия, Иркутск, улица Октябрьской Революции;Культурно-познавательный туризм;Культурно-познавательный;1385;Галерея В. Бронштейна;Иркутск;1;1;Культура OpenTripMap.xlsx;cultural,museums,children_museums,interesting_places,art_galleries;1;52,29044;104,302261;0;Point;
Россия, Иркутск, историко-мемориальный комплекс Иерусалимская гора;Культурно-познавательный туризм;Культурно-познавательный;1499;Иркутская Зоогалерея;Иркутск;1;1;Культура OpenTripMap.xlsx;cultural,museums,gardens_and_parks,urban_environment,interesting_places,zoos;1;52,275829;104,302223;0;Point;
Россия, Иркутск, улица Ленина;Культурно-познавательный туризм;Культурно-познавательный;1376;Иркутский областной художественный музей им. В. П. Сукачёва;Иркутск;1;1;Культура OpenTripMap.xlsx;cultural,museums,interesting_places,art_galleries;1;52,283928;104,281715;0;Point;
Россия, Иркутск, улица Франк-Каменецкого;Культурно-познавательный туризм;Культурно-познавательный;1386;Музей истории города Иркутска;Иркутск;1;1;Культура OpenTripMap.xlsx;cultural,museums,interesting_places,history_museums;1;52,290657;104,296387;0;Point;
Россия, Иркутск, улица Карла Маркса;Культурно-познавательный туризм;Культурно-познавательный;1377;Иркутский областной краеведческий музей;Иркутск;1;1;Культура OpenTripMap.xlsx;cultural,museums,interesting_places,local_museums;1;52,281876;104,28418;0;Point;
Россия, Иркутск, улица Карла Маркса;Культурно-познавательный туризм;Культурно-познавательный;1378;Краеведческий музей;Иркутск;1;1;Культура OpenTripMap.xlsx;cultural,museums,interesting_places,other_museums;1;52,275768;104,278214;0;Point;
Россия, Иркутск, улица Ленина;Культурно-познавательный туризм;Культурно-познавательный;1655;Корова;Иркутск;1;1;Культура OpenTripMap.xlsx;cultural,urban_environment,interesting_places,sculptures;1;52,280144;104,281982;0;Point;
Россия, Иркутск, Пролетарская улица;Культурно-познавательный туризм;Культурно-познавательный;1368;Бюст Ленина;Иркутск;1;1;Культура OpenTripMap.xlsx;historic,cultural,urban_environment,monuments_and_memorials,interesting_places,sculptures,monuments;1;52,285694;104,289024;0;Point;
Россия, Иркутск, Куйбышевский район;Культурно-познавательный туризм;Культурно-познавательный;1661;Памятник жёнам декабристов;Иркутск;1;1;Культура OpenTripMap.xlsx;historic,monuments_and_memorials,cultural,urban_environment,interesting_places,sculptures,monuments;1;52,288322;104,305832;0;Point;
Россия, Иркутск, бульвар Гагарина;Культурно-познавательный туризм;Культурно-познавательный;1539;Памятник Камню;Иркутск;1;1;Культура OpenTripMap.xlsx;historic,monuments_and_memorials,cultural,urban_environment,interesting_places,sculptures,monuments;1;52,2798;104,275665;0;Point;
Россия, Иркутск, сквер у памятника маршалу Жукову;Культурно-познавательный туризм;Культурно-познавательный;1548;Г. К. Жукову;Иркутск;1;1;Культура OpenTripMap.xlsx;historic,monuments_and_memorials,cultural,urban_environment,interesting_places,sculptures,monuments;1;52,248878;104,352425;0;Point;
Россия, Иркутск, улица Канадзавы;Культурно-познавательный туризм;Культурно-познавательный;1658;Фонарь котодзи-торо;Иркутск;1;1;Культура OpenTripMap.xlsx;historic,monuments_and_memorials,cultural,urban_environment,interesting_places,sculptures,monuments;1;52,285648;104,279335;0;Point;
Россия, Иркутск, улица Нижняя Набережная;Культурно-познавательный туризм;Культурно-познавательный;1544;Памятник учителю;Иркутск;1;1;Культура OpenTripMap.xlsx;historic,monuments_and_memorials,cultural,urban_environment,interesting_places,sculptures,monuments;1;52,293083;104,284149;0;Point;
Россия, Иркутск, улица Седова;Культурно-познавательный туризм;Культурно-познавательный;1660;Бабр;Иркутск;1;1;Культура OpenTripMap.xlsx;historic,monuments_and_memorials,cultural,urban_environment,interesting_places,sculptures,monuments;1;52,275982;104,286606;0;Point;
Россия, Иркутск, улица Седова;Культурно-познавательный туризм;Культурно-познавательный;1659;Корги;Иркутск;1;1;Культура OpenTripMap.xlsx;historic,monuments_and_memorials,cultural,urban_environment,interesting_places,sculptures,monuments;1;52,275265;104,287643;0;Point;
Россия, Иркутск, улица Франк-Каменецкого;Культурно-познавательный туризм;Культурно-познавательный;1546;В. В. Куйбышеву;Иркутск;1;1;Культура OpenTripMap.xlsx;historic,monuments_and_memorials,cultural,urban_environment,interesting_places,sculptures,monuments;1;52,290974;104,296898;0;Point;
Россия, Иркутск, предместье Марата;Культурно-познавательный туризм;Культурно-познавательный;1374;Памятник адмиралу Колчаку;Иркутск;1;1;Культура OpenTripMap.xlsx;historic,monuments_and_memorials,urban_environment,cultural,interesting_places,sculptures,monuments;1;52,300018;104,295059;0;Point;
Россия, Иркутск, улица Карла Маркса;Культурно-познавательный туризм;Культурно-познавательный;1384;Вампилов;Иркутск;1;1;Культура OpenTripMap.xlsx;historic,monuments_and_memorials,urban_environment,cultural,interesting_places,sculptures,monuments;1;52,278564;104,281097;0;Point;
Россия, Иркутск, улица Ленина;Культурно-познавательный туризм;Культурно-познавательный;1366;В. И. Ленину;Иркутск;1;1;Культура OpenTripMap.xlsx;historic,monuments_and_memorials,urban_environment,cultural,interesting_places,sculptures,monuments;1;52,279427;104,2827;0;Point;
Россия, Иркутск, улица Нижняя Набережная;Культурно-познавательный туризм;Культурно-познавательный;1382;Основателям Иркутска от горожан;Иркутск;1;1;Культура OpenTripMap.xlsx;historic,monuments_and_memorials,urban_environment,cultural,interesting_places,sculptures,monuments;1;52,292645;104,281624;0;Point;
Россия, Иркутск, улица Лермонтова;Культурно-познавательный туризм;Культурно-познавательный;1427;Музей истории ИРНИТУ;Иркутск;1;1;Культура OpenTripMap.xlsx;museums,cultural,interesting_places,history_museums;1;52,262608;104,26149;0;Point;
Россия, Иркутск, улица Халтурина;Культурно-познавательный туризм;Культурно-познавательный;1448;Музей истории политического движения Восточной Сибири;Иркутск;1;1;Культура OpenTripMap.xlsx;museums,cultural,interesting_places,history_museums;1;52,289295;104,287811;0;Point;
Россия, Иркутск, Култукская улица;Культурно-познавательный туризм;Культурно-познавательный;1409;Музей лекарственных трав и минералов;Иркутск;1;1;Культура OpenTripMap.xlsx;museums,cultural,interesting_places,other_museums;1;52,284126;104,330223;0;Point;
Россия, Иркутск, улица Сухэ-Батора;Культурно-познавательный туризм;Культурно-познавательный;1433;Восточно-Сибирский музей микробиологиии ИГУ;Иркутск;1;1;Культура OpenTripMap.xlsx;museums,cultural,interesting_places,other_museums;1;52,288616;104,282608;0;Point;
Россия, Иркутск, улица Седова;Культурно-познавательный туризм;Культурно-познавательный;1478;Ноосфера;Иркутск;1;1;Культура OpenTripMap.xlsx;planetariums,cultural,museums,interesting_places,museums_of_science_and_technology,aviation_museums;1;52,273823;104,289955;0;Point;
Россия, Иркутск, Ленинский округ;Культурно-познавательный туризм;Культурно-познавательный;1501;Стадион Зенит (Иркутск);Иркутск;1;1;Культура OpenTripMap.xlsx;sport,stadiums;1;52,353333;104,226669;0;Point;
Россия, Иркутская область, Железногорск-Илимский, территория Горнолыжная база Гора Западная;Культурно-познавательный туризм;Культурно-познавательный;1497;Гора Западная;Нижнеилимский;1;1;Культура OpenTripMap.xlsx;winter_sports,skiing,sport;1;56,580593;104,103874;0;Point;
Россия, Иркутская область, Нижнеудинск, улица Ленина;Культурно-познавательный туризм;Культурно-познавательный;1613;Нижнеудинский музейно-культурный центр;Нижнеудинский;1;1;Культура OpenTripMap.xlsx;cultural,museums,interesting_places,other_museums;1;54,906773;99,032707;0;Point;
Россия, Иркутская область, Ольхонский район, посёлок Хужир, Первомайская улица;Культурно-познавательный туризм;Культурно-познавательный;1625;Краеведческий музей имени Ревякина;Ольхонский;1;1;Культура OpenTripMap.xlsx;cultural,museums,interesting_places,other_museums;1;53,194607;107,338211;0;Point;
Россия, Иркутская область, Ольхонский район, Шара-Тоготское муниципальное образование;Культурно-познавательный туризм;Культурно-познавательный;1663;Памятник Бродяге;Ольхонский;1;1;Культура OpenTripMap.xlsx;historic,monuments_and_memorials,cultural,urban_environment,interesting_places,sculptures,monuments;1;53,010616;106,806763;0;Point;
Россия, Иркутская область, Тайшетский район, Шиткинское муниципальное образование, рабочий посёлок Шиткино, улица Зои Космодемьянской;Культурно-познавательный туризм;Культурно-познавательный;1588;Дом-музей Зои Космодемьянской;Тайшетский;1;1;Культура OpenTripMap.xlsx;cultural,museums,interesting_places,other_museums;1;56,364212;98,361465;0;Point;
Россия, Иркутская область, Тулун, Советская улица;Культурно-познавательный туризм;Культурно-познавательный;1471;Краеведческий музей имени П. Ф. Гущина;Тулун;1;1;Культура OpenTripMap.xlsx;cultural,museums,interesting_places,local_museums;1;54,556831;100,574028;0;Point;
Россия, Иркутская область, Усольский район, Белореченское городское муниципальное образование;Культурно-познавательный туризм;Культурно-познавательный;1525;Мамонты;Усольский;1;1;Культура OpenTripMap.xlsx;historic,monuments_and_memorials,cultural,urban_environment,interesting_places,sculptures,monuments;1;52,827065;103,542236;0;Point;
Россия, Иркутская область, Усть-Кут, Пролетарская улица;Культурно-познавательный туризм;Культурно-познавательный;1665;Памятник Ленину;Усть-Кутский;1;1;Культура OpenTripMap.xlsx;historic,monuments_and_memorials,cultural,urban_environment,interesting_places,sculptures,monuments;1;56,79491;105,788071;0;Point;
Россия, Иркутская область, Усть-Кут, улица Реброва-Денисова;Культурно-познавательный туризм;Культурно-познавательный;1439;Музей истории транспорта;Усть-Кутский;1;1;Культура OpenTripMap.xlsx;museums,cultural,interesting_places,history_museums;1;56,779579;105,748894;0;Point;
Россия, Иркутская область, Черемхово, микрорайон Ленинский;Культурно-познавательный туризм;Культурно-познавательный;1518;В.И. Ленину;Черемховский;1;1;Культура OpenTripMap.xlsx;historic,monuments_and_memorials,cultural,urban_environment,interesting_places,sculptures,monuments;1;53,137081;103,089127;0;Point;
Россия, Иркутская область, Черемховский район, рабочий посёлок Михайловка, Советская улица;Культурно-познавательный туризм;Культурно-познавательный;1407;Районный историко-краеведческий музей п. Михайловка;Черемховский;1;1;Культура OpenTripMap.xlsx;museums,cultural,interesting_places,history_museums,local_museums;1;52,957062;103,286118;0;Point;
Россия, Иркутская область, Эхирит-Булагатский район, посёлок Усть-Ордынский, улица Ленина;Культурно-познавательный туризм;Культурно-познавательный;1662;Усть-Орда;Эхирит-Булагатский;1;1;Культура OpenTripMap.xlsx;historic,monuments_and_memorials,cultural,urban_environment,interesting_places,sculptures,monuments;1;52,805618;104,752853;0;Point;
Россия, Иркутская область, Усолье-Сибирское, Комсомольская площадь;Культурно-познавательный туризм;Культурно-познавательный;1523;Братьям Михалёвым;не обнаружено;1;1;Культура OpenTripMap.xlsx;historic,monuments_and_memorials,cultural,urban_environment,interesting_places,sculptures,monuments;1;52,757149;103,636864;0;Point;
Россия, Иркутская область, Бодайбо, улица Мира;Культурно-познавательный туризм;Культурно-познавательный;1832;Памятник Ленину В.И.;Бодайбинский;1;1;Монументы OpenTripMap.xlsx;historic,monuments_and_memorials,interesting_places,monuments;1;57,84663;114,202034;0;Point;
Россия, Иркутский район, село Хомутово, улица Кирова;Культурно-познавательный туризм;Культурно-познавательный;1780;Д. Е. Зверев;Иркутский;1;1;Монументы OpenTripMap.xlsx;historic,monuments_and_memorials,interesting_places,monuments;1;52,472767;104,406502;0;Point;
Россия, Иркутская область, Тайшет;Культурно-познавательный туризм;Культурно-познавательный;1844;Танк;Тайшетский;1;1;Монументы OpenTripMap.xlsx;historic,monuments_and_memorials,interesting_places,monuments;1;55,934658;97,993942;0;Point;
Россия, Иркутская область, Бодайбинское муниципальное образование;Природный туризм;Природный;1943;Минеральный источник Теплый ключ;Бодайбинский;1;1;Природа OpenTripMap.xlsx;rock_formations,aquatic_protected_areas,natural_monuments,natural,interesting_places,natural_springs,geological_formations,nature_reserves,springs_others;1;57,007999;116,176003;0;Point;
Россия, Иркутская область, межселенные территории Жигаловского муниципального района;Природный туризм;Природный;1958;Пещера Ботовская;Жигаловский;1;1;Природа OpenTripMap.xlsx;rock_formations,natural_monuments,natural,interesting_places,geological_formations,nature_reserves,caves;1;55,359501;105,471001;0;Point;
Россия, Иркутский район, Ширяевское муниципальное образование;Природный туризм;Природный;1931;Минеральный источник в д. Суховская;Иркутский;1;1;Природа OpenTripMap.xlsx;aquatic_protected_areas,natural_monuments,natural,interesting_places,natural_springs,nature_reserves,springs_others;1;52,5;103,980003;0;Point;
Россия, Иркутский район, Голоустненское муниципальное образование, бухта Песчаная;Природный туризм;Природный;1990;Бухта Песчаная;Иркутский;1;1;Природа OpenTripMap.xlsx;rock_formations,lagoons,natural,interesting_places,geological_formations,water,nature_reserves,national_parks;1;52,2612;105,702003;0;Point;
Россия, Иркутский район, Листвянское муниципальное образование;Природный туризм;Природный;1989;Пещера Часовня;Иркутский;1;1;Природа OpenTripMap.xlsx;rock_formations,natural,interesting_places,geological_formations,nature_reserves,caves,national_parks;1;51,941002;105,249001;0;Point;
Россия, Иркутский район, Голоустненское муниципальное образование;Природный туризм;Природный;1980;Мыс Арка;Иркутский;1;1;Природа OpenTripMap.xlsx;rock_formations,natural,interesting_places,geological_formations,nature_reserves,national_parks;1;52,369999;105,324997;0;Point;
Россия, Иркутский район, Голоустненское муниципальное образование;Природный туризм;Природный;1935;Мыс Дыроватый;Иркутский;1;1;Природа OpenTripMap.xlsx;rock_formations,natural,interesting_places,geological_formations,nature_reserves,national_parks;1;52,105;105,544998;0;Point;
Россия, Иркутский район, Листвянское муниципальное образование;Природный туризм;Природный;1934;Скала «Два Брата» (Иркутская область);Иркутский;1;1;Природа OpenTripMap.xlsx;rock_formations,natural,interesting_places,geological_formations,nature_reserves,national_parks;1;51,896999;105,054001;0;Point;
Россия, Иркутский район, Листвянское муниципальное образование;Природный туризм;Природный;1988;Утес Скрипер;Иркутский;1;1;Природа OpenTripMap.xlsx;rock_formations,natural,interesting_places,geological_formations,nature_reserves,national_parks;1;51,898998;105,128998;0;Point;
Россия, Иркутский район, Листвянское муниципальное образование;Природный туризм;Природный;1951;Чаячий утёс;Иркутский;1;1;Природа OpenTripMap.xlsx;rock_formations,natural,interesting_places,geological_formations,nature_reserves,national_parks;1;51,919998;105,230003;0;Point;
Россия, Иркутский район, Иркутское водохранилище;Природный туризм;Природный;1914;Шаман-камень;Иркутский;1;1;Природа OpenTripMap.xlsx;rock_formations,natural_monuments,interesting_places,natural,geological_formations,nature_reserves;1;51,871845;104,820801;0;Point;
Россия, озеро Байкал;Природный туризм;Природный;1966;Остров Бакланий камень;Иркутский;1;1;Природа OpenTripMap.xlsx;rock_formations,natural_monuments,islands,natural,interesting_places,geological_formations,nature_reserves,other_islands;1;52,23;105,669998;0;Point;
Россия, Иркутская область, Казачинско-Ленский район, Магистральнинское муниципальное образование;Природный туризм;Природный;1938;Минеральный источник Биреинский;Казачинско-Ленский;1;1;Природа OpenTripMap.xlsx;aquatic_protected_areas,natural_monuments,natural,interesting_places,natural_springs,nature_reserves,springs_others;1;56,192001;107,449997;0;Point;
Россия, Иркутская область, Казачинско-Ленский район, Магистральнинское муниципальное образование;Природный туризм;Природный;1964;Родники Ключи;Казачинско-Ленский;1;1;Природа OpenTripMap.xlsx;aquatic_protected_areas,natural_monuments,natural,interesting_places,natural_springs,nature_reserves,springs_others;1;56,18;107,5;0;Point;
Россия, Иркутская область, Казачинско-Ленский район, Новосёловское муниципальное образование;Природный туризм;Природный;1976;Источник р. Окунайка;Казачинско-Ленский;1;1;Природа OpenTripMap.xlsx;aquatic_protected_areas,natural_monuments,natural,interesting_places,natural_springs,nature_reserves,springs_others;1;56,119999;107,669998;0;Point;
Россия, Иркутская область, Казачинское сельское поселение;Природный туризм;Природный;1937;Минеральный источник Ермаковский;Казачинско-Ленский;1;1;Природа OpenTripMap.xlsx;aquatic_protected_areas,natural_monuments,natural,interesting_places,natural_springs,nature_reserves,springs_others;1;56,625;107,792;0;Point;
Россия, Иркутская область, межселенные территории Казачинско-Ленского муниципального района;Природный туризм;Природный;1939;Минеральный источник Мунокский;Казачинско-Ленский;1;1;Природа OpenTripMap.xlsx;aquatic_protected_areas,natural_monuments,natural,interesting_places,natural_springs,nature_reserves,springs_others;1;55,682999;107,733002;0;Point;
Россия, Иркутская область, межселенные территории Казачинско-Ленского муниципального района;Природный туризм;Природный;1978;Умбельский источник;Казачинско-Ленский;1;1;Природа OpenTripMap.xlsx;aquatic_protected_areas,natural_monuments,natural,interesting_places,natural_springs,nature_reserves,springs_others;1;55,907001;108,218002;0;Point;
Россия, Иркутская область, Катангский район, Непское муниципальное образование;Природный туризм;Природный;1977;Гаженский источник;Катангский;1;1;Природа OpenTripMap.xlsx;aquatic_protected_areas,natural_monuments,natural,interesting_places,natural_springs,nature_reserves,springs_others;1;59,154701;108,161003;0;Point;
Россия, Иркутская область, межселенные территории Мамско-Чуйского муниципального района;Природный туризм;Природный;1979;Источник соленых минеральных вод «Вонькие ключи»;Мамско-Чуйский;1;1;Природа OpenTripMap.xlsx;aquatic_protected_areas,natural_monuments,natural,interesting_places,natural_springs,nature_reserves,springs_others;1;59,240002;111,970001;0;Point;
Россия, Иркутская область, Нижнеилимский район, Березняковское муниципальное образование;Природный туризм;Природный;1928;Пещера Игирминская;Нижнеилимский;1;1;Природа OpenTripMap.xlsx;rock_formations,natural_monuments,natural,interesting_places,geological_formations,nature_reserves,caves;1;56,974998;103,650002;0;Point;
Россия, Иркутская область, межселенные территории Нижнеилимского муниципального района;Природный туризм;Природный;1953;Пещеры в скале Кутунай;Нижнеилимский;1;1;Природа OpenTripMap.xlsx;rock_formations,natural_monuments,natural,interesting_places,geological_formations,nature_reserves,caves;1;56,817001;103,550003;0;Point;
Россия, Иркутская область, Нижнеудинский район, Тофаларское муниципальное образование;Природный туризм;Природный;1971;Карстовый колодец «Восьмое Марта»;Нижнеудинский;1;1;Природа OpenTripMap.xlsx;rock_formations,natural_monuments,natural,interesting_places,geological_formations,nature_reserves;1;53,650002;98,675003;0;Point;
Россия, Иркутская область, Нижнеудинский район, Порогское муниципальное образование;Природный туризм;Природный;1968;Нижнеудинские пещеры;Нижнеудинский;1;1;Природа OpenTripMap.xlsx;rock_formations,natural_monuments,natural,interesting_places,geological_formations,nature_reserves,caves;1;54,492001;99,206001;0;Point;
Россия, Иркутская область, Нижнеудинский район, Тофаларское муниципальное образование;Природный туризм;Природный;1970;Пещера «Спиринская»;Нижнеудинский;1;1;Природа OpenTripMap.xlsx;rock_formations,natural_monuments,natural,interesting_places,geological_formations,nature_reserves,caves;1;53,650002;98,175003;0;Point;
Россия, Иркутская область, Нижнеудинский район, Тофаларское муниципальное образование;Природный туризм;Природный;1950;Пещера Зимняя сказка;Нижнеудинский;1;1;Природа OpenTripMap.xlsx;rock_formations,natural_monuments,natural,interesting_places,geological_formations,nature_reserves,caves;1;53,650002;98,169998;0;Point;
Россия, Иркутская область, Нижнеудинский район, Верхнегутарское муниципальное образование;Природный туризм;Природный;1969;Гутарский водопад;Нижнеудинский;1;1;Природа OpenTripMap.xlsx;rock_formations,natural_monuments,natural,interesting_places,geological_formations,waterfalls,water,nature_reserves;1;54,200001;96,970001;0;Point;
Россия, Иркутская область, Ольхонский район, Хужирское муниципальное образование, мыс Бурхан;Природный туризм;Природный;1906;Шаманка;Ольхонский;1;1;Природа OpenTripMap.xlsx;geological_formations,natural,interesting_places,nature_reserves,caves,other_nature_conservation_areas;1;53,2038;107,338776;0;Point;
Россия, Иркутская область, Ольхонский район, Еланцынское муниципальное образование;Природный туризм;Природный;1992;Мыс Улан-Нур;Ольхонский;1;1;Природа OpenTripMap.xlsx;natural,interesting_places,nature_reserves,national_parks;1;52,838001;106,723;0;Point;
Россия, Иркутская область, Ольхонский район, Шара-Тоготское муниципальное образование;Природный туризм;Природный;1993;Пещера Мечта;Ольхонский;1;1;Природа OpenTripMap.xlsx;rock_formations,natural,interesting_places,geological_formations,nature_reserves,caves,national_parks;1;52,971001;106,806;0;Point;
Россия, Иркутская область, Ольхонский район, Еланцынское муниципальное образование;Природный туризм;Природный;1991;Скала Саган-Заба;Ольхонский;1;1;Природа OpenTripMap.xlsx;rock_formations,natural,interesting_places,geological_formations,nature_reserves,national_parks;1;52,678001;106,468002;0;Point;
Россия, Иркутская область, Ольхонский район, Хужирское муниципальное образование, мыс Три Брата;Природный туризм;Природный;1995;Мыс Саган-Хушун;Ольхонский;1;1;Природа OpenTripMap.xlsx;rock_formations,natural,interesting_places,geological_formations,nature_reserves,national_parks;1;53,391998;107,730003;0;Point;
Россия, Иркутская область, Ольхонский район, Хужирское муниципальное образование, мыс Хобой;Природный туризм;Природный;1996;Мыс Хобой;Ольхонский;1;1;Природа OpenTripMap.xlsx;rock_formations,natural,interesting_places,geological_formations,nature_reserves,national_parks;1;53,41;107,788002;0;Point;
Россия, Иркутская область, Ольхонский район, Хужирское муниципальное образование, остров Ольхон;Природный туризм;Природный;1994;Полуостров «Кобылья Голова»;Ольхонский;1;1;Природа OpenTripMap.xlsx;rock_formations,natural,interesting_places,geological_formations,nature_reserves,national_parks;1;53,070999;106,925003;0;Point;
Россия, Иркутская область, Ольхонский район, Хужирское муниципальное образование, остров Ольхон;Природный туризм;Природный;1987;Эоловые формы рельефа урочища Песчанка;Ольхонский;1;1;Природа OpenTripMap.xlsx;rock_formations,natural,interesting_places,geological_formations,nature_reserves,national_parks;1;53,224998;107,442001;0;Point;
Россия, Иркутская область, Ольхонский район, Хужирское муниципальное образование, мыс Бурхан;Природный туризм;Природный;1962;Мыс Бурхан;Ольхонский;1;1;Природа OpenTripMap.xlsx;rock_formations,natural_monuments,natural,interesting_places,geological_formations,nature_reserves;1;53,203999;107,338997;0;Point;
Россия, Иркутская область, Ольхонский район, Онгурёнское муниципальное образование;Природный туризм;Природный;1963;Водопад на р. Безымянной;Ольхонский;1;1;Природа OpenTripMap.xlsx;rock_formations,natural_monuments,natural,interesting_places,geological_formations,waterfalls,water,nature_reserves;1;54,299999;108,470001;0;Point;
Россия, Иркутская область, Слюдянское муниципальное образование;Природный туризм;Природный;1954;Копь Якунина;Слюдянский;1;1;Природа OpenTripMap.xlsx;industrial_facilities,natural_monuments,mineshafts,natural,interesting_places,nature_reserves;1;51,632999;103,699997;0;Point;
Россия, Иркутская область, Слюдянский район, рабочий посёлок Култук, Комсомольская улица;Природный туризм;Природный;1955;Некк Чертова гора;Слюдянский;1;1;Природа OpenTripMap.xlsx;mountain_peaks,natural_monuments,natural,interesting_places,geological_formations,nature_reserves;1;51,716999;103,682999;0;Point;
Россия, Иркутская область, Слюдянский район, Утуликское муниципальное образование;Природный туризм;Природный;1956;Мангутайское месторождение;Слюдянский;1;1;Природа OpenTripMap.xlsx;natural_monuments,natural,interesting_places,nature_reserves;1;51,580002;103,879997;0;Point;
Россия, Иркутская область, Слюдянское муниципальное образование;Природный туризм;Природный;1940;Копи р. Талая;Слюдянский;1;1;Природа OpenTripMap.xlsx;natural_monuments,natural,interesting_places,nature_reserves;1;51,692001;103,650002;0;Point;
Россия, Иркутская область, Слюдянский район, Быстринское муниципальное образование;Природный туризм;Природный;1933;Террасы р. Тибельти;Слюдянский;1;1;Природа OpenTripMap.xlsx;rock_formations,natural_monuments,natural,interesting_places,geological_formations,nature_reserves;1;51,775002;103,233002;0;Point;
Россия, Иркутская область, Слюдянский район, Маритуйское муниципальное образование;Природный туризм;Природный;1975;Белая выемка;Слюдянский;1;1;Природа OpenTripMap.xlsx;rock_formations,natural_monuments,natural,interesting_places,geological_formations,nature_reserves;1;51,799;104,426003;0;Point;
Россия, Иркутская область, Слюдянское муниципальное образование;Природный туризм;Природный;1942;Карьер «Буровщина»;Слюдянский;1;1;Природа OpenTripMap.xlsx;rock_formations,natural_monuments,natural,interesting_places,geological_formations,nature_reserves;1;51,618;103,803001;0;Point;
Россия, Иркутская область, Слюдянское муниципальное образование;Природный туризм;Природный;1927;Карьер «Перевал»;Слюдянский;1;1;Природа OpenTripMap.xlsx;rock_formations,natural_monuments,natural,interesting_places,geological_formations,nature_reserves;1;51,623001;103,626999;0;Point;
Россия, Иркутская область, Слюдянское муниципальное образование;Природный туризм;Природный;1973;Обнажение вулканических пород в районе метеостанции Хамар-Дабан;Слюдянский;1;1;Природа OpenTripMap.xlsx;rock_formations,natural_monuments,natural,interesting_places,geological_formations,nature_reserves;1;51,529999;103,580002;0;Point;
Россия, Иркутская область, Слюдянское муниципальное образование;Природный туризм;Природный;1965;Скала Чапаевка;Слюдянский;1;1;Природа OpenTripMap.xlsx;rock_formations,natural_monuments,natural,interesting_places,geological_formations,nature_reserves;1;51,630001;103,660004;0;Point;
Россия, Иркутская область, Слюдянское муниципальное образование, Шаманский мыс;Природный туризм;Природный;1974;Шаманский мыс;Слюдянский;1;1;Природа OpenTripMap.xlsx;rock_formations,natural_monuments,natural,interesting_places,geological_formations,nature_reserves;1;51,694;103,704002;0;Point;
Россия, Иркутская область, Слюдянское муниципальное образование;Природный туризм;Природный;1941;Пещера в пади Улунтуй;Слюдянский;1;1;Природа OpenTripMap.xlsx;rock_formations,natural_monuments,natural,interesting_places,geological_formations,nature_reserves,caves;1;51,599998;103,650002;0;Point;
Россия, Иркутская область, Слюдянское муниципальное образование;Природный туризм;Природный;1972;Водопады реки Подкомарной;Слюдянский;1;1;Природа OpenTripMap.xlsx;rock_formations,natural_monuments,natural,interesting_places,geological_formations,waterfalls,water,nature_reserves;1;51,525002;103,575996;0;Point;
Россия, Иркутская область, Тайшетский район, Рождественское муниципальное образование;Природный туризм;Природный;1929;Минеральный источник с. Рождественка;Тайшетский;1;1;Природа OpenTripMap.xlsx;aquatic_protected_areas,natural_monuments,natural,interesting_places,natural_springs,nature_reserves,springs_others;1;55,799999;97,608002;0;Point;
Россия, Иркутская область, Тайшетский район, река Соляная;Природный туризм;Природный;1932;Минеральный источник на р. Соляная;Тайшетский;1;1;Природа OpenTripMap.xlsx;aquatic_protected_areas,natural_monuments,natural,interesting_places,natural_springs,nature_reserves,springs_others;1;55,533001;97,849998;0;Point;
Россия, Иркутская область, Усольский район, Новожилкинское муниципальное образование;Природный туризм;Природный;1930;Минеральный источник д. Максимовщина;Усольский;1;1;Природа OpenTripMap.xlsx;aquatic_protected_areas,natural_monuments,natural,interesting_places,natural_springs,nature_reserves,springs_others;1;52,608002;103,516998;0;Point;
Россия, Иркутская область, Усольский район, Раздольинское муниципальное образование;Природный туризм;Природный;1947;Минеральный источник Горький;Усольский;1;1;Природа OpenTripMap.xlsx;aquatic_protected_areas,natural_monuments,natural,interesting_places,natural_springs,nature_reserves,springs_others;1;52,466999;103,266998;0;Point;
Россия, Иркутская область, Усть-Кутский район, Верхнемарковское муниципальное образование, село Марково;Природный туризм;Природный;1945;Минеральный источник Верхнемарковский;Усть-Кутский;1;1;Природа OpenTripMap.xlsx;aquatic_protected_areas,natural_monuments,natural,interesting_places,natural_springs,nature_reserves,springs_others;1;57,333;107,067001;0;Point;
Россия, Иркутская область, Усть-Кутский район, Ручейское муниципальное образование;Природный туризм;Природный;1949;Минеральный источник д. Каймоново;Усть-Кутский;1;1;Природа OpenTripMap.xlsx;aquatic_protected_areas,natural_monuments,natural,interesting_places,natural_springs,nature_reserves,springs_others;1;56,825001;104,875;0;Point;
Россия, Иркутская область, Усть-Кутское муниципальное образование;Природный туризм;Природный;1959;Минеральный источник Турукский;Усть-Кутский;1;1;Природа OpenTripMap.xlsx;aquatic_protected_areas,natural_monuments,natural,interesting_places,natural_springs,nature_reserves,springs_others;1;56,68;105,75;0;Point;
Россия, Иркутская область, Усть-Кутское муниципальное образование;Природный туризм;Природный;1948;Скала Мир;Усть-Кутский;1;1;Природа OpenTripMap.xlsx;rock_formations,natural_monuments,natural,interesting_places,geological_formations,nature_reserves;1;56,799999;105,68;0;Point;
Россия, Иркутская область, Шелеховский район, Баклашинское муниципальное образование;Природный туризм;Природный;1946;Минеральный источник в д. Олха;Шелеховский;1;1;Природа OpenTripMap.xlsx;aquatic_protected_areas,natural_monuments,natural,interesting_places,natural_springs,nature_reserves,springs_others;1;52,167;104,083;0;Point;
Россия, Иркутская область, Шелеховский район, Шаманское муниципальное образование;Природный туризм;Природный;1957;Минеральный источник в д. Моты;Шелеховский;1;1;Природа OpenTripMap.xlsx;aquatic_protected_areas,natural_monuments,natural,interesting_places,natural_springs,nature_reserves,springs_others;1;52,091999;103,891998;0;Point;
Россия, Иркутская область, Шелеховский район, Шаманское муниципальное образование, Шаманский утёс;Природный туризм;Природный;1952;Утес Шаманский;Шелеховский;1;1;Природа OpenTripMap.xlsx;rock_formations,natural_monuments,natural,interesting_places,geological_formations,nature_reserves;1;52,084999;103,851997;0;Point;
Россия, Иркутская область, Ангарск, Троицкая улица;Религиозный туризм;Религиозный;2265;Троицкий собор;Ангарский;1;1;Религия OpenTripMap.xlsx;religion,other_temples,interesting_places;1;52,528019;103,870934;0;Point;
Россия, Иркутская область, Братск, улица Мира;Религиозный туризм;Религиозный;2320;Храм Рождества Христова;Братск;1;1;Религия OpenTripMap.xlsx;religion,other_temples,interesting_places;1;56,155655;101,624001;0;Point;
Россия, Иркутск, Каштаковская улица;Религиозный туризм;Религиозный;2261;Князе-Владимирская церковь;Иркутск;1;1;Религия OpenTripMap.xlsx;religion,churches,interesting_places,eastern_orthodox_churches;1;52,297787;104,332916;0;Point;
Россия, Иркутск, переулок Волконского;Религиозный туризм;Религиозный;2251;Спасо-Преображенский храм;Иркутск;1;1;Религия OpenTripMap.xlsx;religion,churches,interesting_places,eastern_orthodox_churches;1;52,287735;104,303696;0;Point;
Россия, Иркутск, улица Баррикад;Религиозный туризм;Религиозный;2252;Церковь Казанской божьей матери;Иркутск;1;1;Религия OpenTripMap.xlsx;religion,churches,interesting_places,eastern_orthodox_churches;1;52,292103;104,316376;0;Point;
Россия, Иркутск, улица Седова;Религиозный туризм;Религиозный;2244;Крестовоздвиженская церковь;Иркутск;1;1;Религия OpenTripMap.xlsx;religion,churches,interesting_places,eastern_orthodox_churches;1;52,27636;104,288376;0;Point;
Россия, Иркутск, улица Сухэ-Батора;Религиозный туризм;Религиозный;2250;Собор Богоявления;Иркутск;1;1;Религия OpenTripMap.xlsx;religion,churches,interesting_places,eastern_orthodox_churches;1;52,292217;104,282616;0;Point;
Россия, Иркутск, Краснофлотский переулок;Религиозный туризм;Религиозный;2256;Церковь Григория Неокесарийского (Иркутск);Иркутск;1;1;Религия OpenTripMap.xlsx;religion,churches,interesting_places,other_churches;1;52,285149;104,270126;0;Point;
Россия, Иркутск, Профсоюзная улица;Религиозный туризм;Религиозный;2253;Николо-Иннокентьевский храм;Иркутск;1;1;Религия OpenTripMap.xlsx;religion,churches,interesting_places,other_churches;1;52,280464;104,259171;0;Point;
Россия, Иркутск, улица Борцов Революции;Религиозный туризм;Религиозный;2243;Входо-Иерусалимский храм;Иркутск;1;1;Религия OpenTripMap.xlsx;religion,churches,interesting_places,other_churches;1;52,276966;104,297272;0;Point;
Россия, Иркутск, улица Грибоедова;Религиозный туризм;Религиозный;2266;Приход Непорочного Сердца Божьей Матери;Иркутск;1;1;Религия OpenTripMap.xlsx;religion,churches,interesting_places,other_churches;1;52,2626;104,257294;0;Point;
Россия, Иркутск, улица Декабрьских Событий;Религиозный туризм;Религиозный;2258;Владимирская церковь (Иркутск);Иркутск;1;1;Религия OpenTripMap.xlsx;religion,churches,interesting_places,other_churches;1;52,292221;104,28833;0;Point;
Россия, Иркутск, улица Сухэ-Батора;Религиозный туризм;Религиозный;2255;Римско-католический костёл (Иркутск);Иркутск;1;1;Религия OpenTripMap.xlsx;religion,churches,interesting_places,other_churches;1;52,290417;104,282585;0;Point;
Россия, Иркутск, Каштаковская улица;Религиозный туризм;Религиозный;2263;Князь-Владимирский храм;Иркутск;1;1;Религия OpenTripMap.xlsx;religion,monasteries,interesting_places;1;52,297832;104,333138;0;Point;
Россия, Иркутск, улица Рабочего Штаба;Религиозный туризм;Религиозный;2246;Знаменский монастырь;Иркутск;1;1;Религия OpenTripMap.xlsx;religion,monasteries,interesting_places;1;52,301083;104,294746;0;Point;
Россия, Иркутск, улица Карла Либкнехта;Религиозный туризм;Религиозный;2274;Иркутская соборная мечеть;Иркутск;1;1;Религия OpenTripMap.xlsx;religion,mosques,interesting_places;1;52,281357;104,306015;0;Point;
Россия, Иркутск, Байкальская улица;Религиозный туризм;Религиозный;2334;Церковь Веры, Надежды, Любови и Матери Их Софии;Иркутск;1;1;Религия OpenTripMap.xlsx;religion,other_temples,interesting_places;1;52,258259;104,328842;0;Point;
Россия, Иркутск, Кировский район;Религиозный туризм;Религиозный;2303;Свято-Троицкий храм;Иркутск;1;1;Религия OpenTripMap.xlsx;religion,other_temples,interesting_places;1;52,285408;104,270218;0;Point;
Россия, Иркутск, Полярная улица;Религиозный туризм;Религиозный;2305;Приход успения Божей матери;Иркутск;1;1;Религия OpenTripMap.xlsx;religion,other_temples,interesting_places;1;52,327702;104,267792;0;Point;
Россия, Иркутск, улица Академика Образцова;Религиозный туризм;Религиозный;2352;Храм великомученика и целителя Пантелеймона;Иркутск;1;1;Религия OpenTripMap.xlsx;religion,other_temples,interesting_places;1;52,334221;104,203995;0;Point;
Россия, Иркутск, улица Лызина;Религиозный туризм;Религиозный;2335;Церковь Адвентистов Седьмого Дня, Община №1;Иркутск;1;1;Религия OpenTripMap.xlsx;religion,other_temples,interesting_places;1;52,281521;104,334869;0;Point;
Россия, Иркутск, улица Мира;Религиозный туризм;Религиозный;2268;Церковь Рождества Христова;Иркутск;1;1;Религия OpenTripMap.xlsx;religion,other_temples,interesting_places;1;52,350834;104,213608;0;Point;
Россия, Иркутск, улица Якоби;Религиозный туризм;Религиозный;2354;Храм Александра Невского;Иркутск;1;1;Религия OpenTripMap.xlsx;religion,other_temples,interesting_places;1;52,229404;104,311783;0;Point;
Россия, Иркутск, улица Карла Либкнехта;Религиозный туризм;Религиозный;2249;Иркутская синагога;Иркутск;1;1;Религия OpenTripMap.xlsx;religion,synagogues,interesting_places;1;52,286491;104,296616;0;Point;
Россия, Иркутская область, Усольский район, Тельминское муниципальное образование, рабочий посёлок Тельма, улица Зуева;Религиозный туризм;Религиозный;2257;Казанская церковь (Тельма);Усольский;1;1;Религия OpenTripMap.xlsx;religion,churches,interesting_places,other_churches;1;52,696609;103,714226;0;Point;
Россия, Иркутская область, Шелехов, микрорайон Центральный;Религиозный туризм;Религиозный;2272;Храм Святых Апостолов Петра и Павла;Шелеховский;1;1;Религия OpenTripMap.xlsx;religion,other_temples,interesting_places;1;52,211987;104,072594;0;Point;
Россия, Иркутская область, Ангарск, улица Карла Маркса;Культурно-познавательный туризм;Культурно-познавательный;1325;Художественный центр;Ангарский;2;0;coords_total_museums_1.csv;Не определен;0;52,538111;103,892222;0;Point;102
Россия, Иркутская область, Ангарск;Культурно-познавательный туризм;Культурно-познавательный;1323;Музей часов;Ангарский;2;0;coords_total_museums_1.csv;Не определен;0;52,542363;103,889621;0;Point;297
Россия, Иркутская область, Ангарск;Культурно-познавательный туризм;Культурно-познавательный;1322;Музей минералов;Ангарский;2;0;coords_total_museums_1.csv;Не определен;0;52,542248;103,884854;0;Point;299
Россия, Иркутск, улица Карла Маркса;Культурно-познавательный туризм;Культурно-познавательный;1336;Иркутский областной краеведческий музей – Отдел Истории;Иркутск;2;0;coords_total_museums_1.csv;Не определен;0;52,27574;104,278115;0;Point;121
Россия, Иркутск, улица Дзержинского;Культурно-познавательный туризм;Культурно-познавательный;1343;Иркутский областной историко-мемориальный музей декабристов –  Дом-музей Волконских;Иркутск;2;0;coords_total_museums_1.csv;Не определен;0;52,288895;104,301797;0;Point;320
Россия, Иркутск, улица Софьи Перовской;Культурно-познавательный туризм;Культурно-познавательный;1347;Музей ретро мототехники и предметов эпохи СССР;Иркутск;2;0;coords_total_museums_1.csv;Не определен;0;52,27919;104,297191;0;Point;321
Россия, Иркутск, улица Карла Маркса;Культурно-познавательный туризм;Культурно-познавательный;1339;Иркутский областной краеведческий музей – Отдел «Окно в Азию»;Иркутск;2;0;coords_total_museums_1.csv;Не определен;0;52,281685;104,284299;0;Point;332
Россия, Иркутск, переулок Волконского;Культурно-познавательный туризм;Культурно-познавательный;1342;Иркутский областной историко-мемориальный музей декабристов – Дом-музей Трубецких;Иркутск;2;0;coords_total_museums_1.csv;Не определен;0;52,287651;104,304887;0;Point;374
Россия, Иркутск, улица Ленина;Культурно-познавательный туризм;Культурно-познавательный;1333;ГБУК Иркутский областной художественный музей им. В.П. Сукачёва – Филиал «Галерея сибирского искусства»;Иркутск;2;0;coords_total_museums_1.csv;Не определен;0;52,283958;104,281599;0;Point;751
Россия, Иркутск, улица Карла Маркса;Культурно-познавательный туризм;Культурно-познавательный;1337;Иркутский областной краеведческий музей – Отдел Природы;Иркутск;2;0;coords_total_museums_1.csv;Не определен;0;52,281685;104,284299;0;Point;1104
Россия, Иркутск, улица Карла Маркса;Культурно-познавательный туризм;Культурно-познавательный;1332;ГБУК Иркутский областной художественный музей им. В.П. Сукачёва – Главное здание;Иркутск;2;0;coords_total_museums_1.csv;Не определен;0;52,284293;104,287374;0;Point;1105
Россия, Иркутск, улица Богдана Хмельницкого;Культурно-познавательный туризм;Культурно-познавательный;1346;Культурный центр Александра Вампилова;Иркутск;2;0;coords_total_museums_1.csv;Не определен;0;52,283183;104,288103;0;Point;1308
Россия, Иркутск, улица Франк-Каменецкого;Культурно-познавательный туризм;Культурно-познавательный;1328;Музей истории города Иркутска им. А.М.Сибирякова» –   Городской выставочный центр им. В.С. Рогаля;Иркутск;2;0;coords_total_museums_1.csv;Не определен;0;52,290715;104,296381;0;Point;1327
Россия, Иркутск, улица Франк-Каменецкого;Культурно-познавательный туризм;Культурно-познавательный;1330;Музей истории города Иркутска им. А.М. Сибирякова» – Филиал «Музей городского быта», «Музей чая»    ;Иркутск;2;0;coords_total_museums_1.csv;Не определен;0;52,290715;104,296381;0;Point;1329
Россия, Иркутск, улица Карла Маркса;Культурно-познавательный туризм;Культурно-познавательный;1335;ГБУК Иркутский областной художественный музей им. В.П. Сукачёва – Филиал Информационнообразовательный центр «Русский музей: виртуальный филиал»;Иркутск;2;0;coords_total_museums_1.csv;Не определен;0;52,284293;104,287374;0;Point;1334
Россия, Иркутск, улица Карла Маркса;Культурно-познавательный туризм;Культурно-познавательный;1341;Иркутский областной краеведческий музей – Музей В.Г.Распутина;Иркутск;2;0;coords_total_museums_1.csv;Не определен;0;52,27574;104,278115;0;Point;1338
Россия, Иркутская область, Аларский район, посёлок Кутулик, Советская улица;Культурно-познавательный туризм;Культурно-познавательный;1618;Музей Вампилова;Аларский;2;0;Культура OpenTripMap.xlsx;cultural,museums,interesting_places,other_museums;0;53,341068;102,79847;0;Point;1310
Россия, Иркутская область, Ангарск;Культурно-познавательный туризм;Культурно-познавательный;1598;Родина (недейств.);Ангарский;2;0;Культура OpenTripMap.xlsx;cultural,cinemas,theatres_and_entertainments,interesting_places;0;52,511501;103,862892;0;Point;208
Россия, Иркутская область, Ангарск;Культурно-познавательный туризм;Культурно-познавательный;1617;Музей Победы;Ангарский;2;0;Культура OpenTripMap.xlsx;cultural,museums,interesting_places,other_museums;0;52,512539;103,862015;0;Point;1321
Россия, Иркутская область, Ангарск, улица Алёшина;Культурно-познавательный туризм;Культурно-познавательный;1511;Дождливое такси;Ангарский;2;0;Культура OpenTripMap.xlsx;cultural,urban_environment,interesting_places,installation;0;52,521416;103,8452;0;Point;1077
Россия, Иркутская область, Ангарский городской округ, село Савватеевка, Клубная улица;Культурно-познавательный туризм;Культурно-познавательный;1643;"""Лукоморье"" - деревянные скульптуры";Ангарский;2;0;Культура OpenTripMap.xlsx;cultural,urban_environment,interesting_places,installation;0;52,328609;103,63224;0;Point;1508
Россия, Иркутская область, Ангарский городской округ, село Савватеевка, Клубная улица;Культурно-познавательный туризм;Культурно-познавательный;1645;деревянные скульптуры;Ангарский;2;0;Культура OpenTripMap.xlsx;cultural,urban_environment,interesting_places,installation;0;52,329025;103,633827;0;Point;1616
Россия, Иркутская область, Ангарск;Культурно-познавательный туризм;Культурно-познавательный;1419;Ангарский городской музей;Ангарский;2;0;Культура OpenTripMap.xlsx;museums,cultural,interesting_places,local_museums;0;52,542297;103,889687;0;Point;1380
Россия, Иркутская область, Бодайбо, улица Стояновича;Культурно-познавательный туризм;Культурно-познавательный;1671;Краеведческий музей;Бодайбинский;2;0;Культура OpenTripMap.xlsx;cultural,museums,interesting_places,other_museums;0;57,84557;114,199173;0;Point;317
Россия, Иркутская область, Бодайбо;Культурно-познавательный туризм;Культурно-познавательный;1589;Дом Юнатов;Бодайбинский;2;0;Культура OpenTripMap.xlsx;cultural,museums,interesting_places,zoos;0;57,849747;114,207924;0;Point;155
Россия, Иркутская область, Братск, улица Мира;Культурно-познавательный туризм;Культурно-познавательный;1485;Драматический театр города Братска;Братск;2;0;Культура OpenTripMap.xlsx;cultural,theatres_and_entertainments,interesting_places,other_theatres;0;56,156872;101,623253;0;Point;712
Россия, Иркутская область, Братск, жилой район Центральный;Культурно-познавательный туризм;Культурно-познавательный;1560;Чарли;Братск;2;0;Культура OpenTripMap.xlsx;cultural,urban_environment,interesting_places,sculptures;0;56,174728;101,608627;0;Point;221
Россия, Иркутская область, Братск, Комсомольская улица;Культурно-познавательный туризм;Культурно-познавательный;1432;Братский художественный выставочный зал;Братск;2;0;Культура OpenTripMap.xlsx;museums,cultural,interesting_places,art_galleries;0;56,166981;101,619118;0;Point;1320
Россия, Иркутская область, Братск, Парковая улица;Культурно-познавательный туризм;Культурно-познавательный;1452;Музей истории политической ссылки;Братск;2;0;Культура OpenTripMap.xlsx;museums,cultural,interesting_places,history_museums;0;56,157818;101,605713;0;Point;347
Россия, Иркутская область, Братск, Комсомольская улица;Культурно-познавательный туризм;Культурно-познавательный;1440;Братский объединенный музей истории освоения Ангары;Братск;2;0;Культура OpenTripMap.xlsx;museums,cultural,interesting_places,history_museums,local_museums;0;56,159756;101,616257;0;Point;344
Россия, Иркутская область, Братск, Комсомольская улица;Культурно-познавательный туризм;Культурно-познавательный;1453;Ангарская деревня;Братск;2;0;Культура OpenTripMap.xlsx;museums,cultural,interesting_places,local_museums;0;56,159718;101,616089;0;Point;1317
Россия, Иркутская область, Братск, проспект Ленина;Культурно-познавательный туризм;Культурно-познавательный;1387;Братский городской театр куклы, актёра, маски «Тирлямы»;Братск;2;0;Культура OpenTripMap.xlsx;puppetries,theatres_and_entertainments,cultural,interesting_places;0;56,14843;101,63298;0;Point;713
Россия, Иркутская область, Братский район, Вихоревское муниципальное образование, Вихоревка, улица Кошевого;Культурно-познавательный туризм;Культурно-познавательный;1400;Историко-краеведческий музей города Вихоревки;Братский;2;0;Культура OpenTripMap.xlsx;museums,cultural,interesting_places,history_museums,local_museums;0;56,123844;101,177811;0;Point;175
Россия, Иркутская область, Зима, Ангарская улица;Культурно-познавательный туризм;Культурно-познавательный;1467;Краеведческий музей;Зима;2;0;Культура OpenTripMap.xlsx;cultural,museums,interesting_places,history_museums,local_museums;0;53,934055;102,05217;0;Point;295
Россия, Иркутск, улица Декабрьских Событий;Культурно-познавательный туризм;Культурно-познавательный;1472;Усадьба Сукачёва;Иркутск;2;0;Культура OpenTripMap.xlsx;biographical_museums,historic_architecture,architecture,cultural,museums,interesting_places,manor_houses,history_museums,art_galleries;0;52,278915;104,316406;0;Point;377
Россия, Иркутск, улица Свердлова;Культурно-познавательный туризм;Культурно-познавательный;1411;Музей Распутина;Иркутск;2;0;Культура OpenTripMap.xlsx;biographical_museums,museums,cultural,interesting_places,local_museums;0;52,284679;104,283134;0;Point;324
Россия, Иркутск, улица Мухиной;Культурно-познавательный туризм;Культурно-познавательный;1461;Дом кино;Иркутск;2;0;Культура OpenTripMap.xlsx;cinemas,theatres_and_entertainments,cultural,interesting_places;0;52,231064;104,302811;0;Point;759
Россия, Иркутск, Пролетарская улица;Культурно-познавательный туризм;Культурно-познавательный;1369;Иркутский государственный цирк;Иркутск;2;0;Культура OpenTripMap.xlsx;circuses,cultural,theatres_and_entertainments,interesting_places;0;52,287846;104,287659;0;Point;745
Россия, Иркутск, Байкальская улица;Культурно-познавательный туризм;Культурно-познавательный;1670;БАРГУЗИН;Иркутск;2;0;Культура OpenTripMap.xlsx;cultural,cinemas,theatres_and_entertainments,interesting_places;0;52,266495;104,310226;0;Point;205
Россия, Иркутск, проспект Маршала Жукова;Культурно-познавательный туризм;Культурно-познавательный;1364;Ледокол «Ангара»;Иркутск;2;0;Культура OpenTripMap.xlsx;cultural,museums,interesting_places,history_museums,local_museums;0;52,250111;104,343826;0;Point;723
Россия, Иркутск, Октябрьский округ;Культурно-познавательный туризм;Культурно-познавательный;1477;"""Иркутск - Окно в Азию""";Иркутск;2;0;Культура OpenTripMap.xlsx;cultural,museums,interesting_places,local_museums;0;52,273815;104,289398;0;Point;365
Россия, Иркутск, улица Чайковского;Культурно-познавательный туризм;Культурно-познавательный;1623;Солдаты Отечества;Иркутск;2;0;Культура OpenTripMap.xlsx;cultural,museums,interesting_places,other_museums;0;52,281258;104,236839;0;Point;310
Россия, Иркутск, Октябрьский округ;Культурно-познавательный туризм;Культурно-познавательный;1620;Иркутск - Окно в Азию;Иркутск;2;0;Культура OpenTripMap.xlsx;cultural,museums,interesting_places,other_museums;0;52,273712;104,289078;0;Point;1478
Россия, Иркутск, улица Седова;Культурно-познавательный туризм;Культурно-познавательный;1375;Музыкальный Театр имени Загурского;Иркутск;2;0;Культура OpenTripMap.xlsx;cultural,theatres_and_entertainments,interesting_places,music_venues,opera_houses;0;52,274445;104,292107;0;Point;695
Россия, Иркутск, улица Мухиной;Культурно-познавательный туризм;Культурно-познавательный;1484;Иркутский городской театр народной драмы;Иркутск;2;0;Культура OpenTripMap.xlsx;cultural,theatres_and_entertainments,interesting_places,other_theatres;0;52,227196;104,312889;0;Point;699
Россия, Иркутск, Октябрьский округ;Культурно-познавательный туризм;Культурно-познавательный;1542;Выставочный зал Ремесленное подворье;Иркутск;2;0;Культура OpenTripMap.xlsx;cultural,urban_environment,interesting_places,installation;0;52,274216;104,288498;0;Point;135
Россия, Иркутск, улица Ленина;Культурно-познавательный туризм;Культурно-познавательный;1656;Корова;Иркутск;2;0;Культура OpenTripMap.xlsx;cultural,urban_environment,interesting_places,sculptures;0;52,280285;104,281822;0;Point;1655
Россия, Иркутск, улица Ленина;Культурно-познавательный туризм;Культурно-познавательный;1420;Музей истории БГУЭП;Иркутск;2;0;Культура OpenTripMap.xlsx;museums,cultural,interesting_places,history_museums;0;52,281757;104,283089;0;Point;1377
Россия, Иркутск, улица Франк-Каменецкого;Культурно-познавательный туризм;Культурно-познавательный;1418;Музей истории города Иркутска им. А. М. Сибирякова;Иркутск;2;0;Культура OpenTripMap.xlsx;museums,cultural,interesting_places,history_museums,local_museums;0;52,290672;104,29631;0;Point;1386
Россия, Иркутск, улица Лермонтова;Культурно-познавательный туризм;Культурно-познавательный;1451;Музей боевой славы ИрГТУ;Иркутск;2;0;Культура OpenTripMap.xlsx;museums,cultural,interesting_places,military_museums;0;52,262657;104,26226;0;Point;1427
Россия, Иркутск, улица Свердлова;Культурно-познавательный туризм;Культурно-познавательный;1435;Музей связи Иркутского филиала ОАО «Ростелеком»;Иркутск;2;0;Культура OpenTripMap.xlsx;museums,cultural,interesting_places,museums_of_science_and_technology,other_technology_museums;0;52,286228;104,28611;0;Point;757
Россия, Иркутск, улица Сухэ-Батора;Культурно-познавательный туризм;Культурно-познавательный;1428;Музей байкальской фауны им. М. М. Кожова при ИГУ;Иркутск;2;0;Культура OpenTripMap.xlsx;museums,cultural,interesting_places,other_museums;0;52,288616;104,282608;0;Point;329
Россия, Иркутск, улица Сухэ-Батора;Культурно-познавательный туризм;Культурно-познавательный;1438;Восточно-Сибирский музей почвоведения им. И.В.Николаева ИГУ;Иркутск;2;0;Культура OpenTripMap.xlsx;museums,cultural,interesting_places,other_museums;0;52,288616;104,282608;0;Point;1433
Россия, Иркутск, улица Лермонтова;Культурно-познавательный туризм;Культурно-познавательный;1390;Государственный минералогический музей имени А.В. Сидорова ИРНИТУ;Иркутск;2;0;Культура OpenTripMap.xlsx;national_museums,museums,cultural,interesting_places;0;52,261158;104,262779;0;Point;1344
Россия, Иркутск, Байкальская улица;Культурно-познавательный туризм;Культурно-познавательный;1370;Иркутский областной театр кукол «Аистенок»;Иркутск;2;0;Культура OpenTripMap.xlsx;puppetries,cultural,cinemas,theatres_and_entertainments,interesting_places;0;52,275463;104,30278;0;Point;693
Россия, Иркутск, улица Сухэ-Батора;Культурно-познавательный туризм;Культурно-познавательный;1445;Музей зоологии позвоночных при ИГУ;Иркутск;2;0;Культура OpenTripMap.xlsx;science_museums,museums,cultural,interesting_places;0;52,288616;104,282608;0;Point;323
Россия, Иркутск, Ленинский округ;Культурно-познавательный туризм;Культурно-познавательный;1534;Иркут-Зенит;Иркутск;2;0;Культура OpenTripMap.xlsx;sport,stadiums;0;52,353508;104,227264;0;Point;1501
Россия, Иркутск, переулок Волконского;Культурно-познавательный туризм;Культурно-познавательный;1458;ГБУК «Театр-студия «Театр Пилигримов»;Иркутск;2;0;Культура OpenTripMap.xlsx;theatres_and_entertainments,cultural,interesting_places,other_theatres;0;52,287247;104,304413;0;Point;709
Россия, Иркутский район, Листвянское муниципальное образование, рабочий посёлок Листвянка;Культурно-познавательный туризм;Культурно-познавательный;1527;Картинная галерея Пламеневского;Иркутский;2;0;Культура OpenTripMap.xlsx;cultural,museums,interesting_places,art_galleries;0;51,857582;104,877007;0;Point;118
Россия, Иркутский район, Листвянское муниципальное образование, рабочий посёлок Листвянка, улица Куликова;Культурно-познавательный туризм;Культурно-познавательный;1584;Музей Самоцветов;Иркутский;2;0;Культура OpenTripMap.xlsx;cultural,museums,interesting_places,other_museums;0;51,857796;104,861076;0;Point;402
Россия, Иркутский район, Уриковское муниципальное образование;Культурно-познавательный туризм;Культурно-познавательный;1554;Музей;Иркутский;2;0;Культура OpenTripMap.xlsx;cultural,museums,interesting_places,other_museums;0;52,38195;104,302284;0;Point;1351
Россия, Иркутский район, Листвянское муниципальное образование, рабочий посёлок Листвянка, Академическая улица;Культурно-познавательный туризм;Культурно-познавательный;1464;Байкальский музей;Иркутский;2;0;Культура OpenTripMap.xlsx;cultural,museums,science_museums,interesting_places;0;51,867939;104,832588;0;Point;127
Россия, Иркутская область, Киренск, Советская улица;Культурно-познавательный туризм;Культурно-познавательный;1597;Современник;Киренский;2;0;Культура OpenTripMap.xlsx;cultural,theatres_and_entertainments,interesting_places,other_theatres;0;57,77441;108,114426;0;Point;237
Россия, Иркутская область, Киренск, Партизанская улица;Культурно-познавательный туризм;Культурно-познавательный;1596;"КДЦ ""МИР""";Киренский;2;0;Культура OpenTripMap.xlsx;cultural,theatres_and_entertainments,interesting_places,other_theatres;0;57,782578;108,108322;0;Point;239
Россия, Иркутская область, Киренск, Советская улица;Культурно-познавательный туризм;Культурно-познавательный;1416;Историко-краеведческий музей;Киренский;2;0;Культура OpenTripMap.xlsx;museums,cultural,interesting_places,history_museums,local_museums;0;57,775822;108,115166;0;Point;184
Россия, Иркутская область, рабочий посёлок Мама, Советская улица;Культурно-познавательный туризм;Культурно-познавательный;1417;Краеведческий музей Мамско-Чуйского района;Мамско-Чуйский;2;0;Культура OpenTripMap.xlsx;museums,cultural,interesting_places,local_museums;0;58,31012;112,908836;0;Point;125
Россия, Иркутская область, Железногорск-Илимский;Культурно-познавательный туризм;Культурно-познавательный;1482;Музей имени Янгеля;Нижнеилимский;2;0;Культура OpenTripMap.xlsx;cultural,museums,interesting_places,history_museums,art_galleries;0;56,584564;104,112862;0;Point;187
Россия, Иркутская область, Железногорск-Илимский;Культурно-познавательный туризм;Культурно-познавательный;1626;Краеведческий музей;Нижнеилимский;2;0;Культура OpenTripMap.xlsx;cultural,museums,interesting_places,other_museums;0;56,581192;104,11911;0;Point;186
Россия, Иркутская область, Нижнеудинск, улица Ленина;Культурно-познавательный туризм;Культурно-познавательный;1615;Саяны;Нижнеудинский;2;0;Культура OpenTripMap.xlsx;cultural,cinemas,theatres_and_entertainments,interesting_places;0;54,906551;99,034348;0;Point;234
Россия, Иркутская область, Ольхонский район, посёлок Хужир, Первомайская улица;Культурно-познавательный туризм;Культурно-познавательный;1434;Хужирский краеведческий музей им. Н. М. Ревякина;Ольхонский;2;0;Культура OpenTripMap.xlsx;museums,cultural,interesting_places,local_museums;0;53,194698;107,338211;0;Point;245
Россия, Иркутская область, Саянск, микрорайон Юбилейный;Культурно-познавательный туризм;Культурно-познавательный;1405;Картинная галерея;Саянск;2;0;Культура OpenTripMap.xlsx;children_museums,museums,cultural,interesting_places,art_galleries;0;54,102043;102,155785;0;Point;1313
Россия, Иркутская область, Слюдянка, Слюдяная улица;Культурно-познавательный туризм;Культурно-познавательный;1463;Минералогический музей;Слюдянский;2;0;Культура OpenTripMap.xlsx;biographical_museums,historic_architecture,architecture,cultural,museums,interesting_places,manor_houses;0;51,638096;103,698265;0;Point;190
Россия, Иркутская область, Тайшетский район, Бирюсинское городское поселение, Бирюсинск, улица Калинина;Культурно-познавательный туризм;Культурно-познавательный;1481;Краеведческий музей города Бирюсинска;Тайшетский;2;0;Культура OpenTripMap.xlsx;cultural,museums,interesting_places,history_museums,local_museums;0;55,962284;97,81781;0;Point;129
Россия, Иркутская область, Тайшет, улица Ленина;Культурно-познавательный туризм;Культурно-познавательный;1612;Краеведческий музей;Тайшетский;2;0;Культура OpenTripMap.xlsx;cultural,museums,interesting_places,other_museums;0;55,935772;97,992104;0;Point;191
Россия, Иркутская область, Усольский район, Железнодорожное муниципальное образование;Культурно-познавательный туризм;Культурно-познавательный;1653;Город Ангарск;Усольский;2;0;Культура OpenTripMap.xlsx;cultural,urban_environment,interesting_places,sculptures;0;52,559299;103,855057;0;Point;1088
Россия, Иркутская область, Усть-Илимск, проспект Мира;Культурно-познавательный туризм;Культурно-познавательный;1424;Усть-Илимская картинная галерея;Усть-Илимский;2;0;Культура OpenTripMap.xlsx;museums,cultural,interesting_places,art_galleries;0;57,955757;102,73893;0;Point;126
Россия, Иркутская область, Усть-Илимск, улица Карла Маркса;Культурно-познавательный туризм;Культурно-познавательный;1455;Усть-Илимский краеведческий музей;Усть-Илимский;2;0;Культура OpenTripMap.xlsx;museums,cultural,interesting_places,local_museums;0;57,932316;102,715652;0;Point;388
Россия, Иркутская область, Усть-Кут, улица Кирова;Культурно-познавательный туризм;Культурно-познавательный;1601;КДЦ Магистраль;Усть-Кутский;2;0;Культура OpenTripMap.xlsx;cultural,cinemas,theatres_and_entertainments,interesting_places;0;56,779907;105,742111;0;Point;241
Россия, Иркутская область, Усть-Кут, улица Реброва-Денисова;Культурно-познавательный туризм;Культурно-познавательный;1425;Историко-краеведческий музей;Усть-Кутский;2;0;Культура OpenTripMap.xlsx;museums,cultural,interesting_places,history_museums;0;56,779579;105,748894;0;Point;147
Россия, Иркутская область, Черемхово, улица Толстого;Культурно-познавательный туризм;Культурно-познавательный;1634;Шахтер;Черемховский;2;0;Культура OpenTripMap.xlsx;cultural,cinemas,theatres_and_entertainments,interesting_places;0;53,165798;103,079659;0;Point;212
Россия, Иркутская область, Черемхово, улица Ленина;Культурно-познавательный туризм;Культурно-познавательный;1468;Черемховский драматический театр имени В. П. Гуркина;Черемховский;2;0;Культура OpenTripMap.xlsx;cultural,theatres_and_entertainments,interesting_places,music_venues;0;53,139076;103,07843;0;Point;694
Россия, Иркутская область, Свирск;Культурно-познавательный туризм;Культурно-познавательный;1460;Парк культуры и отдыха;Черемховский;2;0;Культура OpenTripMap.xlsx;gardens_and_parks,urban_environment,cultural,interesting_places,amusement_parks,amusements;0;53,072903;103,34774;0;Point;956
Россия, Иркутская область, Шелехов;Культурно-познавательный туризм;Культурно-познавательный;1413;Городской музей Шелехова;Шелеховский;2;0;Культура OpenTripMap.xlsx;biographical_museums,museums,cultural,children_museums,interesting_places,local_museums;0;52,214203;104,082047;0;Point;134
Россия, Иркутская область, Шелехов, проспект Петра Красильникова;Культурно-познавательный туризм;Культурно-познавательный;1531;Юность;Шелеховский;2;0;Культура OpenTripMap.xlsx;cultural,cinemas,theatres_and_entertainments,interesting_places;0;52,209251;104,097916;0;Point;197
Россия, Иркутская область, Эхирит-Булагатский район, посёлок Усть-Ордынский, улица Ленина;Культурно-познавательный туризм;Культурно-познавательный;1608;"Киноконцертный зал ""Эрдэм""";Эхирит-Булагатский;2;0;Культура OpenTripMap.xlsx;cultural,cinemas,theatres_and_entertainments,interesting_places;0;52,804649;104,754761;0;Point;194
Россия, Иркутская область, Эхирит-Булагатский район, муниципальное образование Кулункунское;Культурно-познавательный туризм;Культурно-познавательный;1557;Этнопарк Золотая Орда;Эхирит-Булагатский;2;0;Культура OpenTripMap.xlsx;cultural,museums,interesting_places,other_museums;0;52,818188;104,800728;0;Point;157
Россия, Иркутская область, Эхирит-Булагатский район, посёлок Усть-Ордынский, улица Ленина;Культурно-познавательный туризм;Культурно-познавательный;1587;Национальный музей УОБО;Эхирит-Булагатский;2;0;Культура OpenTripMap.xlsx;cultural,museums,interesting_places,other_museums;0;52,802807;104,758095;0;Point;192
Россия, Иркутская область, Усолье-Сибирское, Комсомольский проспект;Культурно-познавательный туризм;Культурно-познавательный;1475;Городской краеведческий музей;не обнаружено;2;0;Культура OpenTripMap.xlsx;cultural,museums,interesting_places,history_museums,local_museums;0;52,749088;103,650558;0;Point;301
Россия, Иркутская область, Ангарск, улица Глинки;Культурно-познавательный туризм;Культурно-познавательный;1716;Цветок - Дружба народов;Ангарский;2;0;Монументы OpenTripMap.xlsx;historic,monuments_and_memorials,interesting_places,monuments;0;52,541985;103,882042;0;Point;1089
Россия, Иркутская область, Ангарск, площадь Ленина;Культурно-познавательный туризм;Культурно-познавательный;1720;Памятник Ленину В.И.;Ангарский;2;0;Монументы OpenTripMap.xlsx;historic,monuments_and_memorials,interesting_places,monuments;0;52,544621;103,887909;0;Point;1090
Россия, Иркутская область, Бодайбо, Загородная улица;Культурно-познавательный туризм;Культурно-познавательный;1828;Вышка;Бодайбинский;2;0;Монументы OpenTripMap.xlsx;historic,monuments_and_memorials,interesting_places,monuments;0;57,864906;114,212944;0;Point;578
Россия, Иркутская область, Бодайбо;Культурно-познавательный туризм;Культурно-познавательный;1833;Памятник старателям;Бодайбинский;2;0;Монументы OpenTripMap.xlsx;historic,monuments_and_memorials,interesting_places,monuments;0;57,846031;114,202843;0;Point;1832
Россия, Иркутск, сквер у Вечного Огня;Культурно-познавательный туризм;Культурно-познавательный;1863;Памятник св. Петру и Февронии;Иркутск;2;0;Монументы OpenTripMap.xlsx;historic,monuments_and_memorials,interesting_places,monuments;0;52,291286;104,280876;0;Point;1084
Россия, Иркутск, улица Канадзавы;Культурно-познавательный туризм;Культурно-познавательный;1748;Памятник русско-японской дружбы;Иркутск;2;0;Монументы OpenTripMap.xlsx;historic,monuments_and_memorials,interesting_places,monuments;0;52,285385;104,278107;0;Point;1107
Россия, Иркутский район, село Хомутово, улица Кирова;Культурно-познавательный туризм;Культурно-познавательный;1783;Н. А. Каландаришвили;Иркутский;2;0;Монументы OpenTripMap.xlsx;historic,monuments_and_memorials,interesting_places,monuments;0;52,472652;104,406395;0;Point;1780
Россия, Иркутская область, Железногорск-Илимский;Культурно-познавательный туризм;Культурно-познавательный;1901;Мемориал;Нижнеилимский;2;0;Монументы OpenTripMap.xlsx;historic,monuments_and_memorials,interesting_places,monuments;0;56,58519;104,117844;0;Point;1842
Россия, Иркутская область, Слюдянка, Советская улица;Культурно-познавательный туризм;Культурно-познавательный;1708;Паровоз Л-3504;Слюдянский;2;0;Монументы OpenTripMap.xlsx;historic,monuments_and_memorials,interesting_places,monuments;0;51,656631;103,720222;0;Point;792
Россия, Иркутская область, Тайшетский район, Шиткинское муниципальное образование, рабочий посёлок Шиткино;Культурно-познавательный туризм;Культурно-познавательный;1807;Бюст Зои Космодемьянской;Тайшетский;2;0;Монументы OpenTripMap.xlsx;historic,monuments_and_memorials,interesting_places,monuments;0;56,364269;98,36161;0;Point;1588
Россия, Иркутская область, Тайшет;Культурно-познавательный туризм;Культурно-познавательный;1845;БТР;Тайшетский;2;0;Монументы OpenTripMap.xlsx;historic,monuments_and_memorials,interesting_places,monuments;0;55,934689;97,994026;0;Point;1844
Россия, Иркутская область, Черемхово, сквер Слава Героям;Культурно-познавательный туризм;Культурно-познавательный;1859;Слава Героям;Черемховский;2;0;Монументы OpenTripMap.xlsx;historic,monuments_and_memorials,interesting_places,monuments;0;53,142292;103,083786;0;Point;937
Россия, Иркутский район, Иркутское водохранилище;Природный туризм;Природный;1916;Шаман-камень;Иркутский;2;0;Природа OpenTripMap.xlsx;rock_formations,natural_monuments,interesting_places,natural,geological_formations,nature_reserves;0;51,871849;104,820801;0;Point;1914
Россия, Иркутская область, Ольхонский район, Хужирское муниципальное образование, мыс Бурхан;Природный туризм;Природный;1907;Шаманка;Ольхонский;2;0;Природа OpenTripMap.xlsx;geological_formations,natural,interesting_places,nature_reserves,caves,other_nature_conservation_areas;0;53,203709;107,338875;0;Point;1906
Россия, Иркутская область, Ангарск, Троицкая улица;Религиозный туризм;Религиозный;2365;Храм Св. Троицы;Ангарский;2;0;Религия OpenTripMap.xlsx;religion,other_temples,interesting_places;0;52,528027;103,870911;0;Point;2265
Россия, Иркутск, улица Сухэ-Батора;Религиозный туризм;Религиозный;2357;Римско-Католический приход успения Богородицы;Иркутск;2;0;Религия OpenTripMap.xlsx;religion,churches,interesting_places,catholic_churches;0;52,290451;104,282463;0;Point;2255
Россия, Иркутск, Кировский район;Религиозный туризм;Религиозный;2259;Троицкая церковь (Иркутск);Иркутск;2;0;Религия OpenTripMap.xlsx;religion,churches,interesting_places,eastern_orthodox_churches;0;52,2855;104,271004;0;Point;2256
Россия, Иркутск, Байкальская улица;Религиозный туризм;Религиозный;2369;Храм Святых мучениц Веры, Надежды, Любови и матери их Софии;Иркутск;2;0;Религия OpenTripMap.xlsx;religion,churches,interesting_places,other_churches;0;52,258221;104,32885;0;Point;2334
Россия, Иркутск, Каштаковская улица;Религиозный туризм;Религиозный;2264;Князь-Владимирский мужской монастырь;Иркутск;2;0;Религия OpenTripMap.xlsx;religion,monasteries,interesting_places;0;52,297657;104,33326;0;Point;2263
Россия, Иркутск, улица Мира;Религиозный туризм;Религиозный;2353;Храм Рождественский;Иркутск;2;0;Религия OpenTripMap.xlsx;religion,other_temples,interesting_places;0;52,350712;104,213516;0;Point;2268
Россия, Иркутск, улица Лызина;Религиозный туризм;Религиозный;2337;Церковь Христиан Адвентистов Седьмого Дня, Община №1;Иркутск;2;0;Религия OpenTripMap.xlsx;religion,other_temples,interesting_places;0;52,281525;104,334854;0;Point;2335
Россия, Иркутская область, Усольский район, Тельминское муниципальное образование, рабочий посёлок Тельма, улица Зуева;Религиозный туризм;Религиозный;2344;Тельминская церковь Казанской Иконы Божией Матери (начало XVIIIв.);Усольский;2;0;Религия OpenTripMap.xlsx;religion,other_temples,interesting_places;0;52,696518;103,714134;0;Point;2257
Иркутская область, г. Ангарск, квл. 189, д. 9, (блок 6) рядом с поймой реки Китой ;Активный туризм;Активный;2443;Лыжная база Место для активного отдыха и занятий спортом, прокат лыжного инвентаря;Ангарский;0;1;Спортивные_объекты_зимние_охотничьи.xlsx;;1;52,544358;103,888249;1;Point;
Иркутская обл., Ангарский р-н,  12 км трассы Ангарск- Савватеевка;Активный туризм;Активный;2452;Горнолыжный комплекс «Ангарская гора»;Ангарский;0;1;Спортивные_объекты_зимние_охотничьи.xlsx;Горнолыжный объект;1;52,436427;103,730334;1;Point;
Иркуткая область, г.Братск,;Активный туризм;Активный;2453;Горнолыжный комплекс «Гора Пихтовая»;Братск;0;1;Спортивные_объекты_зимние_охотничьи.xlsx;Горнолыжный объект;1;56,151682;101,633505;1;Point;
Иркутская область,г. Братск, ул. Гагарина, д. 16;Активный туризм;Активный;2441;Спортивный Охотничий Клуб;Братск;0;1;Спортивные_объекты_зимние_охотничьи.xlsx;Охотничье-рыболовные объекты;1;56,166697;101,62657;1;Point;
Иркутская область, Братский район, Шаманская трасса, 3;Активный туризм;Активный;2437;Оздоровительный Горнолыжный комплекс «Орехов камень»;Братский;0;1;Спортивные_объекты_зимние_охотничьи.xlsx;;1;55,719749;101,76085;1;Point;
Иркутская область, Братский район, трасса Братск-Усть-Кут, д. 25;Активный туризм;Активный;2438;Картодром Ангара;Братский;0;1;Спортивные_объекты_зимние_охотничьи.xlsx;;1;55,719749;101,76085;1;Point;
Адрес: г. Иркутск, Академгородок;Активный туризм;Активный;2451;Горнолыжная база в Академгородке;Иркутск;0;1;Спортивные_объекты_зимние_охотничьи.xlsx;Горнолыжный объект;1;52,244962;104,271318;1;Point;
Иркутская обл., г.Иркутск, ул.Якоби, 35;Активный туризм;Активный;2449;Горнолыжный комплекс «Ерши»;Иркутск;0;1;Спортивные_объекты_зимние_охотничьи.xlsx;Горнолыжный объект;1;52,222757;104,326106;1;Point;
ул. Сергеева, 3/1А, Иркутск, Иркутская обл., 664043;Активный туризм;Активный;2459;Крытый ледовый каток Ice People;Иркутск;0;1;Спортивные_объекты_зимние_охотничьи.xlsx;Крытый ледовый каток;1;52,267608;104,221048;1;Point;
ул. Лермонтова, 255 корпус 1, Иркутск, Иркутская обл., 664033 ;Активный туризм;Активный;2456;Ледовый дворец «Айсберг»;Иркутск;0;1;Спортивные_объекты_зимние_охотничьи.xlsx;Ледовый дворец;1;52,251386;104,264796;1;Point;
Иркутская обл., Иркутский р-н, п.Листвянка,;Активный туризм;Активный;2450;Горнолыжная база при гостинице «Прибайкальская»;Иркутский;0;1;Спортивные_объекты_зимние_охотничьи.xlsx;Горнолыжный объект;1;51,85999;104,863191;1;Point;
20-й кв-л, 100, Шелехов, Иркутская обл., 666032 ;Активный туризм;Активный;2461;Аквапарк Шелехов;Шелеховский;0;1;Спортивные_объекты_зимние_охотничьи.xlsx;Аквапарк;1;52,215606;104,096092;1;Point;
Иркутская обл., Шелеховский р-н, с.Олха, ул.Картерная, 41а;Активный туризм;Активный;2447;Горнолыжная база  в поселке Олха;Шелеховский;0;1;Спортивные_объекты_зимние_охотничьи.xlsx;Горнолыжный объект;1;52,15668;104,099452;1;Point;
Иркутская область, Ангарский р-н, 5.28 км. Автодороги Подъезд к с. Савватеевка, Лыжный стадион, строение 1а ;Активный туризм;Активный;2442;Лыжно-биатлонный комплекс «Ангарский»;не обнаружено;0;1;Спортивные_объекты_зимние_охотничьи.xlsx;;1;;;1;;
Иркутская область, Братский район, п. Падун;Активный туризм;Активный;2439;Яхт-клуб;не обнаружено;0;1;Спортивные_объекты_зимние_охотничьи.xlsx;Водный объект;1;;;1;;
"Иркутская обл г.Братск, ОГК ""Орехов камень""";Активный туризм;Активный;2448;Горнолыжный комплекс «Орехов камень»;не обнаружено;0;1;Спортивные_объекты_зимние_охотничьи.xlsx;Горнолыжный объект;1;;;1;;
;Активный туризм;Активный;2435;Центр зимних видов спорта;не обнаружено;0;1;Спортивные_объекты_зимние_охотничьи.xlsx;Зимний объект;1;;;1;;
Иркутская область, Братский район, Пихтовая гора;Активный туризм;Активный;2436;Санная трасса;не обнаружено;0;1;Спортивные_объекты_зимние_охотничьи.xlsx;Зимний объект;1;;;1;;
;Активный туризм;Активный;2444;Иркутское форелевое хозяйство;не обнаружено;0;1;Спортивные_объекты_зимние_охотничьи.xlsx;Охотничье-рыболовные объекты;1;;;1;;
;Активный туризм;Активный;2440;Международная российско-испанская туристическая фирма «Сибирское сафари»;не обнаружено;0;1;Спортивные_объекты_зимние_охотничьи.xlsx;Охотничье-рыболовные объекты;1;;;1;;
Иркутск, ул. Байкальская, 279 ;Деловой туризм;Деловой;1304;Байкал бизнес центр;Иркутск;0;1;Деловой туризм.xlsx;Не определен;1;52,257792;104,353406;1;Point;
Иркутск, ул. Баррикад, 51/8;Деловой туризм;Деловой;1302;"Арт-завод ""Доренберг""";Иркутск;0;1;Деловой туризм.xlsx;Не определен;1;52,295944;104,306325;1;Point;
Иркутск, ул. Франк-Каменецкого, 16А ;Деловой туризм;Деловой;1301;Музей истории г. Иркутска им. А.М. Сибирякова;Иркутск;0;1;Деловой туризм.xlsx;Не определен;1;52,290684;104,296372;1;Point;
Иркутск, ул. Чкалова, 15 ;Деловой туризм;Деловой;1305;КортЪярд Марриотт Иркутск Сити центр;Иркутск;0;1;Деловой туризм.xlsx;Не определен;1;52,288177;104,27324;1;Point;
г. Иркутск, ул. Байкальская, 253а;Деловой туризм;Деловой;1295;Сибэкспоцентр;Иркутск;0;1;Деловой туризм.xlsx;Не определен;1;52,256281;104,353747;1;Point;
г. Иркутск, ул. Байкальская, 267И ;Деловой туризм;Деловой;1296;Байкал-Арена;Иркутск;0;1;Деловой туризм.xlsx;Не определен;1;52,254925;104,363242;1;Point;
г. Иркутск, ул. Карла Маркса, 40 ;Деловой туризм;Деловой;1297;"Галерея ""Революция""";Иркутск;0;1;Деловой туризм.xlsx;Не определен;1;52,29145;104,297351;1;Point;
г. Иркутск, ул. Лермонтова, 253 ;Деловой туризм;Деловой;1299;Библиотека им. И.И. Молчанова-Сибирского;Иркутск;0;1;Деловой туризм.xlsx;Не определен;1;52,251308;104,267689;1;Point;
г. Иркутск, ул. Лермонтова, 257 ;Деловой туризм;Деловой;1300;Академический;Иркутск;0;1;Деловой туризм.xlsx;Не определен;1;52,250548;104,265497;1;Point;
г. Иркутск, ул. Ширямова, 13;Деловой туризм;Деловой;1298;Международный аэропорт г. Иркутска;Иркутск;0;1;Деловой туризм.xlsx;Не определен;1;52,273009;104,355723;1;Point;
Иркутская область, г. Ангарск;Культурно-познавательный туризм;Культурно-познавательный;1082;Креативный железный памятник «Вечный студент».;Ангарский;0;1;Памятники Здания_координаты.xlsx;;1;52,533075;103,888883;1;Point;
Иркутская область, г. Ангарск;Культурно-познавательный туризм;Культурно-познавательный;1081;Памятник покорителю космоса;Ангарский;0;1;Памятники Здания_координаты.xlsx;;1;52,550448;103,91272;1;Point;
Иркутская область, г. Ангарск, 81 квартал,  ул. Московская;Культурно-познавательный туризм;Культурно-познавательный;1079;Скульптура волка;Ангарский;0;1;Памятники Здания_координаты.xlsx;;1;52,539152;103,884379;1;Point;
Иркутская область, г. Ангарск, Парк строителей;Культурно-познавательный туризм;Культурно-познавательный;1083;Стела в честь награждения Ангарска орденом Трудового Красного Знамени;Ангарский;0;1;Памятники Здания_координаты.xlsx;;1;52,533779;103,888424;1;Point;
Иркутская область, г. Ангарск, квартал 95;Культурно-познавательный туризм;Культурно-познавательный;1086;Памятник Василию Филипповичу Маргелову;Ангарский;0;1;Памятники Здания_координаты.xlsx;;1;52,53722;103,871568;1;Point;
Иркутская область, г. Ангарск, квартал 95, перекресток улиц Горького и Ворошилова;Культурно-познавательный туризм;Культурно-познавательный;1080;Скульптура сурка;Ангарский;0;1;Памятники Здания_координаты.xlsx;;1;52,537902;103,878001;1;Point;
Иркутская область, г. Ангарск, квартал 95, ул. Горького;Культурно-познавательный туризм;Культурно-познавательный;1087;«Бронзовый солдат»;Ангарский;0;1;Памятники Здания_координаты.xlsx;;1;52,425264;104,045736;1;Point;
Иркутская область, г. Ангарск, микрорайон 12а, перед Музеем Победы;Культурно-познавательный туризм;Культурно-познавательный;1085;Мемориальная скульптурная композиция «Голуби мира»;Ангарский;0;1;Памятники Здания_координаты.xlsx;;1;52,512202;103,861581;1;Point;
Иркутская область, г. Ангарск;Культурно-познавательный туризм;Культурно-познавательный;1094;Здание Ангарского политехнического техникума;Ангарский;0;1;Памятники Здания_координаты.xlsx;Памятники, исторические здания;1;52,548807;103,886343;1;Point;
Иркутская область, г. Ангарск,  ул. Чайковского, квартал 86;Культурно-познавательный туризм;Культурно-познавательный;1057;Памятник воинам-победителям первостроителям Ангарска;Ангарский;0;1;Памятники Здания_координаты.xlsx;Памятники, исторические здания;1;52,533124;103,888758;1;Point;
Иркутская область, г. Ангарск, Квартал 182, дом 7;Культурно-познавательный туризм;Культурно-познавательный;1070;Мозаичное панно «Ангара»;Ангарский;0;1;Памятники Здания_координаты.xlsx;Памятники, исторические здания;1;52,539467;103,878091;1;Point;
Иркутская область, г. Ангарск, Квартал 182, дом 8;Культурно-познавательный туризм;Культурно-познавательный;1058;Мозаичное панно «Во имя человека»;Ангарский;0;1;Памятники Здания_координаты.xlsx;Памятники, исторические здания;1;52,507298;103,839713;1;Point;
Иркутская область, г. Ангарск, Квартал 188, дом 7;Культурно-познавательный туризм;Культурно-познавательный;1069;Мозаичное панно «Байкал»;Ангарский;0;1;Памятники Здания_координаты.xlsx;Памятники, исторические здания;1;52,54729;103,884904;1;Point;
Иркутская область, г. Ангарск, Набережная Ангары;Культурно-познавательный туризм;Культурно-познавательный;1075;Архитектурная композиция «Свадебное дерево»;Ангарский;0;1;Памятники Здания_координаты.xlsx;Памятники, исторические здания;1;52,523168;103,840711;1;Point;
Иркутская область, г. Ангарск, микрорайон 7а;Культурно-познавательный туризм;Культурно-познавательный;1074;Памятник Глебу Жеглову;Ангарский;0;1;Памятники Здания_координаты.xlsx;Памятники, исторические здания;1;52,525247;103,864836;1;Point;
Иркутская область, г. Ангарск, перекресток ул. Московской и ул. Сибирской, квартал 38;Культурно-познавательный туризм;Культурно-познавательный;1092;Памятник политкаторжанам;Ангарский;0;1;Памятники Здания_координаты.xlsx;Памятники, исторические здания;1;52,529308;103,872676;1;Point;
Иркутская область, г. Ангарск, площадь имени В.И.Ленина;Культурно-познавательный туризм;Культурно-познавательный;1095;«Ангарские ворота»;Ангарский;0;1;Памятники Здания_координаты.xlsx;Памятники, исторические здания;1;52,546357;103,89449;1;Point;
Иркутская область, г. Ангарск, площадь имени В.И.Ленина;Культурно-познавательный туризм;Культурно-познавательный;1093;Здание почтамта со шпилем;Ангарский;0;1;Памятники Здания_координаты.xlsx;Памятники, исторические здания;1;52,526808;103,861595;1;Point;
Иркутская область, г. Ангарск, ул. Горького, квартал 73;Культурно-познавательный туризм;Культурно-познавательный;1076;«Древо жизни»;Ангарский;0;1;Памятники Здания_координаты.xlsx;Памятники, исторические здания;1;52,540376;103,887117;1;Point;
Иркутская область, г. Ангарск, микрорайон Новый 4-й, д. 38 ;Культурно-познавательный туризм;Культурно-познавательный;1097;Церковь Святого Успения Божией Матери;Ангарский;0;1;Памятники Здания_координаты.xlsx;Святыни и храмы;1;52,485225;103,839821;1;Point;
Иркутская область, г. Ангарск, ул. Троицкая, 1 ;Культурно-познавательный туризм;Культурно-познавательный;1096;Свято-Троицкий кафедральный собор;Ангарский;0;1;Памятники Здания_координаты.xlsx;Святыни и храмы;1;52,528038;103,871098;1;Point;
Иркутская область, г. Братск;Культурно-познавательный туризм;Культурно-познавательный;1037;Монумент транспортным строителям участка железной дороги «Тайшет-Лена»;Братск;0;1;Памятники Здания_координаты.xlsx;;1;56,151682;101,633505;1;Point;
Иркутская область, г. Братск;Культурно-познавательный туризм;Культурно-познавательный;1038;Обелиск в честь 25-летия Ангарстроя;Братск;0;1;Памятники Здания_координаты.xlsx;;1;56,275285;101,894749;1;Point;
Иркутская область, г. Братск, Братская ГЭС;Культурно-познавательный туризм;Культурно-познавательный;1015;Братская гидроэлектростанция;Братск;0;1;Памятники Здания_координаты.xlsx;;1;56,291888;101,780151;1;Point;
Иркутская область, г. Братск, Братская ГЭС;Культурно-познавательный туризм;Культурно-познавательный;1026;Памятная доска на камне-диабазе в честь строителей ГЭС;Братск;0;1;Памятники Здания_координаты.xlsx;;1;56,288886;101,754557;1;Point;
Иркутская область, г. Братск, Музей «Ангарская деревня»;Культурно-познавательный туризм;Культурно-познавательный;1009;Мемориальная доска-барельеф Октябрю Михайловичу Леонову;Братск;0;1;Памятники Здания_координаты.xlsx;;1;56,148996;101,644231;1;Point;
Иркутская область, г. Братск, здание «Сибтепломаш»;Культурно-познавательный туризм;Культурно-познавательный;1040;Бюст Петру Николаевичу Самусенко;Братск;0;1;Памятники Здания_координаты.xlsx;;1;56,286077;101,894944;1;Point;
Иркутская область, г. Братск, кладбище;Культурно-познавательный туризм;Культурно-познавательный;1012;Обелиск на могиле Героя Советского Союза Андрея Степановича Коньшакова;Братск;0;1;Памятники Здания_координаты.xlsx;;1;56,321301;101,694;1;Point;
Иркутская область, г. Братск, кладбище;Культурно-познавательный туризм;Культурно-познавательный;1014;Обелиск на могиле Льва Владимировича Горбунова;Братск;0;1;Памятники Здания_координаты.xlsx;;1;56,320123;101,73201;1;Point;
Иркутская область, г. Братск, кладбище;Культурно-познавательный туризм;Культурно-познавательный;1042;Обелиск на могиле писателя Братска Геннадия Павловича Михасенко;Братск;0;1;Памятники Здания_координаты.xlsx;;1;56,292691;101,720932;1;Point;
Иркутская область, г. Братск, мыс Пурсей;Культурно-познавательный туризм;Культурно-познавательный;1017;Монумент посвященный 40-летию ВЛКСМ;Братск;0;1;Памятники Здания_координаты.xlsx;;1;56,148996;101,644231;1;Point;
Иркутская область, г. Братск, угол улиц Погодаева и Солнечной, ул. Погодаева, д. 2 ;Культурно-познавательный туризм;Культурно-познавательный;1010;Памятник Герою Советского Союза Степану Борисовичу Погодаеву;Братск;0;1;Памятники Здания_координаты.xlsx;;1;56,311361;101,754133;1;Point;
Иркутская область, г. Братск, ул. Воинов- интернациона- листов, д. 11;Культурно-познавательный туризм;Культурно-познавательный;1031;Мемориальная доска Александру Александровичу Воскобойникову;Братск;0;1;Памятники Здания_координаты.xlsx;;1;56,321301;101,694;1;Point;
Иркутская область, г. Братск, ул. Гидростроителей, д. 91;Культурно-познавательный туризм;Культурно-познавательный;1016;Здание клуба «Комсомолец»;Братск;0;1;Памятники Здания_координаты.xlsx;;1;56,291124;101,742848;1;Point;
Иркутская область, г. Братск, ул. Коньшакова, д. 13 ;Культурно-познавательный туризм;Культурно-познавательный;1011;Мемориальная доска Герою Советского Союза Андрею Степановичу Коньшакову;Братск;0;1;Памятники Здания_координаты.xlsx;;1;56,291962;101,720245;1;Point;
Иркутская область, г. Братск, ул. Лесной массив, д. 1а;Культурно-познавательный туризм;Культурно-познавательный;1046;Братское епархиальное управление;Братск;0;1;Памятники Здания_координаты.xlsx;;1;56,182947;101,629337;1;Point;
Иркутская область, г. Братск, ул. Олимпийская, д. 8;Культурно-познавательный туризм;Культурно-познавательный;1033;Мемориальный комплекс воинам- интернационалистам;Братск;0;1;Памятники Здания_координаты.xlsx;;1;56,311761;101,740155;1;Point;
Иркутская область, г. Братск, Музей «Ангарская деревня»;Культурно-познавательный туризм;Культурно-познавательный;1006;Башня Братского острога;Братск;0;1;Памятники Здания_координаты.xlsx;Памятники, исторические здания;1;56,283997;101,894726;1;Point;
Иркутская область, г. Братск, ул. Космонавтов ;Культурно-познавательный туризм;Культурно-познавательный;1002;Мемориальная доска на здании гимназии No 1;Братск;0;1;Памятники Здания_координаты.xlsx;Памятники, исторические здания;1;56,145903;101,640588;1;Point;
Иркутская область, г. Братск, ул. Шаманского ;Культурно-познавательный туризм;Культурно-познавательный;1001;Памятник Герою Советского Союза Анатолию Федоровичу Шаманскому;Братск;0;1;Памятники Здания_координаты.xlsx;Памятники, исторические здания;1;56,156996;101,593279;1;Point;
Иркутская область, г. Братск, ул. Лесной массив, д. 1а;Культурно-познавательный туризм;Культурно-познавательный;1054;Храм Всех Святых в земле Российской просиявш;Братск;0;1;Памятники Здания_координаты.xlsx;Памятники, исторические здания, святыни и храмы;1;56,182905;101,629325;1;Point;
Иркутская область, г. Братск, ул. Мира, д. 32;Культурно-познавательный туризм;Культурно-познавательный;1056;Храм Рождества Христова;Братск;0;1;Памятники Здания_координаты.xlsx;Памятники, исторические здания, святыни и храмы;1;56,155538;101,624055;1;Point;
Иркутская область, г. Братск, ул. Янгеля, 105а,  ст. 1;Культурно-познавательный туризм;Культурно-познавательный;1051;Римско-католическая религиозная организация святых Кирилла и Мефодия;Братск;0;1;Памятники Здания_координаты.xlsx;Памятники, исторические здания, святыни и храмы;1;56,157948;101,594621;1;Point;
Иркутская область, г. Братск, ул. ул. Красной Звезды, д. 3;Культурно-познавательный туризм;Культурно-познавательный;1045;Братская Библейская Церковь;Братск;0;1;Памятники Здания_координаты.xlsx;Памятники, исторические здания, святыни и храмы;1;56,163955;101,591976;1;Point;
Иркутская область, пос. Гидростроитель, ул. Енисейская, д. 61;Культурно-познавательный туризм;Культурно-познавательный;1055;Храм Преображения Господня;Братск;0;1;Памятники Здания_координаты.xlsx;Памятники, исторические здания, святыни и храмы;1;56,28423;101,873291;1;Point;
Иркутская область, пос. Осиновка, ул. Куйбышевская, д. 3;Культурно-познавательный туризм;Культурно-познавательный;1048;Московский патриархат Русской православной церкви преподобного Сергия Радонежского;Братск;0;1;Памятники Здания_координаты.xlsx;Памятники, исторические здания, святыни и храмы;1;56,276333;101,899183;1;Point;
Иркутская область, пос. Падун, ул. 25-летия Братскгэсстроя, д. 33а;Культурно-познавательный туризм;Культурно-познавательный;1047;Церковь Жизнь во Христе;Братск;0;1;Памятники Здания_координаты.xlsx;Памятники, исторические здания, святыни и храмы;1;56,140276;101,642882;1;Point;
Иркутская область, пос. Энергетик, ул. Макаренко, д. 22;Культурно-познавательный туризм;Культурно-познавательный;1053;Храм во имя Святителя Иннокентия Митрополита Московского;Братск;0;1;Памятники Здания_координаты.xlsx;Памятники, исторические здания, святыни и храмы;1;56,307274;101,755155;1;Point;
Иркутская область, пос. Южный Падун, ул. 2-я Таёжная ;Культурно-познавательный туризм;Культурно-познавательный;1052;Евангельская церковь Свет спасения;Братск;0;1;Памятники Здания_координаты.xlsx;Памятники, исторические здания, святыни и храмы;1;56,299486;101,672537;1;Point;
Иркутская область, пос. Южный Падун, ул. Полевая, д. 3;Культурно-познавательный туризм;Культурно-познавательный;1050;Православная церковь Успения Божией матери;Братск;0;1;Памятники Здания_координаты.xlsx;Памятники, исторические здания, святыни и храмы;1;56,294219;101,69427;1;Point;
Иркутская область, г. Братск, кладбище;Культурно-познавательный туризм;Культурно-познавательный;1041;Обелиск на могиле Бориса Николаевича Гайнулина;Иркутск;0;1;Памятники Здания_координаты.xlsx;;1;52,272909;104,28909;1;Point;
Иркутская область, г. Братск, ул. Братскгэсстроя, д. 77;Культурно-познавательный туризм;Культурно-познавательный;1028;Мемориальная доска-барельеф Владимиру Ивановичу Ревтову;Иркутск;0;1;Памятники Здания_координаты.xlsx;;1;52,232129;104,31531;1;Point;
Иркутская область, г. Братск, ул. В.Синицы, д. 9;Культурно-познавательный туризм;Культурно-познавательный;1034;Мемориальная доска  Петру Васильевичу Юдину;Иркутск;0;1;Памятники Здания_координаты.xlsx;;1;52,240256;104,274625;1;Point;
Иркутская область, г. Братск, ул. Шаманского ;Культурно-познавательный туризм;Культурно-познавательный;1019;Мемориальная доска Константину Андреевичу Князеву;Иркутск;0;1;Памятники Здания_координаты.xlsx;;1;52,275745;104,312658;1;Point;
Иркутская область, г.  Ангарск, Квартал 182, дом 1;Культурно-познавательный туризм;Культурно-познавательный;1072;Мозаичное панно «Декабристы в Сибири»;Иркутск;0;1;Памятники Здания_координаты.xlsx;Памятники, исторические здания;1;52,287651;104,304887;1;Point;
Иркутская область, г. Ангарск, Квартал 178, дом 1;Культурно-познавательный туризм;Культурно-познавательный;1073;Мозаичное панно «Послание в Сибирь»;Иркутск;0;1;Памятники Здания_координаты.xlsx;Памятники, исторические здания;1;52,275811;104,306797;1;Point;
Иркутская область, г. Ангарск, Квартал 188, дом 1;Культурно-познавательный туризм;Культурно-познавательный;1060;Мозаичное панно «В. И. Ленин»;Иркутск;0;1;Памятники Здания_координаты.xlsx;Памятники, исторические здания;1;52,292662;104,293926;1;Point;
Иркутская область, г. Братск, ул. Кирова, д. 35;Культурно-познавательный туризм;Культурно-познавательный;1004;Мемориальная доска Александру Лукичу Макарову;Иркутск;0;1;Памятники Здания_координаты.xlsx;Памятники, исторические здания;1;52,256011;104,337023;1;Point;
Иркутская область, г. Братск, ул. Нижняя, д. 39 ;Культурно-познавательный туризм;Культурно-познавательный;1000;Стела 50-летию ВЛКСМ;Иркутск;0;1;Памятники Здания_координаты.xlsx;Памятники, исторические здания;1;52,265094;104,309769;1;Point;
г. Иркутск;Культурно-познавательный туризм;Культурно-познавательный;1112;Дом И.М Файнберга;Иркутск;0;1;Памятники Здания_координаты.xlsx;Памятники, исторические здания;1;52,288928;104,28678;1;Point;
г. Иркутск;Культурно-познавательный туризм;Культурно-познавательный;1132;Историко-мемориальный комплекс Иерусалимская гора;Иркутск;0;1;Памятники Здания_координаты.xlsx;Памятники, исторические здания;1;52,275932;104,298327;1;Point;
г. Иркутск;Культурно-познавательный туризм;Культурно-познавательный;1110;Московские триумфальные ворота;Иркутск;0;1;Памятники Здания_координаты.xlsx;Памятники, исторические здания;1;52,293581;104,286167;1;Point;
г. Иркутск;Культурно-познавательный туризм;Культурно-познавательный;1113;Особняк А.Ф. Второва;Иркутск;0;1;Памятники Здания_координаты.xlsx;Памятники, исторические здания;1;52,277954;104,282135;1;Point;
г. Иркутск;Культурно-познавательный туризм;Культурно-познавательный;1121;Римско-католический костел;Иркутск;0;1;Памятники Здания_координаты.xlsx;Памятники, исторические здания;1;52,262732;104,256962;1;Point;
г. Иркутск;Культурно-познавательный туризм;Культурно-познавательный;1117;Торговый дом Макушина и Посохина;Иркутск;0;1;Памятники Здания_координаты.xlsx;Памятники, исторические здания;1;52,281896;104,284154;1;Point;
г. Иркутск;Культурно-познавательный туризм;Культурно-познавательный;1115;Улица Урицкого;Иркутск;0;1;Памятники Здания_координаты.xlsx;Памятники, исторические здания;1;52,283947;104,291198;1;Point;
г. Иркутск;Культурно-познавательный туризм;Культурно-познавательный;1114;Усадьба Трапезниковых;Иркутск;0;1;Памятники Здания_координаты.xlsx;Памятники, исторические здания;1;52,279035;104,278864;1;Point;
г. Иркутск, бульвар Гагарина;Культурно-познавательный туризм;Культурно-познавательный;1099;Белый дом;Иркутск;0;1;Памятники Здания_координаты.xlsx;Памятники, исторические здания;1;52,255667;104,332676;1;Point;
г. Иркутск, ул. Карла Маркса;Культурно-познавательный туризм;Культурно-познавательный;1134;улица Карла Маркса;Иркутск;0;1;Памятники Здания_координаты.xlsx;Памятники, исторические здания;1;52,283748;104,287083;1;Point;
г. Иркутск, ул. Ленина, д. 38;Культурно-познавательный туризм;Культурно-познавательный;1103;Иркутское отеление Русско-Азиатского банка;Иркутск;0;1;Памятники Здания_координаты.xlsx;Памятники, исторические здания;1;52,279974;104,282142;1;Point;
г. Иркутск, ул. Ангарская, д. 14;Культурно-познавательный туризм;Культурно-познавательный;1126;Знаменская церковь;Иркутск;0;1;Памятники Здания_координаты.xlsx;Памятники, исторические здания, святыни и храмы;1;52,301036;104,294216;1;Point;
г. Иркутск, ул. Баррикад, д. 34/1;Культурно-познавательный туризм;Культурно-познавательный;1124;Казанская церковь;Иркутск;0;1;Памятники Здания_координаты.xlsx;Памятники, исторические здания, святыни и храмы;1;52,292226;104,316626;1;Point;
г. Иркутск, ул. Борцов Революции, д. 15;Культурно-познавательный туризм;Культурно-познавательный;1127;Входоиерусалимский храм;Иркутск;0;1;Памятники Здания_координаты.xlsx;Памятники, исторические здания, святыни и храмы;1;52,276916;104,297208;1;Point;
г. Иркутск, ул. Грибоедова, д. 110;Культурно-познавательный туризм;Культурно-познавательный;1129;Приход Непорочного Сердца Божьей Матери;Иркутск;0;1;Памятники Здания_координаты.xlsx;Памятники, исторические здания, святыни и храмы;1;52,262732;104,256962;1;Point;
г. Иркутск, ул. Карла Либкнехта, д. 23;Культурно-познавательный туризм;Культурно-познавательный;1130;Синагога;Иркутск;0;1;Памятники Здания_координаты.xlsx;Памятники, исторические здания, святыни и храмы;1;52,286412;104,296547;1;Point;
г. Иркутск, ул. Седова, д. 1;Культурно-познавательный туризм;Культурно-познавательный;1125;Крестовоздвиженская церковь;Иркутск;0;1;Памятники Здания_координаты.xlsx;Памятники, исторические здания, святыни и храмы;1;52,276351;104,288324;1;Point;
г. Иркутск, ул. Сухэ-Батора, д. 1А;Культурно-познавательный туризм;Культурно-познавательный;1122;Собор Богоявления;Иркутск;0;1;Памятники Здания_координаты.xlsx;Памятники, исторические здания, святыни и храмы;1;52,29225;104,282525;1;Point;
Иркутская область, г. Братск, здание школы No 41;Культурно-познавательный туризм;Культурно-познавательный;1029;Мемориальная доска Алексею Александровичу Леуткину;Иркутский;0;1;Памятники Здания_координаты.xlsx;;1;52,257922;104,182034;1;Point;
Иркутская область, г. Ангарск, 71-й квартал, Парк им. 10-я Ангарска ;Культурно-познавательный туризм;Культурно-познавательный;1078;Скульптурная композиция «Книга желаний»;Слюдянский;0;1;Памятники Здания_координаты.xlsx;;1;51,656271;103,719131;1;Point;
Иркутская область, г. Ангарск, Набережная Ангары, Сквер;Культурно-познавательный туризм;Культурно-познавательный;1091;Стела «Крылья»;Усольский;0;1;Памятники Здания_координаты.xlsx;;1;52,559315;103,855071;1;Point;
Иркутская область, г. Братск, ул. Наймушина, д. 5 а;Культурно-познавательный туризм;Культурно-познавательный;1035;Мемориальная доска Василиию Ивановичу Сверчкову;Усольский;0;1;Памятники Здания_координаты.xlsx;;1;52,444081;103,193881;1;Point;
Иркутская область, г. Братск, Братская ГЭС;Культурно-познавательный туризм;Культурно-познавательный;1018;Памятник Ивану Ивановичу Наймушину;не обнаружено;0;1;Памятники Здания_координаты.xlsx;;1;42,187599;57,440498;1;Point;
Иркутская область, г. Братск, Жилой район Бикей;Культурно-познавательный туризм;Культурно-познавательный;1036;Сквер памяти воинов-братчан;не обнаружено;0;1;Памятники Здания_координаты.xlsx;;1;;;1;;
Иркутская область, г. Ангарск, Квартал 182, дом 10;Культурно-познавательный туризм;Культурно-познавательный;1067;Мозаичное панно «Академик Королев»;не обнаружено;0;1;Памятники Здания_координаты.xlsx;Памятники, исторические здания;1;37,814021;55,919412;1;Point;
Иркутская область, г. Ангарск, Квартал 182, дом 16;Культурно-познавательный туризм;Культурно-познавательный;1071;Мозаичное панно «Сенатская площадь»;не обнаружено;0;1;Памятники Здания_координаты.xlsx;Памятники, исторические здания;1;30,301854;59,936597;1;Point;
Иркутская область, г. Братск, Музей «Ангарская деревня»;Культурно-познавательный туризм;Культурно-познавательный;1008;Наскальный рисунок «Пасущийся лось»;не обнаружено;0;1;Памятники Здания_координаты.xlsx;Памятники, исторические здания;1;;;1;;
Иркутская область, г. Братск, Музей «Ангарская деревня»;Культурно-познавательный туризм;Культурно-познавательный;1007;Памятник деревянного зодчества Михайло-Архангельская церковь;не обнаружено;0;1;Памятники Здания_координаты.xlsx;Памятники, исторические здания;1;;;1;;
Иркутская область, г. Братск, ул. Кирова, д. 28;Культурно-познавательный туризм;Культурно-познавательный;1005;Памятник Александру Сергеевичу Пушкину;не обнаружено;0;1;Памятники Здания_координаты.xlsx;Памятники, исторические здания;1;41,287123;69,253997;1;Point;
Иркутская область, г. Братск, ул. Муханова, д. 28;Культурно-познавательный туризм;Культурно-познавательный;1003;Мемориальная доска Андреию Павловичу Жданову;не обнаружено;0;1;Памятники Здания_координаты.xlsx;Памятники, исторические здания;1;50,119067;53,188765;1;Point;
г. Иркутск;Культурно-познавательный туризм;Культурно-познавательный;1116;"Гостиница ""Гранд-Отель""";не обнаружено;0;1;Памятники Здания_координаты.xlsx;Памятники, исторические здания;1;37,563709;55,733239;1;Point;
Иркутская область, пос. Гидростроитель, 4-й Коммунальный переулок, д. 36;Культурно-познавательный туризм;Культурно-познавательный;1049;Церковь Новый завет;не обнаружено;0;1;Памятники Здания_координаты.xlsx;Памятники, исторические здания, святыни и храмы;1;;;1;;
669452, п. Кутулик Аларского района, ул. Советская, 33А;Культурно-познавательный туризм;Культурно-познавательный;2500;МБУК «Краеведческий музей Аларского района»;Аларский;0;1;Унифицированный_туристский_паспорт_Иркутской_области_2019_50.xlsx;Музей;1;53,34121;102,798233;1;Point;
669468, Иркутская обл., Аларский р-н, с. Бахтай, ул. Ербанова, дом 2;Культурно-познавательный туризм;Культурно-познавательный;2502;Мемориальный дом-музей М.Н. Ербанова, филиал МБУК «Краеведческий музей Аларского района»;Аларский;0;1;Унифицированный_туристский_паспорт_Иркутской_области_2019_50.xlsx;Музей;1;53,506326;103,106302;1;Point;
665830, г. Ангарск, ул. К. Маркса, 31, а/я 102;Культурно-познавательный туризм;Культурно-познавательный;2467;МБУК г. Ангарска «Городской музей»;Ангарский;0;1;Унифицированный_туристский_паспорт_Иркутской_области_2019_50.xlsx;Музей;1;52,541598;103,890073;1;Point;
666391, п. Балаганск, ул. Дворянова,15;Культурно-познавательный туризм;Культурно-познавательный;2469;МКУК «Балаганский историко- этнографический музей им. А.С.Башинова»;Балаганский;0;1;Унифицированный_туристский_паспорт_Иркутской_области_2019_50.xlsx;Музей;1;54,005887;103,064566;1;Point;
666904, г. Бодайбо, ул. Стояновича, 81;Культурно-познавательный туризм;Культурно-познавательный;2472;МКУК «Бодайбинский городской краеведческий музей им. В.Ф. Верещагина»;Бодайбинский;0;1;Унифицированный_туристский_паспорт_Иркутской_области_2019_50.xlsx;Музей;1;57,845557;114,199211;1;Point;
665717, г. Братск, ул. Парковая, 3, Центральный жилой район;Культурно-познавательный туризм;Культурно-познавательный;2477;Музей истории политической ссылки, филиал МБУК «Братский городской объединенный музей истории освоения Ангары» ;Братск;0;1;Унифицированный_туристский_паспорт_Иркутской_области_2019_50.xlsx;Музей;1;56,157408;101,605262;1;Point;
664003, г. Иркутск, ул. Грязнова, 22;Культурно-познавательный туризм;Культурно-познавательный;2465;ИОГУК Архитектурно- этнографический музей «Тальцы»;Иркутск;0;1;Унифицированный_туристский_паспорт_Иркутской_области_2019_50.xlsx;Музей;1;52,278856;104,288691;1;Point;
664003, г. Иркутск, ул. Декабрьских Событий, 102;Культурно-познавательный туризм;Культурно-познавательный;2486;Дом ремёсел, филиал МБУК «Музей истории города Иркутска им. А.М. Сибирякова»;Иркутск;0;1;Унифицированный_туристский_паспорт_Иркутской_области_2019_50.xlsx;Музей;1;52,279908;104,313557;1;Point;
664007, г. Иркутск, ул. Подгорная, 27, ул. Софьи Перовской ,10;Культурно-познавательный туризм;Культурно-познавательный;2525;Музей Мото Ретро Техники и предметов эпохи СССР ИП «В.В.Астафьев»;Иркутск;0;1;Унифицированный_туристский_паспорт_Иркутской_области_2019_50.xlsx;Музей;1;52,279109;104,297405;1;Point;
664022, г. Иркутск, ул. Седова, 30;Культурно-познавательный туризм;Культурно-познавательный;2523;ООО «Планетарий» Музей «Ноосфера»;Иркутск;0;1;Унифицированный_туристский_паспорт_Иркутской_области_2019_50.xlsx;Музей;1;52,273913;104,289859;1;Point;
664025, г. Иркутск, ул. Степана Разина, 11;Культурно-познавательный туризм;Культурно-познавательный;2518;Новый музейный центр «Арт Хаус»;Иркутск;0;1;Унифицированный_туристский_паспорт_Иркутской_области_2019_50.xlsx;Музей;1;52,285682;104,274058;1;Point;
664029, г. Иркутск, ул. Чайковского, 5;Культурно-познавательный туризм;Культурно-познавательный;2485;Солдаты Отечества, филиал МБУК «Музей истории города Иркутска им. А.М. Сибирякова»;Иркутск;0;1;Унифицированный_туристский_паспорт_Иркутской_области_2019_50.xlsx;Музей;1;52,281197;104,236975;1;Point;
664033, г. Иркутск, ул. Седова, д.2, ул. Лермонтова, 289;Культурно-познавательный туризм;Культурно-познавательный;2524;Музей занимательной науки «Экспериментарий»;Иркутск;0;1;Унифицированный_туристский_паспорт_Иркутской_области_2019_50.xlsx;Музей;1;52,275632;104,287146;1;Point;
664056 г. Иркутск, ул. Мухиной, д.1;Культурно-познавательный туризм;Культурно-познавательный;2517;Музей иллюзий и оптики «Фантаст» ИП «Воронов»;Иркутск;0;1;Унифицированный_туристский_паспорт_Иркутской_области_2019_50.xlsx;Музей;1;52,229233;104,309514;1;Point;
г. Иркутск, ул. Байкальская, 23;Культурно-познавательный туризм;Культурно-познавательный;2533;Музей рок-н-ролла;Иркутск;0;1;Унифицированный_туристский_паспорт_Иркутской_области_2019_50.xlsx;Музей;1;52,279467;104,300181;1;Point;
664519, с. Смоленщина, ул. Трудовая, 6;Культурно-познавательный туризм;Культурно-познавательный;2527;Музей сибирских самоцветов ОАО «Байкалкварцсамоцветы»;Иркутский;0;1;Унифицированный_туристский_паспорт_Иркутской_области_2019_50.xlsx;Музей;1;52,256601;104,128593;1;Point;
664520, п. Листвянка, ул. Куликова, 12-Б;Культурно-познавательный туризм;Культурно-познавательный;2529;Музей байкальских самоцветов;Иркутский;0;1;Унифицированный_туристский_паспорт_Иркутской_области_2019_50.xlsx;Музей;1;51,857565;104,861134;1;Point;
664520, п. Листвянка, ул. Чапаева, 76.;Культурно-познавательный туризм;Культурно-познавательный;2519;Картинная галерея В. Ю. Пламеневского;Иркутский;0;1;Унифицированный_туристский_паспорт_Иркутской_области_2019_50.xlsx;Музей;1;51,857749;104,876387;1;Point;
664531, с. Урик, Иркутского района, ул. Лунина, 2 «Г» ;Культурно-познавательный туризм;Культурно-познавательный;2509;Историко-краеведческий музей им. Н.В.Перетолчина МУК СКК Уриковского МО;Иркутский;0;1;Унифицированный_туристский_паспорт_Иркутской_области_2019_50.xlsx;Музей;1;52,458953;104,245509;1;Point;
666504, п. Магистральный Казачинско-Ленского района, ул.60-летия Октября, 5;Культурно-познавательный туризм;Культурно-познавательный;2487;МКУК «Казачинско-Ленский районный краеведческий музей»;Казачинско-Ленский;0;1;Унифицированный_туристский_паспорт_Иркутской_области_2019_50.xlsx;Музей;1;56,167869;107,43354;1;Point;
666703, г. Киренск, ул. Советская, 18;Культурно-познавательный туризм;Культурно-познавательный;2489;МКУК «Историко-краеведческий музей», г. Киренск;Киренский;0;1;Унифицированный_туристский_паспорт_Иркутской_области_2019_50.xlsx;Музей;1;57,775867;108,115128;1;Point;
665653, г. Железногорск-Илимский, квартал 8, д.20;Культурно-познавательный туризм;Культурно-познавательный;2479;МКУК «Историко- художественный музей им. академика М.К.Янгеля Филиал: 1.В пгт. Новая Игирма;Нижнеилимский;0;1;Унифицированный_туристский_паспорт_Иркутской_области_2019_50.xlsx;Музей;1;56,58464;104,112909;1;Point;
666137, пос. Хужир, ул. Первомайская, 24;Культурно-познавательный туризм;Культурно-познавательный;2532;Арт-галерея Ощепковых ИП «Яцыно А.В.»;Ольхонский;0;1;Унифицированный_туристский_паспорт_Иркутской_области_2019_50.xlsx;Музей;1;53,198041;107,338247;1;Point;
669201,  с. Оса Осинского района, ул. Свердлова, 86;Культурно-познавательный туризм;Культурно-познавательный;2506;МКУК «Осинский районный историко-краеведческий музей»;Осинский;0;1;Унифицированный_туристский_паспорт_Иркутской_области_2019_50.xlsx;Музей;1;53,390954;103,878305;1;Point;
666301, г. Саянск, м-н Юбилейный, 65, а/я 63;Культурно-познавательный туризм;Культурно-познавательный;2514;«Музейно-выставочное структурное подразделение  МБУК «Дворец культуры «Юность»;Саянск;0;1;Унифицированный_туристский_паспорт_Иркутской_области_2019_50.xlsx;Музей;1;54,102554;102,157097;1;Point;
665009, г. Тайшет, ул. Советская, д. 115;Культурно-познавательный туризм;Культурно-познавательный;2492;МКУК «Районный краеведческий музей», г. Тайшет;Тайшетский;0;1;Унифицированный_туристский_паспорт_Иркутской_области_2019_50.xlsx;Музей;1;55,932168;97,983111;1;Point;
665051, г. Бирюсинск Тайшетского района, ул. Калинина,1;Культурно-познавательный туризм;Культурно-познавательный;2470;МКУК «Краеведческий музей» г. Бирюсинска;Тайшетский;0;1;Унифицированный_туристский_паспорт_Иркутской_области_2019_50.xlsx;Музей;1;55,962327;97,817758;1;Point;
666683, г. Усть-Илимск, пр. Мира, д. 7, а/я 997;Культурно-познавательный туризм;Культурно-познавательный;2495;МБУК «Картинная галерея»;Усть-Илимский;0;1;Унифицированный_туристский_паспорт_Иркутской_области_2019_50.xlsx;Музей;1;57,955362;102,738711;1;Point;
666686, г. Усть-Илимск, ул. К. Маркса, 67;Культурно-познавательный туризм;Культурно-познавательный;2496;МБУК «Краеведческий музей»;Усть-Илимский;0;1;Унифицированный_туристский_паспорт_Иркутской_области_2019_50.xlsx;Музей;1;57,932762;102,716145;1;Point;
665415, г. Черемхово, ул. Ф. Патоки, 1;Культурно-познавательный туризм;Культурно-познавательный;2468;МБУК Музей истории города Черемхово;Черемховский;0;1;Унифицированный_туристский_паспорт_Иркутской_области_2019_50.xlsx;Музей;1;53,137327;103,089377;1;Point;
669001, Иркутская область, п. Усть-Ордынский, ул. Ленина, 6 А;Культурно-познавательный туризм;Культурно-познавательный;2466;ОГБУК Национальный музей Усть- Ордынского Бурятского округа;Эхирит-Булагатский;0;1;Унифицированный_туристский_паспорт_Иркутской_области_2019_50.xlsx;Музей;1;52,802714;104,758294;1;Point;
П. Усть-Ордынский, 72-й км Качугского тракта;Культурно-познавательный туризм;Культурно-познавательный;2526;ООО Этнопарк «Золотая Орда»;Эхирит-Булагатский;0;1;Унифицированный_туристский_паспорт_Иркутской_области_2019_50.xlsx;Музей;1;52,815637;104,792646;1;Point;
664007, г. Иркутск, пер. Волконского, 10.;Культурно-познавательный туризм;Культурно-познавательный;2464;ГБУК Иркутский областной историко-мемориальный музей декабристов;не обнаружено;0;1;Унифицированный_туристский_паспорт_Иркутской_области_2019_50.xlsx;Музей;1;;;1;;
665302, п. Куйтун, ул. Красного Октября, 36;Культурно-познавательный туризм;Культурно-познавательный;2490;МКУК «Куйтунский районный краеведческий музей»;не обнаружено;0;1;Унифицированный_туристский_паспорт_Иркутской_области_2019_50.xlsx;Музей;1;;;1;;
665375, с. Кимильтей Зиминского района, ул. Чкалова,68;Культурно-познавательный туризм;Культурно-познавательный;2488;МКУК  «Районный историко- краеведческий музей», с. Кимильтей;не обнаружено;0;1;Унифицированный_туристский_паспорт_Иркутской_области_2019_50.xlsx;Музей;1;;;1;;
665393, г. Зима, ул. Ангарская, 6;Культурно-познавательный туризм;Культурно-познавательный;2481;МБУК «Городской историко- краеведческий музей», г. Зима Филиал: 1.Дом-музей поэзии;не обнаружено;0;1;Унифицированный_туристский_паспорт_Иркутской_области_2019_50.xlsx;Музей;1;;;1;;
665413, г. Черемхово, ул. Ференца Патаки, 1;Культурно-познавательный туризм;Культурно-познавательный;2507;Музей истории города Черемхово;не обнаружено;0;1;Унифицированный_туристский_паспорт_Иркутской_области_2019_50.xlsx;Музей;1;;;1;;
665420, г. Свирск, ул. Хасановских боёв, 1;Культурно-познавательный туризм;Культурно-познавательный;2513;«Музей истории города  Свирска» МУ «Городской Центр Культуры»;не обнаружено;0;1;Унифицированный_туристский_паспорт_Иркутской_области_2019_50.xlsx;Музей;1;;;1;;
665463, г. Усолье-Сибирское, пр. Комсомольский, д. 79;Культурно-познавательный туризм;Культурно-познавательный;2494;МБУК «Усольский историко- краеведческий музей»;не обнаружено;0;1;Унифицированный_туристский_паспорт_Иркутской_области_2019_50.xlsx;Музей;1;52,749115;103,650735;1;Point;
665709, Иркутская область, г. Братск, проезд Стройиндустрии 44, СР Элегант-Падун, 1 этаж, помещение № 7;Культурно-познавательный туризм;Культурно-познавательный;2530;Братский Музей Света;не обнаружено;0;1;Унифицированный_туристский_паспорт_Иркутской_области_2019_50.xlsx;Музей;1;;;1;;
665717, г. Братск, ул. Комсомольская, 38, а/я 844;Культурно-познавательный туризм;Культурно-познавательный;2473;МБУК «Братский городской объединенный музей истории освоения Ангары»;не обнаружено;0;1;Унифицированный_туристский_паспорт_Иркутской_области_2019_50.xlsx;Музей;1;;;1;;
665770, г. Вихоревка Братского района, ул. Кошевого, д.20;Культурно-познавательный туризм;Культурно-познавательный;2471;МКУК «Историко-краеведческий музей города Вихоревка»;не обнаружено;0;1;Унифицированный_туристский_паспорт_Иркутской_области_2019_50.xlsx;Музей;1;;;1;;
665903, г. Слюдянка, ул. Слюдяная, 36.;Культурно-познавательный туризм;Культурно-познавательный;2516;Частный минералогический музей-усадьба «Самоцвет Байкала»;не обнаружено;0;1;Унифицированный_туристский_паспорт_Иркутской_области_2019_50.xlsx;Музей;1;;;1;;
666032, г. Шелехов, квартал 18, д. 39А;Культурно-познавательный туризм;Культурно-познавательный;2499;МКУК «Городской музей Г.И.Шелехова»;не обнаружено;0;1;Унифицированный_туристский_паспорт_Иркутской_области_2019_50.xlsx;Музей;1;;;1;;
669120, Иркутская область, Баяндаевский район, с. Баяндай, ул. Бутунаева, 2;Культурно-познавательный туризм;Культурно-познавательный;2503;МБУК «Баяндаевский Этнографический музей» Иркутской области;не обнаружено;0;1;Унифицированный_туристский_паспорт_Иркутской_области_2019_50.xlsx;Музей;1;;;1;;
669472, Иркутская обл., Аларский р-н, с. Аларь, ул. Советская, дом 35;Культурно-познавательный туризм;Культурно-познавательный;2501;"Музей ""Степная Дума"", филиал МБУК «Краеведческий музей Аларского района»";не обнаружено;0;1;Унифицированный_туристский_паспорт_Иркутской_области_2019_50.xlsx;Музей;1;;;1;;
Иркутская обл., г. Ангарск, ул. Чайковского, 51,  +7 (3955) 57-17-01, 57-17-10, 57-17-00 of59@anhk.rosneft.ru ;Лечебно-оздоровительный туризм;Лечебно-оздоровительный;2561;Санаторийпрофилакторий «Родник»;Ангарский;0;1;Унифицированный_туристский_паспорт_Иркутской_области_2019_Санатории.xlsx;Лечебнооздоровительный;1;52,544358;103,888249;1;Point;
"г.  Иркутск,  ул.  2-я Железнодорожная, 4,  +7  (3952)  39-49-44;  +7(3952) 506-400";Лечебно-оздоровительный туризм;Лечебно-оздоровительный;2552;Многопрофильный  курорт «Ангара»;Иркутск;0;1;Унифицированный_туристский_паспорт_Иркутской_области_2019_Санатории.xlsx;Лечебнооздоровительный;1;52,289588;104,280606;1;Point;
Иркутская обл., г. Саянск, проезд Лесной, 1, +7 (39553) 71-661, 71-877. vostokulan@mail.ru;Лечебно-оздоровительный туризм;Лечебно-оздоровительный;2559;Санаторий «ВостокУЛАН»;Саянск;0;1;Унифицированный_туристский_паспорт_Иркутской_области_2019_Санатории.xlsx;Лечебнооздоровительный;1;54,10843;102,127219;1;Point;
Иркутская обл.,  г. Братск, ул.  Северный Артек, дом 10, (3953)  35-00-52 (бухгалтерия, тел/факс),  35-00-56  (регистратура, реклама),  35-00-54 (администратор круглосуточно), 35-05-05 SPA-Центр ;Лечебно-оздоровительный туризм;Лечебно-оздоровительный;2560;Санаторий «Солнечный»;не обнаружено;0;1;Унифицированный_туристский_паспорт_Иркутской_области_2019_Санатории.xlsx;Лечебнооздоровительный;1;;;1;;
Иркутская обл., 21 км Байкальского тракта.  (3952) 677-427, 88002343434, bvlirk@yandex.ru;Лечебно-оздоровительный туризм;Лечебно-оздоровительный;2553;«Больница восстановитель ного  лечения на ст. ИркутскПассажирский ОАО «РЖД»;не обнаружено;0;1;Унифицированный_туристский_паспорт_Иркутской_области_2019_Санатории.xlsx;Лечебнооздоровительный;1;;;1;;
Иркутская обл., Иркутский р-н, 43 км Байкальского тракта Отдел бронирования:  г.Иркутск, ул.Байкальская, 180А/4, БЦ Баzа, 8 (3952) 487-279 8 (3952) 259-262, booking@grandbaikal.ru ;Лечебно-оздоровительный туризм;Лечебно-оздоровительный;2558;Санаторий «Электра»;не обнаружено;0;1;Унифицированный_туристский_паспорт_Иркутской_области_2019_Санатории.xlsx;Лечебнооздоровительный;1;;;1;;
Иркутская обл., г. Братск, а/я 2091, 8(3953) 409-366, 409-367, 200-576, bratskkurort@rambler.ru;Лечебно-оздоровительный туризм;Лечебно-оздоровительный;2554;Санаторий «Братское взморье»;не обнаружено;0;1;Унифицированный_туристский_паспорт_Иркутской_области_2019_Санатории.xlsx;Лечебнооздоровительный;1;;;1;;
"Иркутская обл., г. Саянск, Автодорога Западная тер, д.4;, г. Саянск-3, а/я 323 8(39553) 704-65 mail@kurortkedr.ru ";Лечебно-оздоровительный туризм;Лечебно-оздоровительный;2562;Санаторий «Кедр»;не обнаружено;0;1;Унифицированный_туристский_паспорт_Иркутской_области_2019_Санатории.xlsx;Лечебнооздоровительный;1;;;1;;
Иркутская обл., г. Усолье-Сибирское, ул. Ленина, 1-1, 7 (39543) 6-27-55;Лечебно-оздоровительный туризм;Лечебно-оздоровительный;2556;Санаторий «Усолье»;не обнаружено;0;1;Унифицированный_туристский_паспорт_Иркутской_области_2019_Санатории.xlsx;Лечебнооздоровительный;1;;;1;;
"Иркутская обл., г. Усть-Илимск, ул. Героев Труда, 57  (39535)  57765,  57733, 55757, 56107; russ_ui@mail.ru ";Лечебно-оздоровительный туризм;Лечебно-оздоровительный;2555;ОАО  Курорт «Русь»;не обнаружено;0;1;Унифицированный_туристский_паспорт_Иркутской_области_2019_Санатории.xlsx;Лечебнооздоровительный;1;;;1;;
Иркутская обл., г.Усть-Кут, ул. Курорт д. 1, 8 39565 5-44-80 \  8 8003338218 (бесплатный, круглосуточный), 8 (950) 116-52-58, kurort_ust-kut@mail.ru ;Лечебно-оздоровительный туризм;Лечебно-оздоровительный;2557;Санаторий «Усть-Кут»;не обнаружено;0;1;Унифицированный_туристский_паспорт_Иркутской_области_2019_Санатории.xlsx;Лечебнооздоровительный;1;;;1;;
г. Шелехов, квартал 18, дом 47, 666032,  shelcentr@mail.ru, 8-39550-9-30-93;Лечебно-оздоровительный туризм;Лечебно-оздоровительный;2563;ОГАУСО «Реабилитацион ный центр «Шелеховский»;не обнаружено;0;1;Унифицированный_туристский_паспорт_Иркутской_области_2019_Санатории.xlsx;Лечебнооздоровительный;1;;;1;;
Россия 665813, Иркутская область, г. Ангарск, квартал 108-й, строение 3/1, офис 201;Промышленный туризм;Промышленный;2540;Экскурсия на Фабрику мороженного «Ангария» / ООО «Ангария» Фабрика мороженного»;Ангарский;0;1;Унифицированный_туристский_паспорт_Иркутской_области_2019_Промышленный.xlsx;Не определен;1;52,537747;103,899846;1;Point;
Россия, Иркутская область, г.Ангарск, мкр. Майск, ул. Димитрова, 11;Промышленный туризм;Промышленный;2539;Экскурсия  на  завод  по производству  снековой продукции «От Фенечки»/ИП Подомарев О.В.;Ангарский;0;1;Унифицированный_туристский_паспорт_Иркутской_области_2019_Промышленный.xlsx;Не определен;1;52,573687;103,891564;1;Point;
Прохладная ул., 19, Братск, Иркутская обл., 665712;Промышленный туризм;Промышленный;2546;Усадьба «Конный Мир»;Братск;0;1;Унифицированный_туристский_паспорт_Иркутской_области_2019_Промышленный.xlsx;Не определен;1;56,290989;101,653411;1;Point;
п.Энергетик, ж.р. Сосновый бор, Земляничная ул., 36, Братск, Иркутская обл., 665730;Промышленный туризм;Промышленный;2547;Конный клуб «Фаворит»;Братск;0;1;Унифицированный_туристский_паспорт_Иркутской_области_2019_Промышленный.xlsx;Не определен;1;56,333963;101,771513;1;Point;
г. Иркутск, Александровский тракт, 5 км ;Промышленный туризм;Промышленный;2543;Музей «На свалке»/ полигон ТБО города Иркутска;Иркутский;0;1;Унифицированный_туристский_паспорт_Иркутской_области_2019_Промышленный.xlsx;Не определен;1;52,37441;104,296453;1;Point;
665420, г. Свирск, Иркутской области, ул. Профсоюзная, 1;Промышленный туризм;Промышленный;2542;Экскурсия по распиловочному цеху ООО «ТМ Байкал»/ Организатор экскурсий – администрация города Свирска;Черемховский;0;1;Унифицированный_туристский_паспорт_Иркутской_области_2019_Промышленный.xlsx;Не определен;1;53,100983;103,338103;1;Point;
664039, г. Иркутск, ул. Терешковой, 21, оф. 21 Сайт: https://wildsib.com;Промышленный туризм;Промышленный;2541;Экскурсия по заводу по переработке дикорастущего сырья (лесных пищевых ресурсов)/ООО  «Дикая Сибирь»;не обнаружено;0;1;Унифицированный_туристский_паспорт_Иркутской_области_2019_Промышленный.xlsx;Не определен;1;;;1;;
"ЗАО ""Агрофирма ""Ангара"", 666679, Иркутская обл., г.Усть-Илимск-9, промплощадка ЛПК, а/я 928 ";Промышленный туризм;Промышленный;2549;Экскурсия  на  агрофирму «Ангара» в городе УстьИлимске;не обнаружено;0;1;Унифицированный_туристский_паспорт_Иркутской_области_2019_Промышленный.xlsx;Не определен;1;;;1;;
"Организатор: ООО ""ЯРКО-ТУР"", г. Усть-Илимск, ул. Мечтателей 21А, 5 этаж";Промышленный туризм;Промышленный;2550;Экскурсия в «Конный Клуб» г. Усть-Илимск;не обнаружено;0;1;Унифицированный_туристский_паспорт_Иркутской_области_2019_Промышленный.xlsx;Не определен;1;;;1;;
"Организатор: ООО ""ЯРКО-ТУР"", г. Усть-Илимск, ул. Мечтателей 21А, 5 этаж";Промышленный туризм;Промышленный;2551;Экскурсия на Усть-Илимскую ТЭЦ;не обнаружено;0;1;Унифицированный_туристский_паспорт_Иркутской_области_2019_Промышленный.xlsx;Не определен;1;;;1;;
г. Братск, Администрация города Братска;Промышленный туризм;Промышленный;2544;Экскурсия на смотровую площадку Братской гидроэлектростанции;не обнаружено;0;1;Унифицированный_туристский_паспорт_Иркутской_области_2019_Промышленный.xlsx;Не определен;1;;;1;;
г. Братск, промплощадка БрАЗа ;Промышленный туризм;Промышленный;2548;Обзорная экскурсия ПАО «РУСАЛ»;не обнаружено;0;1;Унифицированный_туристский_паспорт_Иркутской_области_2019_Промышленный.xlsx;Не определен;1;;;1;;
г. Братск, промплощадка ЛПК, а/я 467 ;Промышленный туризм;Промышленный;2545;Обзорная экскурсия по филиалув городе Братске АО «Группа «Илим»;не обнаружено;0;1;Унифицированный_туристский_паспорт_Иркутской_области_2019_Промышленный.xlsx;Не определен;1;;;1;;
Иркутская обл., г. Ангарск, Троицкая ул., 1;Религиозный туризм;Религиозный;2602;Свято-Троицкий кафедральный собор;Ангарский;0;1;Унифицированный_туристский_паспорт_Иркутской_области_2019_Церкви.xlsx;Не определен;1;52,528007;103,870966;1;Point;
Иркутская обл., с.Тихоновка;Религиозный туризм;Религиозный;2613;Церковь Святого Уара;Боханский;0;1;Унифицированный_туристский_паспорт_Иркутской_области_2019_Церкви.xlsx;Не определен;1;53,176782;104,225728;1;Point;
Иркутская обл., г. Братск, ул. Лесной массив 1-а;Религиозный туризм;Религиозный;2598;Храм Всех Святых в земле Российской просиявших;Братск;0;1;Унифицированный_туристский_паспорт_Иркутской_области_2019_Церкви.xlsx;Не определен;1;56,182947;101,629346;1;Point;
Иркутская обл., г. Братск, ул. Полевая, 3;Религиозный туризм;Религиозный;2599;Православная церковь Успения Божией матери;Братск;0;1;Унифицированный_туристский_паспорт_Иркутской_области_2019_Церкви.xlsx;Не определен;1;56,294201;101,694267;1;Point;
Иркутская обл., г. Братск, ул. Янгеля, 105а;Религиозный туризм;Религиозный;2600;Римско-католическая церковь святых Кирилла и Мефодия;Братск;0;1;Унифицированный_туристский_паспорт_Иркутской_области_2019_Церкви.xlsx;Не определен;1;56,157995;101,59459;1;Point;
Иркутская обл., г. Иркутск, Ленина, 1б;Религиозный туризм;Религиозный;2569;Часовня Казанской иконы Божией Матери г. Иркутска;Иркутск;0;1;Унифицированный_туристский_паспорт_Иркутской_области_2019_Церкви.xlsx;Не определен;1;52,290139;104,279331;1;Point;
Иркутская обл., г. Иркутск, бульвар Рябикова, 33;Религиозный туризм;Религиозный;2584;Церковь Двенадцати апостолов;Иркутск;0;1;Унифицированный_туристский_паспорт_Иркутской_области_2019_Церкви.xlsx;Не определен;1;52,262036;104,208328;1;Point;
Иркутская обл., г. Иркутск, пер. Краснофлотский, 5-д;Религиозный туризм;Религиозный;2590;Церковь св. Григория, Епископа Неокесарийского;Иркутск;0;1;Унифицированный_туристский_паспорт_Иркутской_области_2019_Церкви.xlsx;Не определен;1;52,285131;104,270231;1;Point;
Иркутская обл., г. Иркутск, ул Советская, 57а;Религиозный туризм;Религиозный;2581;Храм святой блаженной Ксении Петербуржской;Иркутск;0;1;Унифицированный_туристский_паспорт_Иркутской_области_2019_Церкви.xlsx;Не определен;1;52,279792;104,321183;1;Point;
Иркутская обл., г. Иркутск, ул. Академика Образцова, 1.;Религиозный туризм;Религиозный;2579;Храм МихайлоАрхангельский, Иннокентьевский скит;Иркутск;0;1;Унифицированный_туристский_паспорт_Иркутской_области_2019_Церкви.xlsx;Не определен;1;52,332071;104,21697;1;Point;
Иркутская обл., г. Иркутск, ул. Байкальская, 165 в.;Религиозный туризм;Религиозный;2570;Храм во имя Святых мучениц Веры, Надежды, Любови и матери их Софии;Иркутск;0;1;Унифицированный_туристский_паспорт_Иркутской_области_2019_Церкви.xlsx;Не определен;1;52,258249;104,328801;1;Point;
Иркутская обл., г. Иркутск, ул. Мира, 122;Религиозный туризм;Религиозный;2586;Храм Рождества Христова;Иркутск;0;1;Унифицированный_туристский_паспорт_Иркутской_области_2019_Церкви.xlsx;Не определен;1;52,350366;104,213412;1;Point;
Иркутская обл., г. Иркутск, ул. Рабочего Штаба, 29б;Религиозный туризм;Религиозный;2583;Храм Покрова Божией Матери;Иркутск;0;1;Унифицированный_туристский_паспорт_Иркутской_области_2019_Церкви.xlsx;Не определен;1;52,307509;104,297495;1;Point;
Иркутская обл., г. Иркутск, ул. Сухэ Батора, 2;Религиозный туризм;Религиозный;2573;Храм Спаса Нерукотворного Образа;Иркутск;0;1;Унифицированный_туристский_паспорт_Иркутской_области_2019_Церкви.xlsx;Не определен;1;52,291119;104,281442;1;Point;
Иркутская обл., г. Иркутск, ул. Сухэ-Батора, 1;Религиозный туризм;Религиозный;2565;Римский католический костел;Иркутск;0;1;Унифицированный_туристский_паспорт_Иркутской_области_2019_Церкви.xlsx;Не определен;1;52,290408;104,28252;1;Point;
Иркутская обл., Иркутский р-н, п. Пивовариха, ул. Степная, д. 35, корп. 1.;Религиозный туризм;Религиозный;2593;Храм Покрова Пресвятой Богородицы;Иркутский;0;1;Унифицированный_туристский_паспорт_Иркутской_области_2019_Церкви.xlsx;Не определен;1;52,273064;104,43986;1;Point;
Иркутская обл., Иркутский р-н, с. Мамоны, ул. Раминского, 11;Религиозный туризм;Религиозный;2595;Храм Святого Сафрония;Иркутский;0;1;Унифицированный_туристский_паспорт_Иркутской_области_2019_Церкви.xlsx;Не определен;1;52,299122;104,158795;1;Point;
Иркутская обл., п.Листвянка, ул. Куликова, 20;Религиозный туризм;Религиозный;2596;Церковь Николая Чудотворца;Иркутский;0;1;Унифицированный_туристский_паспорт_Иркутской_области_2019_Церкви.xlsx;Не определен;1;51,858716;104,861691;1;Point;
Иркутская область, пос. Большое Голоустное, ул.Свердлова, 18;Религиозный туризм;Религиозный;2610;Свято-Никольская церковь;Иркутский;0;1;Унифицированный_туристский_паспорт_Иркутской_области_2019_Церкви.xlsx;Не определен;1;52,042045;105,405603;1;Point;
Иркутская обл., Ольхонский р-н, пос. Еланцы;Религиозный туризм;Религиозный;2617;Священная гора Ехэ-Ердо;Ольхонский;0;1;Унифицированный_туристский_паспорт_Иркутской_области_2019_Церкви.xlsx;Не определен;1;52,79733;106,399247;1;Point;
Иркутская обл., Усольский р-н п. Тельма;Религиозный туризм;Религиозный;2615;Храм Иконы Божией Матери Казанской в поселке Тельма;Усольский;0;1;Унифицированный_туристский_паспорт_Иркутской_области_2019_Церкви.xlsx;Не определен;1;52,698173;103,714398;1;Point;
Иркутская обл., Усольский район, п. Тельма, ул. Зуева, д. 1.;Религиозный туризм;Религиозный;2604;Храм в честь Казанской иконы Божьей Матери;Усольский;0;1;Унифицированный_туристский_паспорт_Иркутской_области_2019_Церкви.xlsx;Не определен;1;52,696563;103,714084;1;Point;
Иркутская обл., г. Усть-Илимск, ул. К. Маркса, 4 п/о 13 а/я 528;Религиозный туризм;Религиозный;2606; Храм Всех святых, в земле Российской просиявших;Усть-Илимский;0;1;Унифицированный_туристский_паспорт_Иркутской_области_2019_Церкви.xlsx;Не определен;1;57,942686;102,733519;1;Point;
Иркутская область, Эхирит – Булагатский район, п. Усть-Ордынский;Религиозный туризм;Религиозный;2611;Усть-Ордынский дацан;Эхирит-Булагатский;0;1;Унифицированный_туристский_паспорт_Иркутской_области_2019_Церкви.xlsx;Не определен;1;52,805121;104,753641;1;Point;
;Религиозный туризм;Религиозный;2609;;не обнаружено;0;1;Унифицированный_туристский_паспорт_Иркутской_области_2019_Церкви.xlsx;Не определен;1;;;1;;
Иркутская обл., Иркутский р-н, АЭМ «Тальцы»;Религиозный туризм;Религиозный;2594;Церковь Казанская Илимского острога;не обнаружено;0;1;Унифицированный_туристский_паспорт_Иркутской_области_2019_Церкви.xlsx;Не определен;1;;;1;;
Иркутская обл., Иркутский р-н., с. Смоленщина, ул. Совхозная, 6;Религиозный туризм;Религиозный;2592;Церковь Казанской Божией Матери;не обнаружено;0;1;Унифицированный_туристский_паспорт_Иркутской_области_2019_Церкви.xlsx;Не определен;1;;;1;;
Иркутская обл., Качугский р-н, п. Анга;Религиозный туризм;Религиозный;2614;Дом-музей  святителя Иннокентия;не обнаружено;0;1;Унифицированный_туристский_паспорт_Иркутской_области_2019_Церкви.xlsx;Не определен;1;;;1;;
Иркутская обл., Ольхонски йр-н, о-в Огой;Религиозный туризм;Религиозный;2597;Буддийская ступа;не обнаружено;0;1;Унифицированный_туристский_паспорт_Иркутской_области_2019_Церкви.xlsx;Не определен;1;;;1;;
Иркутская область, Слюдянский р-он, ул.40летия Октября, 40.;Религиозный туризм;Религиозный;2607;Слюдянская железнодорожная церковь во имя св.Николая, Иннокентия и Татьяны;не обнаружено;0;1;Унифицированный_туристский_паспорт_Иркутской_области_2019_Церкви.xlsx;Не определен;1;;;1;;
Иркутская область, Слюдянский район, на берегу озера Изумрудное, с. Выдрино;Религиозный туризм;Религиозный;2608;Часовня святого пророка царя Соломона;не обнаружено;0;1;Унифицированный_туристский_паспорт_Иркутской_области_2019_Церкви.xlsx;Не определен;1;;;1;;
Ангарский район, с.Савватеевка, ул.Клубная, д. 4;Событийный туризм;Событийный;1205;Международный симпозиум - фестиваль Парковой скульптуры «Лукоморье на Байкале»;Ангарский;0;1;События_туристические_учтены_места_проведения.csv;Не определен;1;52,328808;103,631124;1;Point;
Иркутская область, Ангарский р-н;Событийный туризм;Событийный;1217;«ВелоБАМ» Гонка на горных велосипедах;Ангарский;0;1;События_туристические_учтены_места_проведения.csv;Не определен;1;52,349007;103,69486;1;Point;
"Иркутская область, Ангарский р-н, Горнолыжный комплекс ""Ангарская гора"" 3-й километр дороги «АнгарскСавватеевка»";Событийный туризм;Событийный;1211;«Царь горы»;Ангарский;0;1;События_туристические_учтены_места_проведения.csv;Не определен;1;52,436458;103,726002;1;Point;
Иркутская область, Ангарский р-н, Горнолыжный комплекс «Ангарская гора»;Событийный туризм;Событийный;1215;«ОДА ТРЕЙЛ»;Ангарский;0;1;События_туристические_учтены_места_проведения.csv;Не определен;1;52,436458;103,726002;1;Point;
Иркутская область, Ангарский р-н, Еловское водохранилище;Событийный туризм;Событийный;1214;Стройкомплекс БАМ «Ангарский кросс - триатлон»;Ангарский;0;1;События_туристические_учтены_места_проведения.csv;Не определен;1;52,483448;103,815432;1;Point;
Иркутская область, Ангарский р-н, Лыжнобиатлонный комплекс «Ангарский»;Событийный туризм;Событийный;1220;БАМ «Ночная гонка молодой луны». Гонка на горных велосипедах;Ангарский;0;1;События_туристические_учтены_места_проведения.csv;Не определен;1;52,413457;103,730396;1;Point;
Иркутская область, Ангарский р-н, Устье реки Ода;Событийный туризм;Событийный;1219;«КИТОЙ ТРЕЙЛ»;Ангарский;0;1;События_туристические_учтены_места_проведения.csv;Не определен;1;52,327608;103,625959;1;Point;
Иркутская область, Ангарский р-н, с. Одинск;Событийный туризм;Событийный;1213;Национальный бурятский праздник «Сур-Харбан»;Ангарский;0;1;События_туристические_учтены_места_проведения.csv;Не определен;1;52,462174;103,727127;1;Point;
Иркутская область, г. Ангарск;Событийный туризм;Событийный;1208;«Блинный забег»;Ангарский;0;1;События_туристические_учтены_места_проведения.csv;Не определен;1;52,544358;103,888249;1;Point;
Иркутская область, г. Слюдянка, Лыжнобиатлонный комплекс «Ангарский»;Событийный туризм;Событийный;1216;БАМ Скоростное восхождение на пик Черского;Ангарский;0;1;События_туристические_учтены_места_проведения.csv;Не определен;1;52,413457;103,730396;1;Point;
Лыжнобиатлонный комплекс «Ангарский», г. Ангарск, Иркутская  обл.;Событийный туризм;Событийный;1207;БАМ «Ангарский марафон»;Ангарский;0;1;События_туристические_учтены_места_проведения.csv;Не определен;1;52,413457;103,730396;1;Point;
Иркутская область, Братский район,  Архитектурноэтнографический музей «Ангарская деревня им. О.Леонова» ;Событийный туризм;Событийный;1203;«Спас на полотне»;Братск;0;1;События_туристические_учтены_места_проведения.csv;Не определен;1;56,221732;101,681235;1;Point;
Иркутская область, Братский район, Архитектурно-этнографический музей «Ангарская деревня им. О.Леонова» ;Событийный туризм;Событийный;1186;«Волшебство рождественской звезды»;Братск;0;1;События_туристические_учтены_места_проведения.csv;Не определен;1;56,221732;101,681235;1;Point;
Иркутская область, Братский район, Архитектурноэтнографический музей «Ангарская деревня им. О.Леонова» ;Событийный туризм;Событийный;1194;«Последний звонок»;Братск;0;1;События_туристические_учтены_места_проведения.csv;Не определен;1;56,221732;101,681235;1;Point;
Иркутская область, Братский район, Архитектурноэтнографический музей «Ангарская деревня им. О.Леонова» ;Событийный туризм;Событийный;1202;«Праздник молодой картошки и малосольного огурца»;Братск;0;1;События_туристические_учтены_места_проведения.csv;Не определен;1;56,221732;101,681235;1;Point;
Иркутская область, Братский район, Архитектурноэтнографический музей «Ангарская деревня им. О.Леонова» ;Событийный туризм;Событийный;1200;«Семейный разгуляй»;Братск;0;1;События_туристические_учтены_места_проведения.csv;Не определен;1;56,221732;101,681235;1;Point;
Иркутская область, Братский район, Архитектурноэтнографический музей «Ангарская деревня им. О.Леонова» ;Событийный туризм;Событийный;1195;«Троица»;Братск;0;1;События_туристические_учтены_места_проведения.csv;Не определен;1;56,221732;101,681235;1;Point;
Иркутская область, г. Братск, Библиотека Русской поэзии 20-го века им. В. Сербского, ул. Наймушина, 54 ;Событийный туризм;Событийный;1191;Литературный творческий конкурс для молодежи «Апрельский ветер»;Братск;0;1;События_туристические_учтены_места_проведения.csv;Не определен;1;56,297424;101,765785;1;Point;
Иркутская область, г. Братск, Драматический театр города Братска ж.р. Центральный,  ул. Мира, д.37 ;Событийный туризм;Событийный;1192;V Фестиваль театральной молодежи «У Братского моря»;Братск;0;1;События_туристические_учтены_места_проведения.csv;Не определен;1;56,156676;101,62308;1;Point;
Иркутская область, г. Братск, МАУ ДО «ДООЦ «Надежда» ;Событийный туризм;Событийный;1204;Межмуниципальный молодежный форум «Братск молодежный»;Братск;0;1;События_туристические_учтены_места_проведения.csv;Не определен;1;56,216734;101,82508;1;Point;
Иркутская область, г. Братск, МАУ ДПО «Центр развития образования города Братска», образовательные организации  ;Событийный туризм;Событийный;1188;Международная Ярмарка  социально-педагогических инноваций;Братск;0;1;События_туристические_учтены_места_проведения.csv;Не определен;1;56,143353;101,632058;1;Point;
Иркутская область, г. Братск, МАУК «Дворец искусств города Братска»,  ж.р. Энергетик ;Событийный туризм;Событийный;1187;ХХI Открытый Региональный Фестиваль-конкурс  Духовной Музыки «Рождественская  звезда»;Братск;0;1;События_туристические_учтены_места_проведения.csv;Не определен;1;56,302355;101,755014;1;Point;
Иркутская область, г. Братск, Правобережный район, сквер 45 квартала;Событийный туризм;Событийный;1199;День молодежи;Братск;0;1;События_туристические_учтены_места_проведения.csv;Не определен;1;56,288331;101,883748;1;Point;
Иркутская область, г. Братск, Центральная городская библиотека  им. И. Черемных,  ул. Рябикова, 12 ;Событийный туризм;Событийный;1193;Городской конкурс авторской песни «Братская лира»;Братск;0;1;События_туристические_учтены_места_проведения.csv;Не определен;1;56,169956;101,6094;1;Point;
Иркутская область, г. Братск, Центральный район, площадь МАУК «ТКЦ Братск-АРТ» ;Событийный туризм;Событийный;1196;День молодежи;Братск;0;1;События_туристические_учтены_места_проведения.csv;Не определен;1;56,148712;101,632363;1;Point;
Иркутская область, город Братск,  акватория Братского водохранилища (в районе загородного клуба «Белый берег»  ;Событийный туризм;Событийный;1190;Соревнования по подледному лову рыбы «Братска рыбалка» на призы мэра города Братска;Братск;0;1;События_туристические_учтены_места_проведения.csv;Не определен;1;56,157048;101,660951;1;Point;
Иркутская область, город Братск, акватория Братского водохранилища ;Событийный туризм;Событийный;1201;Всероссийские соревнования по плаванию на открытой воде «Братская миля – 2020»;Братский;0;1;События_туристические_учтены_места_проведения.csv;Не определен;1;56,28917;101,759927;1;Point;
Байкальский тракт 49 км;Событийный туризм;Событийный;1218;Открытый Чемпионат России по Парковой скульптуре «Лукоморье на Байкале»;Иркутск;0;1;События_туристические_учтены_места_проведения.csv;Не определен;1;52,253552;104,384847;1;Point;
Иркутская область, г. Черемхово, клуб  ;Событийный туризм;Событийный;1173;«Дорога добра» - фестиваль творчества детей-инвалидов и лиц с ограниченными возможностями здоровья;Иркутск;0;1;События_туристические_учтены_места_проведения.csv;Не определен;1;52,277762;104,312436;1;Point;
г. Иркутск;Событийный туризм;Событийный;1285;«Сияние России» - дни русской духовности и культуры;Иркутск;0;1;События_туристические_учтены_места_проведения.csv;Не определен;1;52,289588;104,280606;1;Point;
г. Иркутск;Событийный туризм;Событийный;1239;Камаедзіца;Иркутск;0;1;События_туристические_учтены_места_проведения.csv;Не определен;1;52,289588;104,280606;1;Point;
г. Иркутск (стадионы «Труд», «Рекорд», «Зенит», Центр по хоккею с мячом и конькобежным видам спорта «Байкал»);Событийный туризм;Событийный;1237;Чемпионат мира по хоккею с мячом среди мужских команд;Иркутск;0;1;События_туристические_учтены_места_проведения.csv;Не определен;1;52,252649;104,269823;1;Point;
г. Иркутск,  Остров Конный;Событийный туризм;Событийный;1272;Гастрономически й фестиваль «О, да! Еда!» ;Иркутск;0;1;События_туристические_учтены_места_проведения.csv;Не определен;1;52,264329;104,285862;1;Point;
г. Иркутск,  Сквер Кирова;Событийный туризм;Событийный;1273;Международный фестиваль «Минута для будущего» в рамках празднования Дня Байкала;Иркутск;0;1;События_туристические_учтены_места_проведения.csv;Не определен;1;52,286737;104,281224;1;Point;
г. Иркутск,  остров Юность;Событийный туризм;Событийный;1274;Международный фестиваль «Минута для будущего» в рамках празднования Дня Байкала;Иркутск;0;1;События_туристические_учтены_места_проведения.csv;Не определен;1;52,271725;104,276402;1;Point;
г. Иркутск,  площадки в округах;Событийный туризм;Событийный;1260;День города Иркутска;Иркутск;0;1;События_туристические_учтены_места_проведения.csv;Не определен;1;52,287649;104,263152;1;Point;
г. Иркутск,  площадки в округах;Событийный туризм;Событийный;1276;Международный фестиваль «Минута для будущего» в рамках празднования Дня Байкала;Иркутск;0;1;События_туристические_учтены_места_проведения.csv;Не определен;1;52,287649;104,263152;1;Point;
г. Иркутск,  центральные улицы города;Событийный туризм;Событийный;1275;Международный фестиваль «Минута для будущего» в рамках празднования Дня Байкала;Иркутск;0;1;События_туристические_учтены_места_проведения.csv;Не определен;1;52,324608;104,205678;1;Point;
г. Иркутск, Арт-завод «Доренберг» ;Событийный туризм;Событийный;1227;Иркутский чемпионат бариста;Иркутск;0;1;События_туристические_учтены_места_проведения.csv;Не определен;1;52,295801;104,30601;1;Point;
г. Иркутск, Выставочный комплекс «Сибэкспоцентр»;Событийный туризм;Событийный;1224;VII сибирский робототехническ ий фестиваль «РобоСиб»;Иркутск;0;1;События_туристические_учтены_места_проведения.csv;Не определен;1;52,25643;104,353625;1;Point;
г. Иркутск, Выставочный комплекс «Сибэкспоцентр»;Событийный туризм;Событийный;1290;Байкальский   ювелирный   салон;Иркутск;0;1;События_туристические_учтены_места_проведения.csv;Не определен;1;52,25643;104,353625;1;Point;
г. Иркутск, Выставочный комплекс «Сибэкспоцентр»;Событийный туризм;Событийный;1291;Выставка «Мир стиля и красоты»;Иркутск;0;1;События_туристические_учтены_места_проведения.csv;Не определен;1;52,25643;104,353625;1;Point;
г. Иркутск, Дом Волконских  ;Событийный туризм;Событийный;1253;Выставка «История музея декабристов», посвященная 50летнему юбилею музея ;Иркутск;0;1;События_туристические_учтены_места_проведения.csv;Не определен;1;52,287651;104,304887;1;Point;
г. Иркутск, Дом Волконских  ;Событийный туризм;Событийный;1292;Декабристские вечера;Иркутск;0;1;События_туристические_учтены_места_проведения.csv;Не определен;1;52,287651;104,304887;1;Point;
г. Иркутск, Иордань на заливе Якоби;Событийный туризм;Событийный;1223;Праздник Крещения;Иркутск;0;1;События_туристические_учтены_места_проведения.csv;Не определен;1;52,226922;104,316413;1;Point;
г. Иркутск, Концертные и театральные площадки города;Событийный туризм;Событийный;1238;«Весенняя капель» - фестиваль детского и юношеского творчества;Иркутск;0;1;События_туристические_учтены_места_проведения.csv;Не определен;1;52,274595;104,291874;1;Point;
г. Иркутск, Мкр.Солнечный, парк «Солнечная дорога»;Событийный туризм;Событийный;1256;«Открытая вода» - фестиваль;Иркутск;0;1;События_туристические_учтены_места_проведения.csv;Не определен;1;52,252751;104,365802;1;Point;
г. Иркутск, Отдел Ледокол «Ангара» Иркутского областного краеведческого музея, пр. маршала Жукова, 36А/1 ;Событийный туризм;Событийный;1268;Празднование 120-летия спуска на воду ледокола «Ангара»;Иркутск;0;1;События_туристические_учтены_места_проведения.csv;Не определен;1;52,250143;104,343884;1;Point;
г. Иркутск, Парк Якоби;Событийный туризм;Событийный;1228;Празднование масленицы;Иркутск;0;1;События_туристические_учтены_места_проведения.csv;Не определен;1;52,228043;104,312645;1;Point;
г. Иркутск, Площадь у памятника Александру Третьему ;Событийный туризм;Событийный;1255;День мыльных пузырей;Иркутск;0;1;События_туристические_учтены_места_проведения.csv;Не определен;1;52,275502;104,277159;1;Point;
г. Иркутск, Сквер Кирова;Событийный туризм;Событийный;1257;День города Иркутска;Иркутск;0;1;События_туристические_учтены_места_проведения.csv;Не определен;1;52,286737;104,281224;1;Point;
г. Иркутск, Сквер Кирова ;Событийный туризм;Событийный;1293;Новогодние и Рождественские мероприятия;Иркутск;0;1;События_туристические_учтены_места_проведения.csv;Не определен;1;52,286737;104,281224;1;Point;
г. Иркутск, б-р. Гагарина (летний период);Событийный туризм;Событийный;1222;«Воскресный бульвар» - развлекательная программа;Иркутск;0;1;События_туристические_учтены_места_проведения.csv;Не определен;1;52,2789;104,27625;1;Point;
г. Иркутск, залив Якоби;Событийный туризм;Событийный;1271;Спасы медовый, яблочный, хлебный  ;Иркутск;0;1;События_туристические_учтены_места_проведения.csv;Не определен;1;52,229266;104,320276;1;Point;
г. Иркутск, площадь у Дворца спорта «Труд» ;Событийный туризм;Событийный;1234;«Навруз»;Иркутск;0;1;События_туристические_учтены_места_проведения.csv;Не определен;1;52,276927;104,283565;1;Point;
г. Иркутск, ул. Байкальская, 32, Иркутский областной театр кукол «Аистенок»;Событийный туризм;Событийный;1242;Областной Пасхальный фестиваль «Пасхальная радость»;Иркутск;0;1;События_туристические_учтены_места_проведения.csv;Не определен;1;52,275449;104,303004;1;Point;
г. Иркутск, ул. Дек.Событий, 102, Танцевальный зал МБУК «ГТК «Любимовка»  (зимний период);Событийный туризм;Событийный;1221;«Воскресный бульвар» - развлекательная программа;Иркутск;0;1;События_туристические_учтены_места_проведения.csv;Не определен;1;52,279904;104,313159;1;Point;
г. Иркутск, ул. Декабрьских Событий, 102;Событийный туризм;Событийный;1284;V фестиваль резных деревянных изделий «Звёздная Ладья»;Иркутск;0;1;События_туристические_учтены_места_проведения.csv;Не определен;1;52,279908;104,313557;1;Point;
г. Иркутск, ул. Декабрьских Событий, 102;Событийный туризм;Событийный;1240;«Пасхальная седмица»;Иркутск;0;1;События_туристические_учтены_места_проведения.csv;Не определен;1;52,279908;104,313557;1;Point;
г. Иркутск, ул. Декабрьских Событий, 102;Событийный туризм;Событийный;1294;Новогодние и Рождественские мероприятия;Иркутск;0;1;События_туристические_учтены_места_проведения.csv;Не определен;1;52,279908;104,313557;1;Point;
г. Иркутск, ул. Декабрьских Событий, 102;Событийный туризм;Событийный;1263;Празднование Дня Троицы;Иркутск;0;1;События_туристические_учтены_места_проведения.csv;Не определен;1;52,279908;104,313557;1;Point;
г. Иркутск, ул. Декабрьских Событий, 102, МБУК «Музей истории г. Иркутска им. А.М. Сибирякова»;Событийный туризм;Событийный;1250;«Ночь в музее» - акция, посвященная Всемирному Дню музеев ;Иркутск;0;1;События_туристические_учтены_места_проведения.csv;Не определен;1;52,280269;104,312373;1;Point;
г. Иркутск, ул. Декабрьских Событий, 77, МБУК «Музей истории г. Иркутска им. А.М. Сибирякова»;Событийный туризм;Событийный;1249;«Ночь в музее» - акция, посвященная Всемирному Дню музеев ;Иркутск;0;1;События_туристические_учтены_места_проведения.csv;Не определен;1;52,286013;104,304103;1;Point;
г. Иркутск, ул. Карла Маркса, 13, Выставочный отдел «Музейная студия» Иркутского областного краеведческого музея;Событийный туризм;Событийный;1289;Всероссийская акция «Ночь искусств»;Иркутск;0;1;События_туристические_учтены_места_проведения.csv;Не определен;1;52,281685;104,284299;1;Point;
г. Иркутск, ул. Некрасова, 2;Событийный туризм;Событийный;1225;Международный ART-фестиваль «Vivat, талант!» ;Иркутск;0;1;События_туристические_учтены_места_проведения.csv;Не определен;1;52,288266;104,283095;1;Point;
г. Иркутск, центральные улицы города;Событийный туризм;Событийный;1259;День города Иркутска;Иркутск;0;1;События_туристические_учтены_места_проведения.csv;Не определен;1;52,324608;104,205678;1;Point;
г.Иркутск;Событийный туризм;Событийный;1232;Областной межнациональный турнир по татарской борьбе КОРЭШ;Иркутск;0;1;События_туристические_учтены_места_проведения.csv;Не определен;1;52,289588;104,280606;1;Point;
г.Иркутск;Событийный туризм;Событийный;1252;Эвенкийский новогодний  праздник «Икэнипкэ»;Иркутск;0;1;События_туристические_учтены_места_проведения.csv;Не определен;1;52,289588;104,280606;1;Point;
Иркутская область, Архитектурноэтнографический музей «Ангарская деревня им. О.Леонова» ;Событийный туризм;Событийный;1189;«Масленица раздольная»;Иркутский;0;1;События_туристические_учтены_места_проведения.csv;Не определен;1;51,998172;104,66891;1;Point;
Иркутский р-н, п. Молодежный, р. Ангара, залив Топка;Событийный туризм;Событийный;1226;Лыжня России;Иркутский;0;1;События_туристические_учтены_места_проведения.csv;Не определен;1;52,338882;104,315382;1;Point;
Россия, Иркутский район, п. Молодежный, река Ангара, залив Топка;Событийный туризм;Событийный;1206;БАМ Анга+A2:D17ра SKI;Иркутский;0;1;События_туристические_учтены_места_проведения.csv;Не определен;1;52,338882;104,315382;1;Point;
Иркутская область, Слюдянский район, г. Слюдянка, оз. Байкал;Событийный туризм;Событийный;1137;«Хрустальный конёк» соревнования по конькобежному спорту на приз Байкальского Деда Мороза;Ольхонский;0;1;События_туристические_учтены_места_проведения.csv;Не определен;1;53,405332;107,673058;1;Point;
Иркутская область, г. Саянск, Городская площадь;Событийный туризм;Событийный;1176;«Праздничная программа, посвященная;Саянск;0;1;События_туристические_учтены_места_проведения.csv;Не определен;1;54,11081;102,180139;1;Point;
Иркутская область, г. Саянск, Городская площадь;Событийный туризм;Событийный;1179;Комплекс мероприятий, посвященных празднованию Дня города;Саянск;0;1;События_туристические_учтены_места_проведения.csv;Не определен;1;54,11081;102,180139;1;Point;
Иркутская область, г. Саянск, ДК «Юность»;Событийный туризм;Событийный;1175;Региональный фестиваль хореографии «В вихре танца»;Саянск;0;1;События_туристические_учтены_места_проведения.csv;Не определен;1;54,105972;102,161859;1;Point;
Иркутская область, г. Саянск, ДК «юность»;Событийный туризм;Событийный;1178;Открытый фестиваль хоровых коллективов «Капель весенних голосов»;Саянск;0;1;События_туристические_учтены_места_проведения.csv;Не определен;1;54,105972;102,161859;1;Point;
Иркутская область, г. Саянск, Снежный городок;Событийный туризм;Событийный;1177;Открытый региональный фестиваль скульптур «ДОБРОДЕЛ»;Саянск;0;1;События_туристические_учтены_места_проведения.csv;Не определен;1;54,156382;102,192968;1;Point;
Иркутская область, Слюдянский район,  г.Слюдянка ;Событийный туризм;Событийный;1142;Байкал шлеп тур;Слюдянский;0;1;События_туристические_учтены_места_проведения.csv;Не определен;1;51,656501;103,718845;1;Point;
Иркутская область, Слюдянский район, г. Слюдянка;Событийный туризм;Событийный;1155;360 минут ради Байкала;Слюдянский;0;1;События_туристические_учтены_места_проведения.csv;Не определен;1;51,656501;103,718845;1;Point;
Иркутская область, Слюдянский район, г. Слюдянка;Событийный туризм;Событийный;1139;«Лыжня Байкала -2018»;Слюдянский;0;1;События_туристические_учтены_места_проведения.csv;Не определен;1;51,656501;103,718845;1;Point;
Иркутская область, Слюдянский район, г. Слюдянка;Событийный туризм;Событийный;1156;День Рождение Байкальского Деда Мороза;Слюдянский;0;1;События_туристические_учтены_места_проведения.csv;Не определен;1;51,656501;103,718845;1;Point;
Иркутская область, Слюдянский район, г. Слюдянка;Событийный туризм;Событийный;1148;День города Слюдянки, День железнодорожника ;Слюдянский;0;1;События_туристические_учтены_места_проведения.csv;Не определен;1;51,656501;103,718845;1;Point;
Иркутская область, Слюдянский район, г. Слюдянка;Событийный туризм;Событийный;1150;Именины Ероши – символа тропы на пик Черского;Слюдянский;0;1;События_туристические_учтены_места_проведения.csv;Не определен;1;51,656501;103,718845;1;Point;
Иркутская область, Слюдянский район, г. Слюдянка;Событийный туризм;Событийный;1140;Ледовые автогонки «Байкал -2018»;Слюдянский;0;1;События_туристические_учтены_места_проведения.csv;Не определен;1;51,656501;103,718845;1;Point;
Иркутская область, Слюдянский район, г. Слюдянка;Событийный туризм;Событийный;1147;Открытый гастрономический фестиваль национальной кухни Восточной Сибири «Байкальский вкус»;Слюдянский;0;1;События_туристические_учтены_места_проведения.csv;Не определен;1;51,656501;103,718845;1;Point;
Иркутская область, Слюдянский район, г. Слюдянка ;Событийный туризм;Событийный;1135;Новый год на Байкале;Слюдянский;0;1;События_туристические_учтены_места_проведения.csv;Не определен;1;51,656501;103,718845;1;Point;
Иркутская область, Слюдянский район, г. Слюдянка, пик Черского;Событийный туризм;Событийный;1149;Скайраннинг – этап кубка России по бегу в гору;Слюдянский;0;1;События_туристические_учтены_места_проведения.csv;Не определен;1;51,515983;103,626489;1;Point;
Иркутская область, Слюдянский район, г.Слюдянка, парк «Прибрежный»;Событийный туризм;Событийный;1138;«Широкая масленица на Байкале» проводы зимы;Слюдянский;0;1;События_туристические_учтены_места_проведения.csv;Не определен;1;51,656501;103,718845;1;Point;
Иркутская область, Слюдянский район, с. Утулик;Событийный туризм;Событийный;1153;Марафон «Энергия Байкала»;Слюдянский;0;1;События_туристические_учтены_места_проведения.csv;Не определен;1;51,544396;104,056692;1;Point;
Иркутская область, Слюдянский район, ст.Шарыжалгай;Событийный туризм;Событийный;1141;Байкал шлеп тур;Слюдянский;0;1;События_туристические_учтены_места_проведения.csv;Не определен;1;51,750377;103,98171;1;Point;
Иркутская область, г. Байкальск;Событийный туризм;Событийный;1152;Марафон «Энергия Байкала»;Слюдянский;0;1;События_туристические_учтены_места_проведения.csv;Не определен;1;51,522664;104,148877;1;Point;
Иркутская область, г. Слюдянка;Событийный туризм;Событийный;1151;Марафон «Энергия Байкала»;Слюдянский;0;1;События_туристические_учтены_места_проведения.csv;Не определен;1;51,656501;103,718845;1;Point;
Озеро Байкал, п. Старая Ангасолка;Событийный туризм;Событийный;1209;«BAIKAL ICE TRAIL»;Слюдянский;0;1;События_туристические_учтены_места_проведения.csv;Не определен;1;51,732224;103,829697;1;Point;
Иркутская область, Черемховский район;Событийный туризм;Событийный;1158;Душа нации;Черемховский;0;1;События_туристические_учтены_места_проведения.csv;Не определен;1;52,772205;102,282196;1;Point;
Иркутская область, Черемховский район;Событийный туризм;Событийный;1159;Ждет в гости Вас православный Спас;Черемховский;0;1;События_туристические_учтены_места_проведения.csv;Не определен;1;52,772205;102,282196;1;Point;
Иркутская область, Черемховский район, с. Бельск;Событийный туризм;Событийный;1157;Тур выходного дня «Мы бережно храним Сибирские ремесла»;Черемховский;0;1;События_туристические_учтены_места_проведения.csv;Не определен;1;52,872649;103,077798;1;Point;
Иркутская область, г. Свирск;Событийный туризм;Событийный;1185;Ледовый переход;Черемховский;0;1;События_туристические_учтены_места_проведения.csv;Не определен;1;53,066572;103,342253;1;Point;
Иркутская область, г. Свирск;Событийный туризм;Событийный;1184;Фестиваль «Свирский пельмень»;Черемховский;0;1;События_туристические_учтены_места_проведения.csv;Не определен;1;53,066572;103,342253;1;Point;
"Иркутская область, г. Свирск, ДК ""Русь""";Событийный туризм;Событийный;1183;Межмуниципальный фестиваль народного творчества «Алмазные грани»;Черемховский;0;1;События_туристические_учтены_места_проведения.csv;Не определен;1;53,076113;103,338438;1;Point;
Иркутская область, г. Свирск, берег Ангары;Событийный туризм;Событийный;1180;Открытое первенство города Свирска по подледной ловле рыбы;Черемховский;0;1;События_туристические_учтены_места_проведения.csv;Не определен;1;53,066572;103,342253;1;Point;
Иркутская область, г. Черемхово;Событийный туризм;Событийный;1174;Межрегиональный фестиваль провинциальных театров «Театральная провинция»;Черемховский;0;1;События_туристические_учтены_места_проведения.csv;Не определен;1;53,137327;103,089377;1;Point;
Иркутская область, г. Черемхово Парк культуры и отдыха   ;Событийный туризм;Событийный;1167;Детский День города;Черемховский;0;1;События_туристические_учтены_места_проведения.csv;Не определен;1;53,13673;103,076941;1;Point;
Иркутская область, г. Черемхово, Музей истории города Черемхово ;Событийный туризм;Событийный;1160;«Сибирский тракт» -экскурсионная программа;Черемховский;0;1;События_туристические_учтены_места_проведения.csv;Не определен;1;53,13796;103,087671;1;Point;
Иркутская область, г. Черемхово, парк культуры и отдыха ;Событийный туризм;Событийный;1169;Конкурс «Бэби Старт – Будущее Черемхово»;Черемховский;0;1;События_туристические_учтены_места_проведения.csv;Не определен;1;53,13673;103,076941;1;Point;
Иркутская область, г. Черемхово, парк культуры и отдыха ;Событийный туризм;Событийный;1168;Открытый фестиваль национальных культур «Радуга дружбы»;Черемховский;0;1;События_туристические_учтены_места_проведения.csv;Не определен;1;53,13673;103,076941;1;Point;
Иркутская область, г. Черемхово, парк культуры и отдыха ;Событийный туризм;Событийный;1164;Фестиваль «Молодежь зажигает!»;Черемховский;0;1;События_туристические_учтены_места_проведения.csv;Не определен;1;53,13673;103,076941;1;Point;
Иркутская область, г. Черемхово, площадь  Ленина ;Событийный туризм;Событийный;1161;Праздник Масленицы;Черемховский;0;1;События_туристические_учтены_места_проведения.csv;Не определен;1;53,137322;103,08935;1;Point;
Иркутская область, г. Черемхово, площадь ДК им. Горького  ;Событийный туризм;Событийный;1172;Рок-фестиваль «Playinq live souninq».;Черемховский;0;1;События_туристические_учтены_места_проведения.csv;Не определен;1;53,116736;103,153626;1;Point;
Иркутская область, г. Черемхово, площадь у памятника А.С. Пушкину  ;Событийный туризм;Событийный;1163;«Лето. Солнце. Пушкин» - пушкинский день в России;Черемховский;0;1;События_туристические_учтены_места_проведения.csv;Не определен;1;53,140296;103,075911;1;Point;
Иркутская область, г. Черемхово, стадион «Шахтер» ;Событийный туризм;Событийный;1165;Фестиваль молодых  семей «FamilyFest»;Черемховский;0;1;События_туристические_учтены_места_проведения.csv;Не определен;1;53,13883;103,076409;1;Point;
Иркутская область, Ангарский р-н, Пойма реки Китой;Событийный туризм;Событийный;1212;Чемпионат и первенство Сибирского Федерального округа «Мотокросс»;не обнаружено;0;1;События_туристические_учтены_места_проведения.csv;Не определен;1;52,092924;102,489384;1;Point;
Станция «Огоньки» Восточно-Сибирской железной дороги Ирк. Область;Событийный туризм;Событийный;1210;Стройкомплекс БАМ «RussiaLoppet»;не обнаружено;0;1;События_туристические_учтены_места_проведения.csv;Не определен;1;;;1;;
Иркутская область, г. Ангарск, ул. Алешина, микрорайон 31;Культурно-познавательный туризм;Культурно-познавательный;1077;Скульптурно-архитектурная композиция «Дождливое такси»;Ангарский;1;1;Памятники Здания_координаты.xlsx;;1;52,521404;103,845201;1;Point;
Иркутская область, г. Ангарск, Квартал 188, дом 17;Культурно-познавательный туризм;Культурно-познавательный;1061;Мозаичное панно «Торжество социализма»;Ангарский;1;1;Памятники Здания_координаты.xlsx;Памятники, исторические здания;1;52,507819;103,835815;1;Point;
Иркутская область, г. Ангарск, Квартал 188, дом 4;Культурно-познавательный туризм;Культурно-познавательный;1064;Мозаичное панно «Старая Сибирь»;Ангарский;1;1;Памятники Здания_координаты.xlsx;Памятники, исторические здания;1;52,54729;103,884904;1;Point;
Иркутская область, г. Ангарск, Квартал 188, дом 6;Культурно-познавательный туризм;Культурно-познавательный;1059;Мозаичное панно «Для блага человека»;Ангарский;1;1;Памятники Здания_координаты.xlsx;Памятники, исторические здания;1;52,54729;103,884904;1;Point;
Иркутская область, г. Ангарск, квартал 6, Центральная площадь города;Культурно-познавательный туризм;Культурно-познавательный;1090;Памятник Владимиру Ильичу Ленину;Ангарский;1;1;Памятники Здания_координаты.xlsx;Памятники, исторические здания;1;52,544625;103,88795;1;Point;
Иркутская область, г. Ангарск, квартал 64, перекрёсток ул. Глинки и ул. Московской;Культурно-познавательный туризм;Культурно-познавательный;1089;Монумент «Дружба народов»;Ангарский;1;1;Памятники Здания_координаты.xlsx;Памятники, исторические здания;1;52,541997;103,882045;1;Point;
Иркутская область, г. Братск, ул. В. Синицы, д. 9;Культурно-познавательный туризм;Культурно-познавательный;1023;Мемориальная доска Василию Михайловичу Синице;Братск;1;1;Памятники Здания_координаты.xlsx;;1;56,163023;101,614985;1;Point;
Иркутская область, г. Братск, ул. Наймушина;Культурно-познавательный туризм;Культурно-познавательный;1020;Стела и мемориальная доска Ивану Ивановичу Наймушину;Братск;1;1;Памятники Здания_координаты.xlsx;;1;56,31098;101,749766;1;Point;
Иркутская область, г. Братск, ул. Наймушина, д. 40;Культурно-познавательный туризм;Культурно-познавательный;1021;Мемориальная доска Антону Герасимовичу Галину;Братск;1;1;Памятники Здания_координаты.xlsx;;1;56,156996;101,593279;1;Point;
Иркутская область, г. Братск, ул. Хабарова, д. 7;Культурно-познавательный туризм;Культурно-познавательный;1027;Мемориальная доска Ерофею Павловичу Хабарову;Братск;1;1;Памятники Здания_координаты.xlsx;;1;56,163023;101,614985;1;Point;
Иркутская область, г. Братск, школа No 13;Культурно-познавательный туризм;Культурно-познавательный;1032;Мемориальная доска Идашину Владимиру Михайловичу;Братск;1;1;Памятники Здания_координаты.xlsx;;1;56,163023;101,614985;1;Point;
Иркутская область, г. Ангарск;Культурно-познавательный туризм;Культурно-познавательный;1084;Скульптурная композиция Святым благоверным «Петру и Февронии Муромским»;Иркутск;1;1;Памятники Здания_координаты.xlsx;;1;52,291274;104,280875;1;Point;
Иркутская область, г. Ангарск, Квартал 182, дом 13;Культурно-познавательный туризм;Культурно-познавательный;1063;Мозаичное панно «Революция»;Иркутск;1;1;Памятники Здания_координаты.xlsx;Памятники, исторические здания;1;52,275811;104,306797;1;Point;
г. Иркутск;Культурно-познавательный туризм;Культурно-познавательный;1133;Историко-архитектурный комплекс «Дом Европы»;Иркутск;1;1;Памятники Здания_координаты.xlsx;Памятники, исторические здания;1;52,286116;104,304565;1;Point;
г. Иркутск;Культурно-познавательный туризм;Культурно-познавательный;1107;Памятник русско-японской дружбы;Иркутск;1;1;Памятники Здания_координаты.xlsx;Памятники, исторические здания;1;52,285345;104,2781;1;Point;
г. Иркутск, бульвар Гагарина;Культурно-познавательный туризм;Культурно-познавательный;1098;Памятник императору Александру III;Иркутск;1;1;Памятники Здания_координаты.xlsx;Памятники, исторические здания;1;52,275502;104,277159;1;Point;
г. Иркутск, ул. Ленина, д. 5;Культурно-познавательный туризм;Культурно-познавательный;1105;Художественный музей им. В.П. Сукачева;Иркутск;1;1;Памятники Здания_координаты.xlsx;Памятники, исторические здания;1;52,284293;104,287374;1;Point;
г. Иркутск, ул. Сухэ-Батора, д. 2;Культурно-познавательный туризм;Культурно-познавательный;1123;Спасская церковь;Иркутск;1;1;Памятники Здания_координаты.xlsx;Памятники, исторические здания, святыни и храмы;1;52,291117;104,281304;1;Point;
г. Иркутск, ул.5 армии, д. 59;Культурно-познавательный туризм;Культурно-познавательный;1128;Харлампиевский Михайло-Архангельский храм;Иркутск;1;1;Памятники Здания_координаты.xlsx;Памятники, исторические здания, святыни и храмы;1;52,281465;104,277489;1;Point;
Иркутская область, г. Ангарск, перекрёсток Московского тракта и улицы Ленина;Культурно-познавательный туризм;Культурно-познавательный;1088;Стела «Ангарск – город, рождённый Победой» ;Усольский;1;1;Памятники Здания_координаты.xlsx;Памятники, исторические здания;1;52,559315;103,855071;1;Point;
665717, г. Братск, ул. Комсомольская, 38, а/я 844;Культурно-познавательный туризм;Культурно-познавательный;2475;Ангарская деревня, филиал МБУК «Братский городской объединенный музей истории освоения Ангары» ;Братск;1;1;Унифицированный_туристский_паспорт_Иркутской_области_2019_50.xlsx;Музей;1;56,159704;101,616167;1;Point;
Иркутская обл., Зиминский р-н, с. Кимильтей, ул. Чкалова, 3;Религиозный туризм;Религиозный;2605;Свято-Никольский храм села Кимильтей;Зиминский;1;1;Унифицированный_туристский_паспорт_Иркутской_области_2019_Церкви.xlsx;Не определен;1;54,133321;101,976958;1;Point;
Иркутская обл., г. Иркутск, ул.Баррикад, д.56;Религиозный туризм;Религиозный;2589;Иркутский дацан;Иркутск;1;1;Унифицированный_туристский_паспорт_Иркутской_области_2019_Церкви.xlsx;Не определен;1;52,290981;104,330193;1;Point;
Иркутская область, г. Братск, Падунский район, парковая зона МАУК «ДДЮТ» и площадь МАУК «Дворец искусств» Правобережный район — сквер 45 квартала;Событийный туризм;Событийный;1197;День молодежи;Братск;1;1;События_туристические_учтены_места_проведения.csv;Не определен;1;56,302355;101,755014;1;Point;
Г. Иркутск, ул.Халтурина, 3, Городской выставочный центр имени В.С. Рогаля;Событийный туризм;Событийный;1264;X Международный фестиваль современного искусства «Перворыба»;Иркутск;1;1;События_туристические_учтены_места_проведения.csv;Не определен;1;52,289413;104,287338;1;Point;
ГБУК ИОГУНБ, ул. Лермонтова, 253;Событийный туризм;Событийный;1233;Международный фестиваль «Книгамарт»;Иркутск;1;1;События_туристические_учтены_места_проведения.csv;Не определен;1;52,251276;104,267475;1;Point;
г. Иркутск;Событийный туризм;Событийный;1245;Областной фестиваль студенческого творчества «Студенческая весна»;Иркутск;1;1;События_туристические_учтены_места_проведения.csv;Не определен;1;52,289588;104,280606;1;Point;
г. Иркутск,  Выставочный комплекс «Сибэкспоцентр»;Событийный туризм;Событийный;1279;Выставка  SIBWOODEXPO;Иркутск;1;1;События_туристические_учтены_места_проведения.csv;Не определен;1;52,25643;104,353625;1;Point;
г. Иркутск, Выставочный комплекс «Сибэкспоцентр»;Событийный туризм;Событийный;1280;Байкальский международный экологический водный форум;Иркутск;1;1;События_туристические_учтены_места_проведения.csv;Не определен;1;52,25643;104,353625;1;Point;
г. Иркутск, Выставочный комплекс «Сибэкспоцентр»;Событийный туризм;Событийный;1236;Международная туристическая выставка «БАЙКАЛТУР»;Иркутск;1;1;События_туристические_учтены_места_проведения.csv;Не определен;1;52,25643;104,353625;1;Point;
г. Иркутск, Дом ремёсел и фольклора;Событийный туризм;Событийный;1229;Празднование масленицы;Иркутск;1;1;События_туристические_учтены_места_проведения.csv;Не определен;1;52,280269;104,312373;1;Point;
г. Иркутск, остров Юность;Событийный туризм;Событийный;1258;День города Иркутска;Иркутск;1;1;События_туристические_учтены_места_проведения.csv;Не определен;1;52,271725;104,276402;1;Point;
г. Иркутск, площадь у ДС «Труд»;Событийный туризм;Событийный;1230;Празднование масленицы;Иркутск;1;1;События_туристические_учтены_места_проведения.csv;Не определен;1;52,276927;104,283565;1;Point;
г. Иркутск, ул. Декабрьских Событий, 102;Событийный туризм;Событийный;1269;Спасы медовый, яблочный, хлебный  ;Иркутск;1;1;События_туристические_учтены_места_проведения.csv;Не определен;1;52,279908;104,313557;1;Point;
г. Иркутск, ул. Дзержинского, 2, Иркутская областная филармония, Концертный зал ;Событийный туризм;Событийный;1251;Международный фестиваль оперной музыки «Дыхание Байкала»;Иркутск;1;1;События_туристические_учтены_места_проведения.csv;Не определен;1;52,278016;104,285322;1;Point;
г. Иркутск, ул. Ленина, 23, Иркутский областной театр юного зрителя им. А. Вампилова, основная сцена;Событийный туризм;Событийный;1241;Областной Пасхальный фестиваль «Пасхальная радость»;Иркутск;1;1;События_туристические_учтены_места_проведения.csv;Не определен;1;52,277537;104,285267;1;Point;
г. Иркутск, ул. Ленина, 48,  ДС «Труд»;Событийный туризм;Событийный;1283;Международный турнир по боевому самбо «Кубок Байкала»;Иркутск;1;1;События_туристические_учтены_места_проведения.csv;Не определен;1;52,276927;104,283565;1;Point;
г. Иркутск, ул. Седова, 29, Иркутский областной музыкальный театр им. Н.М. Загурского;Событийный туризм;Событийный;1244;Международный фестиваль джазовой музыки «Джаз на Байкале»;Иркутск;1;1;События_туристические_учтены_места_проведения.csv;Не определен;1;52,274595;104,291874;1;Point;
г. Иркутск, ул. Франк-Каменецкого, 16 а, МБУК «Музей истории г. Иркутска им. А.М. Сибирякова»;Событийный туризм;Событийный;1247;«Ночь в музее» - акция, посвященная Всемирному Дню музеев ;Иркутск;1;1;События_туристические_учтены_места_проведения.csv;Не определен;1;52,290715;104,296381;1;Point;
г.Иркутск;Событийный туризм;Событийный;1231;Гала-концерт, посвященный празднованию Сагаалгана ;Иркутск;1;1;События_туристические_учтены_места_проведения.csv;Не определен;1;52,289588;104,280606;1;Point;
г.Иркутск;Событийный туризм;Событийный;1266;Этнофестиваль «Купалье на Ангаре»;Иркутск;1;1;События_туристические_учтены_места_проведения.csv;Не определен;1;52,289588;104,280606;1;Point;
Иркутская область, Слюдянский район, г. Слюдянка;Событийный туризм;Событийный;1145;Региональный турнир по боксу класса «Б» «Слюдянский ринг»;Слюдянский;1;1;События_туристические_учтены_места_проведения.csv;Не определен;1;51,656501;103,718845;1;Point;
Иркутская область, Слюдянский район, г. Слюдянка;Событийный туризм;Событийный;1143;Чемпионат Сибирского Федерального округа по горным гонкам «Байкал2018» - этап кубка России;Слюдянский;1;1;События_туристические_учтены_места_проведения.csv;Не определен;1;51,656501;103,718845;1;Point;
Иркутская область, Слюдянский район, г. Слюдянка ;Событийный туризм;Событийный;1136;«Ледяная сказка Байкала» фестиваль зимних волшебников;Слюдянский;1;1;События_туристические_учтены_места_проведения.csv;Не определен;1;51,656501;103,718845;1;Point;
Иркутская область, г. Свирск;Событийный туризм;Событийный;1181;Культурно-туристский событийный фестиваль «Апельсин»;Черемховский;1;1;События_туристические_учтены_места_проведения.csv;Не определен;1;53,066572;103,342253;1;Point;
Иркутская область, г. Черемхово, парк культуры и отдыха ;Событийный туризм;Событийный;1162;«Черемховский бит» - фестиваль электронной музыки;Черемховский;1;1;События_туристические_учтены_места_проведения.csv;Не определен;1;53,13673;103,076941;1;Point;
Иркутская область, г. Черемхово, стадион «Шахтер» ;Событийный туризм;Событийный;1166;Спортивные мероприятия, посвящённые Дню физкультурника ;Черемховский;1;1;События_туристические_учтены_места_проведения.csv;Не определен;1;53,13883;103,076409;1;Point;
192-й кв-л, 8, Ангарск, Иркутская обл., 665816 ;Активный туризм;Активный;2460;Ледовый дворец спорта «Ермак»;Ангарский;2;0;Спортивные_объекты_зимние_охотничьи.xlsx;Ледовый дворец спорта;0;52,504968;103,839399;1;Point;619
г. Иркутск, ул. Карла Маркса, 12;Активный туризм;Активный;2458;Стадион «Труд»;Иркутск;2;0;Спортивные_объекты_зимние_охотничьи.xlsx;Стадион;0;52,276988;104,283427;1;Point;640
Иркутская область, г. Ангарск, Квартал 182, дом 14;Культурно-познавательный туризм;Культурно-познавательный;1062;Мозаичное панно «Пролетариат»;Ангарский;2;0;Памятники Здания_координаты.xlsx;Памятники, исторические здания;0;52,54729;103,884904;1;Point;1059
Иркутская область, г. Ангарск, Квартал 188, дом 16;Культурно-познавательный туризм;Культурно-познавательный;1068;Мозаичное панно «Воин-победитель»;Ангарский;2;0;Памятники Здания_координаты.xlsx;Памятники, исторические здания;0;52,507397;103,835123;1;Point;1061
Иркутская область, г. Ангарск, Квартал 188, дом 2;Культурно-познавательный туризм;Культурно-познавательный;1066;Мозаичное панно «Новая Сибирь»;Ангарский;2;0;Памятники Здания_координаты.xlsx;Памятники, исторические здания;0;52,54729;103,884904;1;Point;1064
Иркутская область, г. Братск, школа No 38;Культурно-познавательный туризм;Культурно-познавательный;1043;Мемориальная доска военнослужащим Орлову Андрею Владимировичу, Вобликову Сергею Ивановичу, Шамарданову Михаилу Владимировичу;Братск;2;0;Памятники Здания_координаты.xlsx;;0;56,283556;101,887046;1;Point;985
Иркутская область, г. Братск, ул. Иванова;Культурно-познавательный туризм;Культурно-познавательный;1013;Мемориальная доска  Виктору Викторовичу Иванову;Братск;2;0;Памятники Здания_координаты.xlsx;;0;56,163023;101,614985;1;Point;987
Иркутская область, г. Братск, ул. Наймушина, д. 4;Культурно-познавательный туризм;Культурно-познавательный;1022;Мемориальная доска;Братск;2;0;Памятники Здания_координаты.xlsx;;0;56,310938;101,749614;1;Point;1020
Иркутская область, г. Братск, ул. Сластенко;Культурно-познавательный туризм;Культурно-познавательный;1024;Мемориальная доска Николаю Терентьевичу Сластенко;Братск;2;0;Памятники Здания_координаты.xlsx;;0;56,156996;101,593279;1;Point;1021
Иркутская область, г. Братск, ул. Наймушина, д. 5 а;Культурно-познавательный туризм;Культурно-познавательный;1025;Мемориальная доска Геннадиию Павловичу Михасенко;Братск;2;0;Памятники Здания_координаты.xlsx;;0;56,163023;101,614985;1;Point;1023
Иркутская область, г. Братск, ул. Гиндина, д. 2/1;Культурно-познавательный туризм;Культурно-познавательный;1030;Мемориальная доска Арону Марковичу Гиндину;Братск;2;0;Памятники Здания_координаты.xlsx;;0;56,163023;101,614985;1;Point;1027
Иркутская область, г. Братск, ул. Сосновая, д. 5 а;Культурно-познавательный туризм;Культурно-познавательный;1044;Мемориальная доска Щербашину Юрию Анатольевичу;Братск;2;0;Памятники Здания_координаты.xlsx;;0;56,163023;101,614985;1;Point;1032
Иркутская область, г. Братск, кладбище;Культурно-познавательный туризм;Культурно-познавательный;1039;Обелиск на могиле партизана Василия Ивановича Орлова;Иркутск;2;0;Памятники Здания_координаты.xlsx;;0;52,286118;104,255547;1;Point;995
г. Иркутск, ул. Карла Маркса;Культурно-познавательный туризм;Культурно-познавательный;1101;Драматический теат им, Н.П. Охлопкова;Иркутск;2;0;Памятники Здания_координаты.xlsx;Памятники, исторические здания;0;52,277443;104,281842;1;Point;696
Иркутская область, г. Ангарск, Квартал 188, дом 15;Культурно-познавательный туризм;Культурно-познавательный;1065;Мозаичное панно «Космонавт»;Иркутск;2;0;Памятники Здания_координаты.xlsx;Памятники, исторические здания;0;52,275811;104,306797;1;Point;1063
г. Иркутск, ул. Карла Либкнехта, д. 86;Культурно-познавательный туризм;Культурно-познавательный;1131;Иркутская соборная мечеть;Иркутск;2;0;Памятники Здания_координаты.xlsx;Памятники, исторические здания, святыни и храмы;0;52,281419;104,305943;1;Point;899
665717, г. Братск, ул. Гидростроителей 54;Культурно-познавательный туризм;Культурно-познавательный;2474;Музей истории Братскгэсстроя и г. Братска, филиал МБУК «Братский городской объединенный музей истории освоения Ангары» ;Братск;2;0;Унифицированный_туристский_паспорт_Иркутской_области_2019_50.xlsx;Музей;0;56,291319;101,726247;1;Point;1480
665717, г. Братск, ул. Комсомольская, 38, а/я 844;Культурно-познавательный туризм;Культурно-познавательный;2476;Художественный выставочный зал, филиал МБУК «Братский городской объединенный музей истории освоения Ангары» ;Братск;2;0;Унифицированный_туристский_паспорт_Иркутской_области_2019_50.xlsx;Музей;0;56,159704;101,616167;1;Point;2475
666322, п. Залари, ул. Ленина, 76;Культурно-познавательный туризм;Культурно-познавательный;2480;МБУК «Заларинский районный краеведческий музей» Филиал: 1.В д. Тагна;Заларинский;2;0;Унифицированный_туристский_паспорт_Иркутской_области_2019_50.xlsx;Музей;0;53,553603;102,497639;1;Point;357
664026, г. Иркутск, ул. Бабушкина, д.1;Культурно-познавательный туризм;Культурно-познавательный;2521;Арт-галерея современного искусства «LeART Gallery»;Иркутск;2;0;Унифицированный_туристский_паспорт_Иркутской_области_2019_50.xlsx;Музей;0;52,289202;104,294404;1;Point;115
664047, г. Иркутск, ул. Седова, д. 40 ул. Партизанская 56, цокольный эт.;Культурно-познавательный туризм;Культурно-познавательный;2520;Арт-галерея «DiaS»;Иркутск;2;0;Унифицированный_туристский_паспорт_Иркутской_области_2019_50.xlsx;Музей;0;52,273312;104,292078;1;Point;116
664007, г. Иркутск, ул. Декабрьских Событий, 77;Культурно-познавательный туризм;Культурно-познавательный;2484;Музей городского быта, филиал МБУК «Музей истории города Иркутска им. А.М. Сибирякова»;Иркутск;2;0;Унифицированный_туристский_паспорт_Иркутской_области_2019_50.xlsx;Музей;0;52,286046;104,304007;1;Point;1133
664025, Российская Федерация, г. Иркутск, ул. Ленина, д. 5;Культурно-познавательный туризм;Культурно-познавательный;2463;ГБУК Иркутский областной художественный музей им. В.П. Сукачева;Иркутск;2;0;Унифицированный_туристский_паспорт_Иркутской_области_2019_50.xlsx;Музей;0;52,283958;104,281442;1;Point;1376
664003, Российская Федерация, г. Иркутск, ул. Карла Маркса, д. 2;Культурно-познавательный туризм;Культурно-познавательный;2462;ГАУК Иркутский областной краеведческий музей;Иркутск;2;0;Унифицированный_туристский_паспорт_Иркутской_области_2019_50.xlsx;Музей;0;52,275753;104,278163;1;Point;1378
664003, г. Иркутск, ул. Октябрьской Революции, 3;Культурно-познавательный туризм;Культурно-познавательный;2522;Иркутская галерея Виктора Бронштейна;Иркутск;2;0;Унифицированный_туристский_паспорт_Иркутской_области_2019_50.xlsx;Музей;0;52,290386;104,302426;1;Point;1385
664009, г. Иркутск, ул. Култукская, 46;Культурно-познавательный туризм;Культурно-познавательный;2528;Музей лекарственных трав и минералов;Иркутск;2;0;Унифицированный_туристский_паспорт_Иркутской_области_2019_50.xlsx;Музей;0;52,284194;104,330292;1;Point;1409
664011, г. Иркутск, ул. Халтурина, 3;Культурно-познавательный туризм;Культурно-познавательный;2483;Городской Выставочный зал им. В.С. Рогаля, филиал МБУК «Музей истории города Иркутска им. А.М. Сибирякова»;Иркутск;2;0;Унифицированный_туристский_паспорт_Иркутской_области_2019_50.xlsx;Музей;0;52,289428;104,287299;1;Point;1448
664012 г. Иркутск, ул. Байкальская, 30-А;Культурно-познавательный туризм;Культурно-познавательный;2531;Иркутская зоогалерея;Иркутск;2;0;Унифицированный_туристский_паспорт_Иркутской_области_2019_50.xlsx;Музей;0;52,2762;104,302876;1;Point;1499
664541, с. Оёк Иркутского района, ул. Кирова, 91 «Д»;Культурно-познавательный туризм;Культурно-познавательный;2508;Музей истории села Оёк МУ СКСК Оёкского МО;Иркутский;2;0;Унифицированный_туристский_паспорт_Иркутской_области_2019_50.xlsx;Музей;0;52,585387;104,453793;1;Point;367
666610, п. Ербогачен Катангского района, ул. Шишкова, 1;Культурно-познавательный туризм;Культурно-познавательный;2478;МКУК «Районный краеведческий музей им. В.Я.Шишкова»;Катангский;2;0;Унифицированный_туристский_паспорт_Иркутской_области_2019_50.xlsx;Музей;0;61,273029;108,00265;1;Point;159
666811, п. Мама, ул. Советская, 27»А»;Культурно-познавательный туризм;Культурно-познавательный;2512;МКУК Краеведческий музей, пос. Мама;Мамско-Чуйский;2;0;Унифицированный_туристский_паспорт_Иркутской_области_2019_50.xlsx;Музей;0;58,30988;112,908511;1;Point;125
665106, г. Нижнеудинск, ул. Ленина, 27, а/я 10;Культурно-познавательный туризм;Культурно-познавательный;2491;МБУК «Музейно-культурный центр», г. Нижнеудинск;Нижнеудинский;2;0;Унифицированный_туристский_паспорт_Иркутской_области_2019_50.xlsx;Музей;0;54,906756;99,032819;1;Point;1613
669401, п. Новонукутский Нукутского района ул. Ленина, 23;Культурно-познавательный туризм;Культурно-познавательный;2504;МКУК «Новонукутский краеведческий музей»;Нукутский;2;0;Унифицированный_туристский_паспорт_Иркутской_области_2019_50.xlsx;Музей;0;53,699744;102,704773;1;Point;189
666130, с. Еланцы Ольхонского района, ул. Пенкальского,8;Культурно-познавательный туризм;Культурно-познавательный;2511;Еланцинский историко-краеведческий музей структурное подразделение МКУК ЦДБ;Ольхонский;2;0;Унифицированный_туристский_паспорт_Иркутской_области_2019_50.xlsx;Музей;0;52,798054;106,400181;1;Point;395
666137, с. Хужир Ольхонского района, ул. Первомайская, 2;Культурно-познавательный туризм;Культурно-познавательный;2515;«Краеведческий музей имени Н.М.Ревякина» МКУК «Центр культуры Хужирского МО»;Ольхонский;2;0;Унифицированный_туристский_паспорт_Иркутской_области_2019_50.xlsx;Музей;0;53,194583;107,338346;1;Point;1625
675268, г. Тулун, ул. Советская, 15;Культурно-познавательный туризм;Культурно-познавательный;2493;МБУК «Краеведческий музей им. П.Ф.Гущина»;Тулун;2;0;Унифицированный_туристский_паспорт_Иркутской_области_2019_50.xlsx;Музей;0;54,557188;100,573969;1;Point;1471
666784, г. Усть-Кут, ул. Реброва-Денисова, 7А;Культурно-познавательный туризм;Культурно-познавательный;2497;МБУК  «Усть-Кутский исторический музей» УКМО;Усть-Кутский;2;0;Унифицированный_туристский_паспорт_Иркутской_области_2019_50.xlsx;Музей;0;56,779629;105,748984;1;Point;1439
666350, п. Усть-Уда, ул. Советская, 3 ;Культурно-познавательный туризм;Культурно-познавательный;2510;«Усть-Удинский районный краеведческий музей» структурное подразделение МБУК«МЦБ Усть- Удинского района им. В.Г.Распутина»;Усть-Удинский;2;0;Унифицированный_туристский_паспорт_Иркутской_области_2019_50.xlsx;Музей;0;54,179192;103,021465;1;Point;163
665448, п. Михайловка, ул. Советская, 10;Культурно-познавательный туризм;Культурно-познавательный;2498;МКУК «Историко-краеведческий музей Черемховского района»;Черемховский;2;0;Унифицированный_туристский_паспорт_Иркутской_области_2019_50.xlsx;Музей;0;52,955894;103,291022;1;Point;1407
Иркутская обл., г. Братск, ул. Мира, 32;Религиозный туризм;Религиозный;2601;Храм Рождества Христова;Братск;2;0;Унифицированный_туристский_паспорт_Иркутской_области_2019_Церкви.xlsx;Не определен;0;56,155633;101,624135;1;Point;2320
Иркутская обл., г. Иркутск, ул. 5-й Армии, 59;Религиозный туризм;Религиозный;2574;Харлампиевский МихайлоАрхангельский Храм;Иркутск;2;0;Унифицированный_туристский_паспорт_Иркутской_области_2019_Церкви.xlsx;Не определен;0;52,281445;104,277408;1;Point;1128
Иркутская обл., г. Иркутск, ул. Борцов Революции, 15;Религиозный туризм;Религиозный;2585;Церковь Входа Господня в Иерусалим;Иркутск;2;0;Унифицированный_туристский_паспорт_Иркутской_области_2019_Церкви.xlsx;Не определен;0;52,276938;104,297351;1;Point;2243
Иркутская обл., г. Иркутск ,ул. Седова, 1.;Религиозный туризм;Религиозный;2568;Церковь Воздвижения Честного и Животворящего Креста Господня (Крестовоздвиженский храм);Иркутск;2;0;Унифицированный_туристский_паспорт_Иркутской_области_2019_Церкви.xlsx;Не определен;0;52,27636;104,288377;1;Point;2244
Иркутская обл., г. Иркутск, ул. Ангарская, 14;Религиозный туризм;Религиозный;2566;Знаменский Женский монтастырь;Иркутск;2;0;Унифицированный_туристский_паспорт_Иркутской_области_2019_Церкви.xlsx;Не определен;0;52,30067;104,294476;1;Point;2246
Иркутская обл., г. Иркутск, ул. Карла Либкнехта, 23;Религиозный туризм;Религиозный;2572;Синагога;Иркутск;2;0;Унифицированный_туристский_паспорт_Иркутской_области_2019_Церкви.xlsx;Не определен;0;52,286525;104,296704;1;Point;2249
ул. Сухэ-Батора, 1А, Иркутск;Религиозный туризм;Религиозный;2564;Собор Богоявления Господня;Иркутск;2;0;Унифицированный_туристский_паспорт_Иркутской_области_2019_Церкви.xlsx;Не определен;0;52,29227;104,282583;1;Point;2250
Иркутская обл., г. Иркутск, пер. Волконского, 1а,;Религиозный туризм;Религиозный;2575;Храм Преображения Господня;Иркутск;2;0;Унифицированный_туристский_паспорт_Иркутской_области_2019_Церкви.xlsx;Не определен;0;52,287709;104,303684;1;Point;2251
Иркутская обл., г. Иркутск, ул. Баррикад, 34/1;Религиозный туризм;Религиозный;2567;Храм Иконы Казанской Божьей Матери;Иркутск;2;0;Унифицированный_туристский_паспорт_Иркутской_области_2019_Церкви.xlsx;Не определен;0;52,292226;104,31671;1;Point;2252
Иркутская обл., г. Иркутск, ул.Профсоюзная, 45А;Религиозный туризм;Религиозный;2580;Николо-Иннокентьевский Храм г. Иркутска;Иркутск;2;0;Унифицированный_туристский_паспорт_Иркутской_области_2019_Церкви.xlsx;Не определен;0;52,280404;104,259226;1;Point;2253
Иркутская обл., г. Иркутск, ул. Декабрьских событий, 3;Религиозный туризм;Религиозный;2578;Церковь Владимирской иконы Божией Матери;Иркутск;2;0;Унифицированный_туристский_паспорт_Иркутской_области_2019_Церкви.xlsx;Не определен;0;52,292364;104,288494;1;Point;2258
Иркутская обл., Иркутск, Каштаковская улица, 52;Религиозный туризм;Религиозный;2591;Князь-Владимирская церковь;Иркутск;2;0;Унифицированный_туристский_паспорт_Иркутской_области_2019_Церкви.xlsx;Не определен;0;52,297464;104,333823;1;Point;2261
Иркутская обл., г. Иркутск, ул. Грибоедова,  110;Религиозный туризм;Религиозный;2576;Собор Непорочного Сердца Божией Матери;Иркутск;2;0;Унифицированный_туристский_паспорт_Иркутской_области_2019_Церкви.xlsx;Не определен;0;52,262802;104,257205;1;Point;2266
Иркутская обл., г. Иркутск, ул. Карла Либкнехта, 86;Религиозный туризм;Религиозный;2571;Иркутская соборная мечеть;Иркутск;2;0;Унифицированный_туристский_паспорт_Иркутской_области_2019_Церкви.xlsx;Не определен;0;52,281352;104,305822;1;Point;2274
Иркутская обл., г. Иркутск, ул. 5-й Армии, 8;Религиозный туризм;Религиозный;2577;Свято-Троицкий Храм;Иркутск;2;0;Унифицированный_туристский_паспорт_Иркутской_области_2019_Церкви.xlsx;Не определен;0;52,285456;104,270464;1;Point;2303
Иркутская обл., г. Иркутск, ул. Полярная, 98;Религиозный туризм;Религиозный;2588;Храм Успения Божией Матери;Иркутск;2;0;Унифицированный_туристский_паспорт_Иркутской_области_2019_Церкви.xlsx;Не определен;0;52,32768;104,267949;1;Point;2305
Иркутская обл., г. Иркутск, ул.Академика Образцова, 27а;Религиозный туризм;Религиозный;2587;Храм Великомученика и Целителя Пантелеимона;Иркутск;2;0;Унифицированный_туристский_паспорт_Иркутской_области_2019_Церкви.xlsx;Не определен;0;52,334218;104,204007;1;Point;2352
Иркутская обл., г. Иркутск, ул. Якоби, 3;Религиозный туризм;Религиозный;2582;Храм Александра Невского;Иркутск;2;0;Унифицированный_туристский_паспорт_Иркутской_области_2019_Церкви.xlsx;Не определен;0;52,22947;104,311787;1;Point;2354
Иркутская обл., г. Шелехов, микрорайон Центральный,1;Религиозный туризм;Религиозный;2603;Храм святых апостолов Петра и Павла;Шелеховский;2;0;Унифицированный_туристский_паспорт_Иркутской_области_2019_Церкви.xlsx;Не определен;0;52,211959;104,072548;1;Point;2272
г. Иркутск, ул. Декабрьских Событий, 102;Событийный туризм;Событийный;1262;Празднование Дня Троицы;Иркутск;2;0;События_туристические_учтены_места_проведения.csv;Не определен;0;52,279908;104,313557;1;Point;1229
г. Иркутск, Площадь перед Дворцом спорта «Труд»;Событийный туризм;Событийный;1281;Фестиваль – праздник урожая Чусок (Кимчи);Иркутск;2;0;События_туристические_учтены_места_проведения.csv;Не определен;0;52,276927;104,283565;1;Point;1230
г.Иркутск;Событийный туризм;Событийный;1235;Фестиваль улигершинов;Иркутск;2;0;События_туристические_учтены_места_проведения.csv;Не определен;0;52,289588;104,280606;1;Point;1231
г. Иркутск, ГБУК ИОГУНБ ул. Лермонтова, 253;Событийный туризм;Событийный;1246;Областной фестиваль «Дни славянской письменности и культуры»;Иркутск;2;0;События_туристические_учтены_места_проведения.csv;Не определен;0;52,251276;104,267475;1;Point;1233
г. Иркутск, Выставочный комплекс «Сибэкспоцентр»;Событийный туризм;Событийный;1254;Выставка «Индустрия красоты»;Иркутск;2;0;События_туристические_учтены_места_проведения.csv;Не определен;0;52,25643;104,353625;1;Point;1236
г. Иркутск, ул. Дзержинского, 2, Концертный зал, Иркутская областная филармония;Событийный туризм;Событийный;1243;Областной Пасхальный фестиваль «Пасхальная радость»;Иркутск;2;0;События_туристические_учтены_места_проведения.csv;Не определен;0;52,278016;104,285322;1;Point;1241
г. Иркутск, ул. Седова, 29, Иркутский областной музыкальный театр им. Н.М. Загурского;Событийный туризм;Событийный;1277;Международный фестиваль академической музыки «Звезды на Байкале»;Иркутск;2;0;События_туристические_учтены_места_проведения.csv;Не определен;0;52,274595;104,291874;1;Point;1244
г.Иркутск;Событийный туризм;Событийный;1267;Всероссийский фестиваль красок;Иркутск;2;0;События_туристические_учтены_места_проведения.csv;Не определен;0;52,289588;104,280606;1;Point;1245
г. Иркутск,  ул. Халтурина, 3, МБУК «Музей истории г. Иркутска им. А.М. Сибирякова» ;Событийный туризм;Событийный;1248;«Ночь в музее» - акция, посвященная Всемирному Дню музеев ;Иркутск;2;0;События_туристические_учтены_места_проведения.csv;Не определен;0;52,290715;104,296381;1;Point;1247
г. Иркутск, ул. Дзержинского, 2, Иркутская областная филармония, Концертный зал ;Событийный туризм;Событийный;1278;Международный фестиваль академической музыки «Звезды на Байкале»;Иркутск;2;0;События_туристические_учтены_места_проведения.csv;Не определен;0;52,278016;104,285322;1;Point;1251
г. Иркутск, Сквер Кирова | г. Иркутск, остров Юность | г. Иркутск, центральные улицы города | г. Иркутск,  площадки в округах;Событийный туризм;Событийный;1261;День города Иркутска;Иркутск;2;0;События_туристические_учтены_места_проведения.csv;Не определен;0;52,271463;104,277328;1;Point;1258
г. Иркутск, ул. Халтурина, 3;Событийный туризм;Событийный;1265;X Международный фестиваль современного искусства «Перворыба»;Иркутск;2;0;События_туристические_учтены_места_проведения.csv;Не определен;0;52,289428;104,287299;1;Point;1264
г.Иркутск;Событийный туризм;Событийный;1282;Фестиваль «Ночь Ёхора на Ангаре»;Иркутск;2;0;События_туристические_учтены_места_проведения.csv;Не определен;0;52,289588;104,280606;1;Point;1266
г. Иркутск, Площадь Конституции;Событийный туризм;Событийный;1270;Спасы медовый, яблочный, хлебный  ;Иркутск;2;0;События_туристические_учтены_места_проведения.csv;Не определен;0;52,280779;104,313341;1;Point;1269
г. Иркутск, Выставочный комплекс «Сибэкспоцентр»;Событийный туризм;Событийный;1288;Выставка «Сибздравоохран ение»;Иркутск;2;0;События_туристические_учтены_места_проведения.csv;Не определен;0;52,25643;104,353625;1;Point;1279
г. Иркутск, Выставочный комплекс «Сибэкспоцентр»;Событийный туризм;Событийный;1287;Байкальский международный салон образования;Иркутск;2;0;События_туристические_учтены_места_проведения.csv;Не определен;0;52,25643;104,353625;1;Point;1280
г. Иркутск,   ул. Ленина, 48,  ДС «Труд»  ;Событийный туризм;Событийный;1286;Чемпионат мира по бильярдному спорту;Иркутск;2;0;События_туристические_учтены_места_проведения.csv;Не определен;0;52,276927;104,283565;1;Point;1283
Иркутская область, Слюдянский район, г. Слюдянка;Событийный туризм;Событийный;1146;Открытый фестиваль-конкурс «Волна Байкала»;Слюдянский;2;0;События_туристические_учтены_места_проведения.csv;Не определен;0;51,656501;103,718845;1;Point;1136
Иркутская область, Слюдянский район, г. Слюдянка;Событийный туризм;Событийный;1144;Региональный турнир по самбо «Кубок полковников»;Слюдянский;2;0;События_туристические_учтены_места_проведения.csv;Не определен;0;51,656501;103,718845;1;Point;1143
Иркутская область, Слюдянский район, г. Слюдянка;Событийный туризм;Событийный;1154;Кубок главы Слюдянского муниципального образования по футболу среди команд мальчиков;Слюдянский;2;0;События_туристические_учтены_места_проведения.csv;Не определен;0;51,656501;103,718845;1;Point;1145
Иркутская область, г. Черемхово, парк культуры и отдыха ;Событийный туризм;Событийный;1171;«Черёмуховый фестиваль»;Черемховский;2;0;События_туристические_учтены_места_проведения.csv;Не определен;0;53,13673;103,076941;1;Point;1162
Иркутская область, г. Черемхово, стадион «Шахтер» ;Событийный туризм;Событийный;1170;Спортивные мероприятия, посвящённые Дню города ;Черемховский;2;0;События_туристические_учтены_места_проведения.csv;Не определен;0;53,13883;103,076409;1;Point;1166
Иркутская область, г. Свирск;Событийный туризм;Событийный;1182;Культурно-туристский событийный фестиваль «Апельсин»;Черемховский;2;0;События_туристические_учтены_места_проведения.csv;Не определен;0;53,066572;103,342253;1;Point;1181
